product_code	name	vendor_code	color	purchase_price	cup_type	price	photo	sizes	stock
A20	Трусики еротичні "Лілія", різні кольори. Код: А20		різні кольори	80		210	Нет фото	розовий, бордо, білий	3
A69	Еротичний набір бордо, S, M, L, XL. Код: А69	#27/13	бордо	285		699	https://raw.githubusercontent.com/Richy5959/lastochka_phono/main/catalog_photos/data/6 - erotic/51-100/A69_0.jpg, https://raw.githubusercontent.com/Richy5959/lastochka_phono/main/catalog_photos/data/6 - erotic/51-100/A69_1.jpg	L/XL бордо	1
A166	Сексуальний комплект з вишивкою, S. Код: А166		мікс кольорів	412		980	https://raw.githubusercontent.com/Richy5959/lastochka_phono/main/catalog_photos/data/6 - erotic/151-200/166_0.jpg, https://raw.githubusercontent.com/Richy5959/lastochka_phono/main/catalog_photos/data/6 - erotic/151-200/166_1.jpg, https://raw.githubusercontent.com/Richy5959/lastochka_phono/main/catalog_photos/data/6 - erotic/151-200/166_2.jpg, https://raw.githubusercontent.com/Richy5959/lastochka_phono/main/catalog_photos/data/6 - erotic/151-200/166_3.jpg	S	1
A170	Еротичний комплект кольору ізумруд, L. Код: А170		зелений	240		700	https://raw.githubusercontent.com/Richy5959/lastochka_phono/main/catalog_photos/data/6 - erotic/151-200/170_0.jpg, https://raw.githubusercontent.com/Richy5959/lastochka_phono/main/catalog_photos/data/6 - erotic/151-200/170_1.jpg, https://raw.githubusercontent.com/Richy5959/lastochka_phono/main/catalog_photos/data/6 - erotic/151-200/170_2.jpg, https://raw.githubusercontent.com/Richy5959/lastochka_phono/main/catalog_photos/data/6 - erotic/151-200/170_3.jpg	L	1
A183	Еротичний комплект у сітку. Код: А183	#9046-1, 9046-2	чорний, червоний	112.24		350	https://raw.githubusercontent.com/Richy5959/lastochka_phono/main/catalog_photos/data/6 - erotic/151-200/183_0.jpg, https://raw.githubusercontent.com/Richy5959/lastochka_phono/main/catalog_photos/data/6 - erotic/151-200/183_1.jpg, https://raw.githubusercontent.com/Richy5959/lastochka_phono/main/catalog_photos/data/6 - erotic/151-200/183_2.jpg, https://raw.githubusercontent.com/Richy5959/lastochka_phono/main/catalog_photos/data/6 - erotic/151-200/183_3.jpg	чорний, червоний	2
A195	Червоні еротичні колготки з доступом. Код: А195	#5024	червоний	118.82		250	https://raw.githubusercontent.com/Richy5959/lastochka_phono/main/catalog_photos/data/6 - erotic/151-200/195_0.jpg, https://raw.githubusercontent.com/Richy5959/lastochka_phono/main/catalog_photos/data/6 - erotic/151-200/195_1.jpg, https://raw.githubusercontent.com/Richy5959/lastochka_phono/main/catalog_photos/data/6 - erotic/151-200/195_2.jpg	червоний	1
A206	Боді сітка на тіло. Код: А206090	#8836	чорний	153.07		320	https://raw.githubusercontent.com/Richy5959/lastochka_phono/main/catalog_photos/data/6 - erotic/201-250/206_1507_0.jpg, https://raw.githubusercontent.com/Richy5959/lastochka_phono/main/catalog_photos/data/6 - erotic/201-250/206_1507_1.jpg, https://raw.githubusercontent.com/Richy5959/lastochka_phono/main/catalog_photos/data/6 - erotic/201-250/206_1507_2.jpg, https://raw.githubusercontent.com/Richy5959/lastochka_phono/main/catalog_photos/data/6 - erotic/201-250/206_1507_3.jpg	чорний	1
A206	Боді на тіло. Код: А206306	# W306	чорний	153.07		320	https://raw.githubusercontent.com/Richy5959/lastochka_phono/main/catalog_photos/data/6 - erotic/201-250/206_1507_0.jpg, https://raw.githubusercontent.com/Richy5959/lastochka_phono/main/catalog_photos/data/6 - erotic/201-250/206_1507_1.jpg, https://raw.githubusercontent.com/Richy5959/lastochka_phono/main/catalog_photos/data/6 - erotic/201-250/206_1507_2.jpg, https://raw.githubusercontent.com/Richy5959/lastochka_phono/main/catalog_photos/data/6 - erotic/201-250/206_1507_3.jpg	чорний	1
A206	Боді на тіло еротичне. Код: А206829	# W829	чорний	153.07		320	https://raw.githubusercontent.com/Richy5959/lastochka_phono/main/catalog_photos/data/6 - erotic/201-250/206_1507_0.jpg, https://raw.githubusercontent.com/Richy5959/lastochka_phono/main/catalog_photos/data/6 - erotic/201-250/206_1507_1.jpg, https://raw.githubusercontent.com/Richy5959/lastochka_phono/main/catalog_photos/data/6 - erotic/201-250/206_1507_2.jpg, https://raw.githubusercontent.com/Richy5959/lastochka_phono/main/catalog_photos/data/6 - erotic/201-250/206_1507_3.jpg	чорний	1
A208	Трусики еротичні з доступом. Код: А208	#6030-1,6030-4	розовий	42.86		100	https://raw.githubusercontent.com/Richy5959/lastochka_phono/main/catalog_photos/data/6 - erotic/201-250/208_0.jpg, https://raw.githubusercontent.com/Richy5959/lastochka_phono/main/catalog_photos/data/6 - erotic/201-250/208_1.jpg	розовий	1
A212	Еротичний набір. Код: А212	#3030-1, 3030-2	червоний	224.48		520	https://raw.githubusercontent.com/Richy5959/lastochka_phono/main/catalog_photos/data/6 - erotic/201-250/212_0.jpg, https://raw.githubusercontent.com/Richy5959/lastochka_phono/main/catalog_photos/data/6 - erotic/201-250/212_1.jpg, https://raw.githubusercontent.com/Richy5959/lastochka_phono/main/catalog_photos/data/6 - erotic/201-250/212_2.jpg, https://raw.githubusercontent.com/Richy5959/lastochka_phono/main/catalog_photos/data/6 - erotic/201-250/212_3.jpg, https://raw.githubusercontent.com/Richy5959/lastochka_phono/main/catalog_photos/data/6 - erotic/201-250/212_4.jpg, https://raw.githubusercontent.com/Richy5959/lastochka_phono/main/catalog_photos/data/6 - erotic/201-250/212_5.jpg, https://raw.githubusercontent.com/Richy5959/lastochka_phono/main/catalog_photos/data/6 - erotic/201-250/212_6.jpg	червоний	1
A213	Комплект еротичний L. Код: А213	#1718-2, 1718-3	червоний	196.42		390	https://raw.githubusercontent.com/Richy5959/lastochka_phono/main/catalog_photos/data/6 - erotic/201-250/213_0.jpg, https://raw.githubusercontent.com/Richy5959/lastochka_phono/main/catalog_photos/data/6 - erotic/201-250/213_1.jpg	L червоний	1
A214	Еротичні трусики з бусинами. Код: А214	#3991-1, 3991-2	чорний, червоний	47.14		180	https://raw.githubusercontent.com/Richy5959/lastochka_phono/main/catalog_photos/data/6 - erotic/201-250/214_0.jpg, https://raw.githubusercontent.com/Richy5959/lastochka_phono/main/catalog_photos/data/6 - erotic/201-250/214_1.jpg, https://raw.githubusercontent.com/Richy5959/lastochka_phono/main/catalog_photos/data/6 - erotic/201-250/214_2.jpg, https://raw.githubusercontent.com/Richy5959/lastochka_phono/main/catalog_photos/data/6 - erotic/201-250/214_3.jpg	чорний, червоний	2
A217	Чоловічі стрінги із вирізом. Код: А217	#1206-4, 1206-6	чорний, червоний	33.11		85	https://raw.githubusercontent.com/Richy5959/lastochka_phono/main/catalog_photos/data/6 - erotic/201-250/217_0.jpg, https://raw.githubusercontent.com/Richy5959/lastochka_phono/main/catalog_photos/data/6 - erotic/201-250/217_1.jpg	чорний, червоний	2
К104	Панчохи еротичні. Код: К104	#2127	чорний	132		250	https://raw.githubusercontent.com/Richy5959/lastochka_phono/main/catalog_photos/data/10 - chulki/K104.jpg	чорний	1
К106	Панчохи еротичні. Код: К106	#2078	чорно-червоний	182		300	https://raw.githubusercontent.com/Richy5959/lastochka_phono/main/catalog_photos/data/10 - chulki/K106.jpg	чорно-червоний	1
К109	Панчохи еротичні. Код: К109	#2025	білий	132		250	https://raw.githubusercontent.com/Richy5959/lastochka_phono/main/catalog_photos/data/10 - chulki/K109.jpg	білий	1
К110	Панчохи еротичні. Код: К110	#2014	червоний	145		290	https://raw.githubusercontent.com/Richy5959/lastochka_phono/main/catalog_photos/data/10 - chulki/K110.jpg	червоний	1
К114	Панчохи еротичні. Код: К114	#2154	чорний	180		340	https://raw.githubusercontent.com/Richy5959/lastochka_phono/main/catalog_photos/data/10 - chulki/114.jpg	чорний	1
К115	Панчохи еротичні. Код: К115	#2115	чорний	130		270	https://raw.githubusercontent.com/Richy5959/lastochka_phono/main/catalog_photos/data/10 - chulki/115.jpg	чорний	1
К116	Панчохи еротичні. Код: К116	#2132	чорний, червоний	180		360	https://raw.githubusercontent.com/Richy5959/lastochka_phono/main/catalog_photos/data/10 - chulki/116.jpg	чорний, червоний	2
К117	Чулки еротичні. Код: К117	#2015	чорно-червоний	145		290	https://raw.githubusercontent.com/Richy5959/lastochka_phono/main/catalog_photos/data/10 - chulki/117.jpg	чорно-червоний	1
К124	Чулки еротичні. Код: К124	#2072	чорний, червоний	180		360	https://raw.githubusercontent.com/Richy5959/lastochka_phono/main/catalog_photos/data/10 - chulki/K124.jpg	чорний, червоний	2
К125	Чулки еротичні. Код: К125	#4185	чорний	160		320	https://raw.githubusercontent.com/Richy5959/lastochka_phono/main/catalog_photos/data/10 - chulki/K125.jpg	чорний	1
A156	Настільна гра "Ті + Я" для двох 18+. Код: А156			400		420	https://raw.githubusercontent.com/Richy5959/lastochka_phono/main/catalog_photos/data/6 - erotic/151-200/156_0.jpg, https://raw.githubusercontent.com/Richy5959/lastochka_phono/main/catalog_photos/data/6 - erotic/151-200/156_1.jpg, https://raw.githubusercontent.com/Richy5959/lastochka_phono/main/catalog_photos/data/6 - erotic/151-200/156_2.jpg	1 шт	1
A158	Мотузка для BDSM ігор 10 метрів. Код: А158		чорний	170		170	https://raw.githubusercontent.com/Richy5959/lastochka_phono/main/catalog_photos/data/6 - erotic/151-200/158.jpg	1 шт	1
A159	Пестіси (наліпки на грудях) чорні. Код: А159		чорний	15		60	https://raw.githubusercontent.com/Richy5959/lastochka_phono/main/catalog_photos/data/6 - erotic/151-200/159_0.jpg, https://raw.githubusercontent.com/Richy5959/lastochka_phono/main/catalog_photos/data/6 - erotic/151-200/159_1.jpg	1 пара	1
A162	Паддл чорно-червоний для BDSM ігор. Код: А162	#5413	чорний	121.5		280	https://raw.githubusercontent.com/Richy5959/lastochka_phono/main/catalog_photos/data/6 - erotic/151-200/162.jpg, https://raw.githubusercontent.com/Richy5959/lastochka_phono/main/catalog_photos/data/6 - erotic/151-200/162_12.jpg, https://raw.githubusercontent.com/Richy5959/lastochka_phono/main/catalog_photos/data/6 - erotic/151-200/162_13.jpg, https://raw.githubusercontent.com/Richy5959/lastochka_phono/main/catalog_photos/data/6 - erotic/151-200/162_6.jpg, https://raw.githubusercontent.com/Richy5959/lastochka_phono/main/catalog_photos/data/6 - erotic/151-200/162_7.jpg, https://raw.githubusercontent.com/Richy5959/lastochka_phono/main/catalog_photos/data/6 - erotic/151-200/162_8.jpg	XOXO, Slave	2
A173	Чоловіча шляпа циліндр високий. Код: А173	#15-230-L	чорний	345		400	https://raw.githubusercontent.com/Richy5959/lastochka_phono/main/catalog_photos/data/6 - erotic/151-200/173_1.jpg, https://raw.githubusercontent.com/Richy5959/lastochka_phono/main/catalog_photos/data/6 - erotic/151-200/173_2.jpg, https://raw.githubusercontent.com/Richy5959/lastochka_phono/main/catalog_photos/data/6 - erotic/151-200/173_3.jpg	1 шт	1
A174	Жіноча карнавальна маска "Леді Х". Код: А174	#16-372	чорний	65		120	https://raw.githubusercontent.com/Richy5959/lastochka_phono/main/catalog_photos/data/6 - erotic/151-200/174.jpg	1 шт	1
A175	Чоловіча карнавальна маска "Містер Х". Код: А175	#13-632	чорний	85		120	https://raw.githubusercontent.com/Richy5959/lastochka_phono/main/catalog_photos/data/6 - erotic/151-200/175.jpg	1 шт	1
A176	Брошка-шпилька "Кармен" 20 см. Код: А176	#19-874	червоний	225		300	https://raw.githubusercontent.com/Richy5959/lastochka_phono/main/catalog_photos/data/6 - erotic/151-200/176.jpg	1 шт	1
A178	Кляп. Код: А178	#5425-1	чорно-червоний	123.46		250	https://raw.githubusercontent.com/Richy5959/lastochka_phono/main/catalog_photos/data/6 - erotic/151-200/178_0.jpg, https://raw.githubusercontent.com/Richy5959/lastochka_phono/main/catalog_photos/data/6 - erotic/151-200/178_1.jpg, https://raw.githubusercontent.com/Richy5959/lastochka_phono/main/catalog_photos/data/6 - erotic/151-200/178_2.jpg	1 шт	1
A181	Свічі низькотемпературні. Код: А181	#5510	мікс кольорів	139.15		270	https://raw.githubusercontent.com/Richy5959/lastochka_phono/main/catalog_photos/data/6 - erotic/151-200/181_0.jpg, https://raw.githubusercontent.com/Richy5959/lastochka_phono/main/catalog_photos/data/6 - erotic/151-200/181_1.jpg, https://raw.githubusercontent.com/Richy5959/lastochka_phono/main/catalog_photos/data/6 - erotic/151-200/181_2.jpg, https://raw.githubusercontent.com/Richy5959/lastochka_phono/main/catalog_photos/data/6 - erotic/151-200/181_3.jpg	1 набір	1
A182	Наручники для рольових ігор. Код: А182	#5404-1, 5404-2	чорний	87.7		220	https://raw.githubusercontent.com/Richy5959/lastochka_phono/main/catalog_photos/data/6 - erotic/151-200/182_0.jpg, https://raw.githubusercontent.com/Richy5959/lastochka_phono/main/catalog_photos/data/6 - erotic/151-200/182_1.jpg, https://raw.githubusercontent.com/Richy5959/lastochka_phono/main/catalog_photos/data/6 - erotic/151-200/182_2.jpg, https://raw.githubusercontent.com/Richy5959/lastochka_phono/main/catalog_photos/data/6 - erotic/151-200/182_3.jpg	чорні	1
A189	Чокер на шию. Код: А189		чорний	142		300	https://raw.githubusercontent.com/Richy5959/lastochka_phono/main/catalog_photos/data/6 - erotic/151-200/189_0.jpg, https://raw.githubusercontent.com/Richy5959/lastochka_phono/main/catalog_photos/data/6 - erotic/151-200/189_1.jpg, https://raw.githubusercontent.com/Richy5959/lastochka_phono/main/catalog_photos/data/6 - erotic/151-200/189_2.jpg, https://raw.githubusercontent.com/Richy5959/lastochka_phono/main/catalog_photos/data/6 - erotic/151-200/189_3.jpg, https://raw.githubusercontent.com/Richy5959/lastochka_phono/main/catalog_photos/data/6 - erotic/151-200/189_4.jpg, https://raw.githubusercontent.com/Richy5959/lastochka_phono/main/catalog_photos/data/6 - erotic/151-200/189_5.jpg	з шипами, із тканини	2
A191	Брелок на ключі BDSM логотип триксель. Код: А191		чорний	79		120	https://raw.githubusercontent.com/Richy5959/lastochka_phono/main/catalog_photos/data/6 - erotic/151-200/191.jpg	1 шт	1
A192	Шестигранний кубик Пози для дорослих ігор. Код: А192	#0917, 0918	білий	18.5		40	https://raw.githubusercontent.com/Richy5959/lastochka_phono/main/catalog_photos/data/6 - erotic/151-200/192_0.jpg, https://raw.githubusercontent.com/Richy5959/lastochka_phono/main/catalog_photos/data/6 - erotic/151-200/192_1.jpg, https://raw.githubusercontent.com/Richy5959/lastochka_phono/main/catalog_photos/data/6 - erotic/151-200/192_2.jpg, https://raw.githubusercontent.com/Richy5959/lastochka_phono/main/catalog_photos/data/6 - erotic/151-200/192_3.jpg	білий, неон	2
A194	Маска кішки на регульованій резинці. Код: А194	#4101	чорний, бордо	164.08		280	https://raw.githubusercontent.com/Richy5959/lastochka_phono/main/catalog_photos/data/6 - erotic/151-200/194_0.jpg, https://raw.githubusercontent.com/Richy5959/lastochka_phono/main/catalog_photos/data/6 - erotic/151-200/194_1.jpg, https://raw.githubusercontent.com/Richy5959/lastochka_phono/main/catalog_photos/data/6 - erotic/151-200/194_2.jpg, https://raw.githubusercontent.com/Richy5959/lastochka_phono/main/catalog_photos/data/6 - erotic/151-200/194_3.jpg, https://raw.githubusercontent.com/Richy5959/lastochka_phono/main/catalog_photos/data/6 - erotic/151-200/194_4.jpg, https://raw.githubusercontent.com/Richy5959/lastochka_phono/main/catalog_photos/data/6 - erotic/151-200/194_5.jpg	бордо, чорний	2
A196	BDSM маски на очі. Код: А196	#5401	чорний	44.53		100	https://raw.githubusercontent.com/Richy5959/lastochka_phono/main/catalog_photos/data/6 - erotic/151-200/196.jpg	1 шт	1
A198	Флогер (батіг) для дорослих ігор. Код: А198	#5414	чорно-червоний	101.84		250	https://raw.githubusercontent.com/Richy5959/lastochka_phono/main/catalog_photos/data/6 - erotic/151-200/198.jpg, https://raw.githubusercontent.com/Richy5959/lastochka_phono/main/catalog_photos/data/6 - erotic/151-200/198_5.jpg, https://raw.githubusercontent.com/Richy5959/lastochka_phono/main/catalog_photos/data/6 - erotic/151-200/198_6.jpg	1 шт	1
A199	БДСМ затискачі для сосків. Код: А199	#5409	чорний	28.29		75	https://raw.githubusercontent.com/Richy5959/lastochka_phono/main/catalog_photos/data/6 - erotic/151-200/199_0.jpg, https://raw.githubusercontent.com/Richy5959/lastochka_phono/main/catalog_photos/data/6 - erotic/151-200/199_1.jpg, https://raw.githubusercontent.com/Richy5959/lastochka_phono/main/catalog_photos/data/6 - erotic/151-200/199_2.jpg, https://raw.githubusercontent.com/Richy5959/lastochka_phono/main/catalog_photos/data/6 - erotic/151-200/199_3.jpg, https://raw.githubusercontent.com/Richy5959/lastochka_phono/main/catalog_photos/data/6 - erotic/151-200/199_4.jpg, https://raw.githubusercontent.com/Richy5959/lastochka_phono/main/catalog_photos/data/6 - erotic/151-200/199_5.jpg	1 пара	1
A199	БДСМ затискачі для сосків на ціпку. Код: А199	#5411	чорний	36.78		75	https://raw.githubusercontent.com/Richy5959/lastochka_phono/main/catalog_photos/data/6 - erotic/151-200/199_0.jpg, https://raw.githubusercontent.com/Richy5959/lastochka_phono/main/catalog_photos/data/6 - erotic/151-200/199_1.jpg, https://raw.githubusercontent.com/Richy5959/lastochka_phono/main/catalog_photos/data/6 - erotic/151-200/199_2.jpg, https://raw.githubusercontent.com/Richy5959/lastochka_phono/main/catalog_photos/data/6 - erotic/151-200/199_3.jpg, https://raw.githubusercontent.com/Richy5959/lastochka_phono/main/catalog_photos/data/6 - erotic/151-200/199_4.jpg, https://raw.githubusercontent.com/Richy5959/lastochka_phono/main/catalog_photos/data/6 - erotic/151-200/199_5.jpg	1 пара	1
A201	Розкішна жіноча маска Кішка у стразах. Код: А201		золотий	110		340	https://raw.githubusercontent.com/Richy5959/lastochka_phono/main/catalog_photos/data/6 - erotic/201-250/201_0.jpg, https://raw.githubusercontent.com/Richy5959/lastochka_phono/main/catalog_photos/data/6 - erotic/201-250/201_1.jpg	золота	1
A205	Повідець (ошийник) для BDSM ігор. Код: А205	#4103	чорний	79.21		170	https://raw.githubusercontent.com/Richy5959/lastochka_phono/main/catalog_photos/data/6 - erotic/201-250/205.jpg	1 шт	1
A207	BDSM кляп. Код: А207	#5402	чорний	47.31		140	https://raw.githubusercontent.com/Richy5959/lastochka_phono/main/catalog_photos/data/6 - erotic/201-250/207_0.jpg	1 шт	1
A220	Бондажна стрічка для BDSM ігор. Код: А220	#5407	чорний	71.86		150	https://raw.githubusercontent.com/Richy5959/lastochka_phono/main/catalog_photos/data/6 - erotic/201-250/220.jpg	1 шт	1
Т1	Трусики від комплектів Код: Т1		різні	60		140	https://raw.githubusercontent.com/Richy5959/lastochka_phono/main/catalog_photos/data/trusy/Т1_3.jpg, https://raw.githubusercontent.com/Richy5959/lastochka_phono/main/catalog_photos/data/trusy/Т1_4.jpg, https://raw.githubusercontent.com/Richy5959/lastochka_phono/main/catalog_photos/data/trusy/Т1_5.jpg	7020, 2091, 7148	15
A177	Жіночі новорічні трусики різні. Код: А177		різні	66		130	https://raw.githubusercontent.com/Richy5959/lastochka_phono/main/catalog_photos/data/6 - erotic/151-200/177_0.jpg, https://raw.githubusercontent.com/Richy5959/lastochka_phono/main/catalog_photos/data/6 - erotic/151-200/177_1.jpg, https://raw.githubusercontent.com/Richy5959/lastochka_phono/main/catalog_photos/data/6 - erotic/151-200/177_10.jpg, https://raw.githubusercontent.com/Richy5959/lastochka_phono/main/catalog_photos/data/6 - erotic/151-200/177_2.jpg, https://raw.githubusercontent.com/Richy5959/lastochka_phono/main/catalog_photos/data/6 - erotic/151-200/177_3.jpg, https://raw.githubusercontent.com/Richy5959/lastochka_phono/main/catalog_photos/data/6 - erotic/151-200/177_4.jpg, https://raw.githubusercontent.com/Richy5959/lastochka_phono/main/catalog_photos/data/6 - erotic/151-200/177_5.jpg, https://raw.githubusercontent.com/Richy5959/lastochka_phono/main/catalog_photos/data/6 - erotic/151-200/177_6.jpg, https://raw.githubusercontent.com/Richy5959/lastochka_phono/main/catalog_photos/data/6 - erotic/151-200/177_7.jpg, https://raw.githubusercontent.com/Richy5959/lastochka_phono/main/catalog_photos/data/6 - erotic/151-200/177_8.jpg, https://raw.githubusercontent.com/Richy5959/lastochka_phono/main/catalog_photos/data/6 - erotic/151-200/177_9.jpg	1, 1, 1, 1, 1, 1, 1, 1, 1	0
Т2	Трусики бікіні Coeur Joie, S, M, L. Код: Т2	9986	черн,бел	64.8		160	https://raw.githubusercontent.com/Richy5959/lastochka_phono/main/catalog_photos/data/3 - panties/Т1-50/2_0.jpg, https://raw.githubusercontent.com/Richy5959/lastochka_phono/main/catalog_photos/data/3 - panties/Т1-50/2_1.jpg, https://raw.githubusercontent.com/Richy5959/lastochka_phono/main/catalog_photos/data/3 - panties/Т1-50/2_2.jpg, https://raw.githubusercontent.com/Richy5959/lastochka_phono/main/catalog_photos/data/3 - panties/Т1-50/2_3.jpg	б.XL, ч.S, ч.M	15
Т3	Безшовні трусики мікрофібр з V-подібною талією. Код: Т3	РД171	мол,малин,карамель	55.3		120	https://raw.githubusercontent.com/Richy5959/lastochka_phono/main/catalog_photos/data/3 - panties/Т1-50/3_20.jpg, https://raw.githubusercontent.com/Richy5959/lastochka_phono/main/catalog_photos/data/3 - panties/Т1-50/3_21.jpg, https://raw.githubusercontent.com/Richy5959/lastochka_phono/main/catalog_photos/data/3 - panties/Т1-50/3_22.jpg, https://raw.githubusercontent.com/Richy5959/lastochka_phono/main/catalog_photos/data/3 - panties/Т1-50/3_23.jpg, https://raw.githubusercontent.com/Richy5959/lastochka_phono/main/catalog_photos/data/panties/Т3.png, https://raw.githubusercontent.com/Richy5959/lastochka_phono/main/catalog_photos/data/panties/Т3_1.jpg	мол.XL, мал.S, мал.XL, мал.XL, кар.L, кар.XL	18
Т6	Набір стрінгів із 3 шт.	44757	серо-розовая клетка, белые, серо-цветастые	19.97		50	https://raw.githubusercontent.com/Richy5959/lastochka_phono/main/catalog_photos/data/panties/Т6_1.jpg	S, L	14
Т7	Набір стрінгів із 3 шт.	44758	бирюзово-полосатые, в горошек, однотонные	19.1		50	https://raw.githubusercontent.com/Richy5959/lastochka_phono/main/catalog_photos/data/panties/Т7_1.jpg	S, XL, M, M	16
Т8	Боксери чоловічі GUCCI, L, XL, 2XL. Код: Т8	C-9023 GUCCI	різні	97.39		220	https://raw.githubusercontent.com/Richy5959/lastochka_phono/main/catalog_photos/data/3 - panties/Т1-50/8_2.jpg, https://raw.githubusercontent.com/Richy5959/lastochka_phono/main/catalog_photos/data/3 - panties/Т1-50/8_3.jpg, https://raw.githubusercontent.com/Richy5959/lastochka_phono/main/catalog_photos/data/3 - panties/Т1-50/Т8.jpg	L, XL, XL, XL, L, L, L, L, XL, XL, XL	23
Т9	Трусики бікіні Coeur Joie, S, M, L. Код: Т9	2069	бордо	57.02		160	https://raw.githubusercontent.com/Richy5959/lastochka_phono/main/catalog_photos/data/3 - panties/Т1-50/9_0.jpg, https://raw.githubusercontent.com/Richy5959/lastochka_phono/main/catalog_photos/data/3 - panties/Т1-50/9_1.jpg, https://raw.githubusercontent.com/Richy5959/lastochka_phono/main/catalog_photos/data/3 - panties/Т1-50/9_2.jpg	бор.S, бор.S, бор.M, бор.M, бор.L, бор.L	18
Т10	Трусики бікіні Coeur Joie, S, M, L. Код: Т10	1907	борд,мол,пудра	47.42		180	https://raw.githubusercontent.com/Richy5959/lastochka_phono/main/catalog_photos/data/3 - panties/Т1-50/10_0.jpg, https://raw.githubusercontent.com/Richy5959/lastochka_phono/main/catalog_photos/data/3 - panties/Т1-50/10_1.jpg, https://raw.githubusercontent.com/Richy5959/lastochka_phono/main/catalog_photos/data/3 - panties/Т1-50/10_4.jpg	бор.S, бор.S, бор.L, мол.S, мол.S, мол.M, мол.M, мол.L, мол.L, пу.S, пу.S, пу.M, пу.M, пу.L, пу.L	27
Т11	Трусики у стилі Victoria's Secret, M, L, XL. Код: Т11	2082, 1232	чер,бел,марс,молоч	81		250	https://raw.githubusercontent.com/Richy5959/lastochka_phono/main/catalog_photos/data/3 - panties/Т1-50/11_0.jpg, https://raw.githubusercontent.com/Richy5959/lastochka_phono/main/catalog_photos/data/3 - panties/Т1-50/11_1.jpg, https://raw.githubusercontent.com/Richy5959/lastochka_phono/main/catalog_photos/data/3 - panties/Т1-50/11_8.jpg	салат.M, салат.XL	14
Т16	Чорні трусики ХL, 2XL, 3XL. Код: Т16	#5189	чорний	50.31		120	https://raw.githubusercontent.com/Richy5959/lastochka_phono/main/catalog_photos/data/3 - panties/Т1-50/16_20.jpg, https://raw.githubusercontent.com/Richy5959/lastochka_phono/main/catalog_photos/data/3 - panties/Т1-50/16_21.jpg	XL	13
Т18	Сексуальні бікіні трусики, M, L, XL. Код: Т18	В116	червоний, черн	77		180	https://raw.githubusercontent.com/Richy5959/lastochka_phono/main/catalog_photos/data/3 - panties/Т1-50/18_0.jpg, https://raw.githubusercontent.com/Richy5959/lastochka_phono/main/catalog_photos/data/3 - panties/Т1-50/18_1.jpg	к.XL	13
Т24	Трусики жіночі різні кольори, 2XL, 3XL, 4XL. Код: Т24	8817	різні	36		90	https://raw.githubusercontent.com/Richy5959/lastochka_phono/main/catalog_photos/data/3 - panties/Т1-50/24_0.jpg, https://raw.githubusercontent.com/Richy5959/lastochka_phono/main/catalog_photos/data/3 - panties/Т1-50/24_1.jpg, https://raw.githubusercontent.com/Richy5959/lastochka_phono/main/catalog_photos/data/3 - panties/Т1-50/24_2.jpg	син.4XL, чер.3XL	14
Т26	Пантолони жіночі чорні. Код: Т26	230	чорні	55		95	https://raw.githubusercontent.com/Richy5959/lastochka_phono/main/catalog_photos/data/trusiki/Т26_5.jpg	3XL	13
Т27	Чорні прозорі стрінги, р.42-44. Код: Т27	4630	чорні	41		95	https://raw.githubusercontent.com/Richy5959/lastochka_phono/main/catalog_photos/data/3 - panties/Т1-50/27_1.jpg, https://raw.githubusercontent.com/Richy5959/lastochka_phono/main/catalog_photos/data/3 - panties/Т1-50/27_2.jpg, https://raw.githubusercontent.com/Richy5959/lastochka_phono/main/catalog_photos/data/3 - panties/Т1-50/27_3.jpg	42-44	13
Т28	Білі трусики XL, 2XL, 3XL. Код: Т28	66075	білі	24		95	https://raw.githubusercontent.com/Richy5959/lastochka_phono/main/catalog_photos/data/3 - panties/Т1-50/28_1.jpg, https://raw.githubusercontent.com/Richy5959/lastochka_phono/main/catalog_photos/data/3 - panties/Т1-50/28_2.jpg, https://raw.githubusercontent.com/Richy5959/lastochka_phono/main/catalog_photos/data/3 - panties/Т1-50/28_3.jpg, https://raw.githubusercontent.com/Richy5959/lastochka_phono/main/catalog_photos/data/3 - panties/Т1-50/28_4.jpg	3XL	13
Т29	Трусики з мереживними вставками 4XL. Код: Т29	63990	білі	35.3		75	https://raw.githubusercontent.com/Richy5959/lastochka_phono/main/catalog_photos/data/panties/Т29.png, https://raw.githubusercontent.com/Richy5959/lastochka_phono/main/catalog_photos/data/panties/Т29_1.jpg, https://raw.githubusercontent.com/Richy5959/lastochka_phono/main/catalog_photos/data/panties/Т29_2.jpg	4XL	13
Т30	Боді зі стрінгами з корекцією. Код: Т30	Ф100	беж, черн	119.35		280	https://raw.githubusercontent.com/Richy5959/lastochka_phono/main/catalog_photos/data/3 - panties/Т1-50/30_5.jpg, https://raw.githubusercontent.com/Richy5959/lastochka_phono/main/catalog_photos/data/3 - panties/Т1-50/30_6.jpg, https://raw.githubusercontent.com/Richy5959/lastochka_phono/main/catalog_photos/data/3 - panties/Т1-50/30_7.jpg, https://raw.githubusercontent.com/Richy5959/lastochka_phono/main/catalog_photos/data/3 - panties/Т1-50/30_8.jpg	ч.M, ч.L, ч.XL	15
Т31	Високі бежеві трусики з утяжкою, M, L, XL. Код: Т31	14	бежевий	42.4		110	https://raw.githubusercontent.com/Richy5959/lastochka_phono/main/catalog_photos/data/3 - panties/Т1-50/31_10.jpg, https://raw.githubusercontent.com/Richy5959/lastochka_phono/main/catalog_photos/data/3 - panties/Т1-50/31_11.jpg	M	13
Т32	Стринги-утяжка високі, L, XL, 2XL. Код: Т32	У112	беж,черн	71.23		180	https://raw.githubusercontent.com/Richy5959/lastochka_phono/main/catalog_photos/data/3 - panties/Т1-50/32_10.jpg, https://raw.githubusercontent.com/Richy5959/lastochka_phono/main/catalog_photos/data/3 - panties/Т1-50/32_11.jpg, https://raw.githubusercontent.com/Richy5959/lastochka_phono/main/catalog_photos/data/3 - panties/Т1-50/32_6.jpg, https://raw.githubusercontent.com/Richy5959/lastochka_phono/main/catalog_photos/data/3 - panties/Т1-50/32_7.jpg, https://raw.githubusercontent.com/Richy5959/lastochka_phono/main/catalog_photos/data/3 - panties/Т1-50/32_8.jpg, https://raw.githubusercontent.com/Richy5959/lastochka_phono/main/catalog_photos/data/3 - panties/Т1-50/32_9.jpg	б.2XL	13
Т33	Білі стрінги Annajolly, S, M, L, XL. Код: Т33	60906	белые	50		160	https://raw.githubusercontent.com/Richy5959/lastochka_phono/main/catalog_photos/data/3 - panties/Т1-50/33_0.jpg, https://raw.githubusercontent.com/Richy5959/lastochka_phono/main/catalog_photos/data/3 - panties/Т1-50/33_1.jpg, https://raw.githubusercontent.com/Richy5959/lastochka_phono/main/catalog_photos/data/3 - panties/Т1-50/33_2.jpg, https://raw.githubusercontent.com/Richy5959/lastochka_phono/main/catalog_photos/data/panties/Т33_1.jpg	M	13
Т34	Білі бразилії Annajolly, S, M, L. Код: Т34	8772	білі	41		120	https://raw.githubusercontent.com/Richy5959/lastochka_phono/main/catalog_photos/data/3 - panties/Т1-50/34_0.jpg, https://raw.githubusercontent.com/Richy5959/lastochka_phono/main/catalog_photos/data/3 - panties/Т1-50/34_1.jpg, https://raw.githubusercontent.com/Richy5959/lastochka_phono/main/catalog_photos/data/3 - panties/Т1-50/34_2.jpg	S	13
Т35	Трусики-утяжки високі, два кольори. Код: Т35	У366	беж,черн	125.13		280	https://raw.githubusercontent.com/Richy5959/lastochka_phono/main/catalog_photos/data/3 - panties/Т1-50/35_10.jpg, https://raw.githubusercontent.com/Richy5959/lastochka_phono/main/catalog_photos/data/3 - panties/Т1-50/35_12.jpg, https://raw.githubusercontent.com/Richy5959/lastochka_phono/main/catalog_photos/data/3 - panties/Т1-50/35_14.jpg, https://raw.githubusercontent.com/Richy5959/lastochka_phono/main/catalog_photos/data/3 - panties/Т1-50/35_15.jpg, https://raw.githubusercontent.com/Richy5959/lastochka_phono/main/catalog_photos/data/3 - panties/Т1-50/35_16.jpg	ч.XL, ч.2XL, б.3XL	15
Т36	Білі трусики з мереживними вставками 6XL, 7XL. Код: Т36	63850	білі	41.2		80	https://raw.githubusercontent.com/Richy5959/lastochka_phono/main/catalog_photos/data/panties/Т36_1.jpg, https://raw.githubusercontent.com/Richy5959/lastochka_phono/main/catalog_photos/data/panties/Т36_2.jpg, https://raw.githubusercontent.com/Richy5959/lastochka_phono/main/catalog_photos/data/panties/Т36_3.jpg	6XL	13
Т38	Чорні трусики утяжка, розмір free (46-50). Код: Т38	3308	різні	56		120	https://raw.githubusercontent.com/Richy5959/lastochka_phono/main/catalog_photos/data/3 - panties/Т1-50/38_0.jpg, https://raw.githubusercontent.com/Richy5959/lastochka_phono/main/catalog_photos/data/3 - panties/Т1-50/38_1.jpg	free, free	14
Т39	Чоловічі новорічні труси, XL, 2XL, 3XL, 4XL. Код: Т39	YA3903 0110	різні	53.3		110	https://raw.githubusercontent.com/Richy5959/lastochka_phono/main/catalog_photos/data/3 - panties/Т1-50/39_2.jpg	XL	13
Т40	Боксери труси Under Armour, XL, 2XL. Код: Т40	119	син,чер,сер	43		95	https://raw.githubusercontent.com/Richy5959/lastochka_phono/main/catalog_photos/data/3 - panties/Т1-50/Т40.jpg	XL	13
Т43	Чоловічі сімейні труси великих розмірів. Код: Т43	973	різні	43		90	https://raw.githubusercontent.com/Richy5959/lastochka_phono/main/catalog_photos/data/3 - panties/Т1-50/Т43.jpg	5XL	13
Т46	Чоловічі труси плавки, один розмір. Код: Т46	GT M4	різні кольори	15		50	https://raw.githubusercontent.com/Richy5959/lastochka_phono/main/catalog_photos/data/panties/Т46.jpg	S, S, M	15
Т47	Чорні мереживні стрінги у стилі VS, M, L, XL. Код: Т47	1235	різні	105		250	https://raw.githubusercontent.com/Richy5959/lastochka_phono/main/catalog_photos/data/3 - panties/Т1-50/47_0.jpg, https://raw.githubusercontent.com/Richy5959/lastochka_phono/main/catalog_photos/data/3 - panties/Т1-50/47_1.jpg, https://raw.githubusercontent.com/Richy5959/lastochka_phono/main/catalog_photos/data/3 - panties/Т1-50/47_2.jpg, https://raw.githubusercontent.com/Richy5959/lastochka_phono/main/catalog_photos/data/3 - panties/Т1-50/47_5.jpg	кр.XL, пу.M, пу.L, бел.M, бел.L, бел.XL, чер.M, чер.L, чер.XL, мал.XL, сир.M, сир.L	24
Т48	Чорні прозорі трусики стрінг, р.44-46. Код: Т48	897	чорний	56		125	https://raw.githubusercontent.com/Richy5959/lastochka_phono/main/catalog_photos/data/3 - panties/Т1-50/48_0.jpg, https://raw.githubusercontent.com/Richy5959/lastochka_phono/main/catalog_photos/data/3 - panties/Т1-50/48_1.jpg, https://raw.githubusercontent.com/Richy5959/lastochka_phono/main/catalog_photos/data/3 - panties/Т1-50/48_2.jpg	44-46	13
Т51	Трусики стрінги, розміри S, M, L	Tant 07	різні кольори	7.5		30	https://raw.githubusercontent.com/Richy5959/lastochka_phono/main/catalog_photos/data/panties/Т51.png	S, M, гол.L, бел.L, L	17
Т53	Трусики, ХL, 2ХL, 3ХL, 4ХL. Код: Т53	813-1	микс	38		90	https://raw.githubusercontent.com/Richy5959/lastochka_phono/main/catalog_photos/data/3 - panties/Т51-100/53_0.jpg, https://raw.githubusercontent.com/Richy5959/lastochka_phono/main/catalog_photos/data/3 - panties/Т51-100/53_1.jpg		12
Т54	Трусики жіночі, 3XL, 4XL, 5XL. Код: Т54	6901	микс	45		105	https://raw.githubusercontent.com/Richy5959/lastochka_phono/main/catalog_photos/data/3 - panties/Т51-100/54_0.jpg, https://raw.githubusercontent.com/Richy5959/lastochka_phono/main/catalog_photos/data/3 - panties/Т51-100/54_1.jpg, https://raw.githubusercontent.com/Richy5959/lastochka_phono/main/catalog_photos/data/3 - panties/Т51-100/54_2.jpg	сир.3XL, сир.5XL	14
Т57	Трусики розмір 44-46 (M)	GT19SH	белые в малиновую звездочку	11.1		35	https://raw.githubusercontent.com/Richy5959/lastochka_phono/main/catalog_photos/data/panties/Т57.png, https://raw.githubusercontent.com/Richy5959/lastochka_phono/main/catalog_photos/data/panties/Т57_1.jpg	M, M	14
Т62	Боксер бамбук Секс Камасутра, 3XL, 4XL. Код: Т62	9068	сер,жел,гол	61		140	https://raw.githubusercontent.com/Richy5959/lastochka_phono/main/catalog_photos/data/3 - panties/Т51-100/62_0.jpg, https://raw.githubusercontent.com/Richy5959/lastochka_phono/main/catalog_photos/data/3 - panties/Т51-100/62_1.jpg, https://raw.githubusercontent.com/Richy5959/lastochka_phono/main/catalog_photos/data/3 - panties/Т51-100/62_2.jpg, https://raw.githubusercontent.com/Richy5959/lastochka_phono/main/catalog_photos/data/3 - panties/Т51-100/62_3.jpg	г.3XL, г.4XL	14
Т67	Труси стрінги мереживні	---	чорний, білий	0		30	Нет фото	ч M, ч L, б S, ч M	16
Т68	Чоловічі труси боксери 6XL. Код: Т68	#5011, 60195	синие	58.8		120	https://raw.githubusercontent.com/Richy5959/lastochka_phono/main/catalog_photos/data/3 - panties/Т51-100/68_3.jpg	6XL	13
Т69	Еротичні трусики з брюликом. Код: Т69	с02	чорний	37		95	https://raw.githubusercontent.com/Richy5959/lastochka_phono/main/catalog_photos/data/3 - panties/Т51-100/69_0.jpg, https://raw.githubusercontent.com/Richy5959/lastochka_phono/main/catalog_photos/data/3 - panties/Т51-100/69_1.jpg, https://raw.githubusercontent.com/Richy5959/lastochka_phono/main/catalog_photos/data/3 - panties/Т51-100/69_2.jpg	free	13
Т70	Труси для хлопчиків 3-6 років	7656т	різні кольори	10		25	Нет фото	1	13
Т71	Чоловічі труси боксери, L, XL, 2XL, 3XL. Код: Т71	G-3124	різні	54		120	https://raw.githubusercontent.com/Richy5959/lastochka_phono/main/catalog_photos/data/3 - panties/Т51-100/71_2.jpg	2XL, 3XL	14
Т72	Трусики підліткові з леоп.вставкою (42-44)	56	різні кольори	10		20	Нет фото	мал.S, гол.S	14
Т74	Боксери для хлопчиків 9-14 років	2782т	серый, чорний, білий	17		35	https://raw.githubusercontent.com/Richy5959/lastochka_phono/main/catalog_photos/data/panties/Т74.jpg	1	13
Т75	Трусики бразилії х/б з V-подібною лінією талії. Код: Т75	B002_чорний	чорний	35		90	https://raw.githubusercontent.com/Richy5959/lastochka_phono/main/catalog_photos/data/3 - panties/Т51-100/75.jpg, https://raw.githubusercontent.com/Richy5959/lastochka_phono/main/catalog_photos/data/3 - panties/Т51-100/75_1.jpg	L	13
Т76	Трусики в стилі VS, 4 кольори, M, L, XL. Код: Т76	903	черн,червоний,бел,малин	105		250	https://raw.githubusercontent.com/Richy5959/lastochka_phono/main/catalog_photos/data/3 - panties/Т51-100/76_20.jpg, https://raw.githubusercontent.com/Richy5959/lastochka_phono/main/catalog_photos/data/3 - panties/Т51-100/76_21.jpg	бел.L, чер.L	14
Т77	Трусики у стилі Victoria's Secret, M, L, XL. Код: Т77	1257, 3477	мол,черн,червоний,черн-бел	100.63		250	https://raw.githubusercontent.com/Richy5959/lastochka_phono/main/catalog_photos/data/3 - panties/Т51-100/77_11.jpg, https://raw.githubusercontent.com/Richy5959/lastochka_phono/main/catalog_photos/data/3 - panties/Т51-100/77_12.jpg, https://raw.githubusercontent.com/Richy5959/lastochka_phono/main/catalog_photos/data/3 - panties/Т51-100/77_13.jpg, https://raw.githubusercontent.com/Richy5959/lastochka_phono/main/catalog_photos/data/3 - panties/Т51-100/77_14.jpg, https://raw.githubusercontent.com/Richy5959/lastochka_phono/main/catalog_photos/data/3 - panties/Т51-100/77_15.jpg	ч-б.L, ч-б.XL, ч.M, ч.2XL	16
Т80	Білі стрінги AnnaJolly ажурні. Код: Т80	7313	білий,червоний	42		160	https://raw.githubusercontent.com/Richy5959/lastochka_phono/main/catalog_photos/data/3 - panties/Т51-100/80_2.jpg	б.S, б.S, б.M, б.L, б.L, к.S	18
Т81	Мереживні трусики спереду х/б	39135	білий (МАЛОМЕРЯТ)	21.7		50	https://raw.githubusercontent.com/Richy5959/lastochka_phono/main/catalog_photos/data/panties/Т81_1.png, https://raw.githubusercontent.com/Richy5959/lastochka_phono/main/catalog_photos/data/panties/Т81_2_2.png, https://raw.githubusercontent.com/Richy5959/lastochka_phono/main/catalog_photos/data/panties/Т81_3_3.png	L	13
Т85	Трусики-танга у стилі VS, у чорному кольорі. Код: Т85	909	черн	86.54		220	https://raw.githubusercontent.com/Richy5959/lastochka_phono/main/catalog_photos/data/3 - panties/Т51-100/85_20.jpg	чер.M	13
Т86	Чоловічі боксери стрейчові бамбук.	INS-254, INS-209	крупная, мелкая клетка	29		75	https://raw.githubusercontent.com/Richy5959/lastochka_phono/main/catalog_photos/data/panties/Т86_0.jpg, https://raw.githubusercontent.com/Richy5959/lastochka_phono/main/catalog_photos/data/panties/Т86_1.png	4XL	13
Т87	Чоловічі боксери стрейчові (батали)	INS-135	чёрные, серые, синие	39		75	https://raw.githubusercontent.com/Richy5959/lastochka_phono/main/catalog_photos/data/panties/Т87.png	7XL	13
Т88	Трусики, асорти квітів, 2XL, 3XL, 4XL. Код: Т88	8818	різні	55.1		130	https://raw.githubusercontent.com/Richy5959/lastochka_phono/main/catalog_photos/data/3 - panties/Т51-100/88_10.jpg, https://raw.githubusercontent.com/Richy5959/lastochka_phono/main/catalog_photos/data/3 - panties/Т51-100/88_11.jpg, https://raw.githubusercontent.com/Richy5959/lastochka_phono/main/catalog_photos/data/3 - panties/Т51-100/88_12.jpg, https://raw.githubusercontent.com/Richy5959/lastochka_phono/main/catalog_photos/data/panties/Т88.png	беж.4XL	13
Т91	Плавки підліткові х/б (Німеччина)		голубой, темно-синий	35		65	Нет фото	L, L	14
Т92	Жіночі труси з утяжкою живота білі	3XL-4XL	білий	35		90	Нет фото	р.54-56	13
Т93	Мереживні жіночі труси х/б, р.48-50		різні кольори	0		40	https://raw.githubusercontent.com/Richy5959/lastochka_phono/main/catalog_photos/data/trusiki/Т93_1.jpg, https://raw.githubusercontent.com/Richy5959/lastochka_phono/main/catalog_photos/data/trusiki/Т93_2.jpg	беж, желт, черн, синий, корал	17
Т97	Труси з утяжкою (Німеччина), білі, бежеві	р.100	білий, бежевий	35		160	Нет фото	бел., беж.	14
Т99	Ажурні стрінги з вибитим візерунком, нар. 85-103 (L-XL)	LV107	білий	11		25	https://raw.githubusercontent.com/Richy5959/lastochka_phono/main/catalog_photos/data/panties/Т99.png, https://raw.githubusercontent.com/Richy5959/lastochka_phono/main/catalog_photos/data/panties/Т99_1.png	1, 1, 1, 1, 1, 1, 1	19
Т100	Ажурні стрінги з вибитим візерунком, нар. 85-103 (L-XL)	LV107	бежевий	11		25	https://raw.githubusercontent.com/Richy5959/lastochka_phono/main/catalog_photos/data/panties/Т100.png, https://raw.githubusercontent.com/Richy5959/lastochka_phono/main/catalog_photos/data/panties/Т100_1.png, https://raw.githubusercontent.com/Richy5959/lastochka_phono/main/catalog_photos/data/panties/Т100_2.png	1, 1, 1, 1, 1	17
Т101	Ажурні стрінги "Тюльпан" M, L, XL	LV151	білий	10		25	https://raw.githubusercontent.com/Richy5959/lastochka_phono/main/catalog_photos/data/panties/Т101.png	1, 1, 1, 1, 1, 1, 1, 1, 1, 1	22
Т102	Жіночі трусики стрінги в'язка з візерунком, р. 44-48	LV2233	чорний, бежевий	7		20	https://raw.githubusercontent.com/Richy5959/lastochka_phono/main/catalog_photos/data/panties/Т102.jpg, https://raw.githubusercontent.com/Richy5959/lastochka_phono/main/catalog_photos/data/panties/Т102_2.jpg	чер, беж, беж, беж, беж, беж, беж, беж, беж, беж, беж, беж	24
Т103	Трусики-бразилії мереживні чорного кольору. Код: Т103	614	чорний	29		80	https://raw.githubusercontent.com/Richy5959/lastochka_phono/main/catalog_photos/data/3 - panties/Т101-150/Т103.jpg, https://raw.githubusercontent.com/Richy5959/lastochka_phono/main/catalog_photos/data/panties/Т103.png	M	13
Т104	Чоловічі боксери Columbia, 2XL, 3XL. Код: Т104	U78	сірий,білий,голубий,синій,чорний	93		200	https://raw.githubusercontent.com/Richy5959/lastochka_phono/main/catalog_photos/data/3 - panties/Т101-150/104_1.jpg, https://raw.githubusercontent.com/Richy5959/lastochka_phono/main/catalog_photos/data/3 - panties/Т101-150/104_2.jpg, https://raw.githubusercontent.com/Richy5959/lastochka_phono/main/catalog_photos/data/3 - panties/Т101-150/104_3.jpg	3XL, 3XL	14
Т105	Чоловічі боксери Diesel, L, XL, 2XL, 3XL. Код: Т105		червоний,сірий,білий,синій,чорн	93		200	https://raw.githubusercontent.com/Richy5959/lastochka_phono/main/catalog_photos/data/3 - panties/Т101-150/105_1.jpg, https://raw.githubusercontent.com/Richy5959/lastochka_phono/main/catalog_photos/data/3 - panties/Т101-150/105_2.jpg, https://raw.githubusercontent.com/Richy5959/lastochka_phono/main/catalog_photos/data/3 - panties/Т101-150/105_3.jpg, https://raw.githubusercontent.com/Richy5959/lastochka_phono/main/catalog_photos/data/3 - panties/Т101-150/105_4.jpg	L, L, 2XL	15
Т110	Боксери Lacoste, L, XL, 2XL, 3XL. Код: Т110	U7	зел,черн	93		200	https://raw.githubusercontent.com/Richy5959/lastochka_phono/main/catalog_photos/data/3 - panties/Т101-150/110_1.jpg, https://raw.githubusercontent.com/Richy5959/lastochka_phono/main/catalog_photos/data/3 - panties/Т101-150/110_2.jpg, https://raw.githubusercontent.com/Richy5959/lastochka_phono/main/catalog_photos/data/3 - panties/Т101-150/110_3.jpg	ч. L	13
Т111	Трусики-танга, нар. 40-42-44 (L-XL)	571-60	чорний	8		25	Нет фото	1,1,1	15
Т113	Труси х/б (Італія), білі, р.50-52	28118	білий	35		65	Нет фото	XL	13
Т115	Труси "Однотонні гіпюровий кант" нар. 46-50	161с	різні кольори	13		40	https://raw.githubusercontent.com/Richy5959/lastochka_phono/main/catalog_photos/data/trusiki/Т115_1.jpg, https://raw.githubusercontent.com/Richy5959/lastochka_phono/main/catalog_photos/data/trusiki/Т115_2.jpg, https://raw.githubusercontent.com/Richy5959/lastochka_phono/main/catalog_photos/data/trusiki/Т115_3.jpg, https://raw.githubusercontent.com/Richy5959/lastochka_phono/main/catalog_photos/data/trusiki/Т115_4.jpg	роз.3XL	13
Т116	Трусики сліпи мікрофібру, XL, 2XL, 3XL. Код: Т116	А858	різні	57.1		150	https://raw.githubusercontent.com/Richy5959/lastochka_phono/main/catalog_photos/data/3 - panties/Т101-150/116_9.jpg	XL, XL, XL, 2XL, 2XL, 2XL, 2XL, 3XL, 3XL	21
Т117	Трусики бікіні в смужку нар. 46-48 (2XL)	052с	різні кольори	10		35	https://raw.githubusercontent.com/Richy5959/lastochka_phono/main/catalog_photos/data/trusiki/Т117_1.jpg, https://raw.githubusercontent.com/Richy5959/lastochka_phono/main/catalog_photos/data/trusiki/Т117_2.jpg, https://raw.githubusercontent.com/Richy5959/lastochka_phono/main/catalog_photos/data/trusiki/Т117_3.jpg, https://raw.githubusercontent.com/Richy5959/lastochka_phono/main/catalog_photos/data/trusiki/Т117_4.jpg	фиол, фиол, желт, розов, червоний, червоний, зелен, зелен	20
Т119	Модні трусики з тонкою резинкою. Код: Т119	CHLX 111	різні кольори	67		160	https://raw.githubusercontent.com/Richy5959/lastochka_phono/main/catalog_photos/data/3 - panties/Т101-150/119_10.jpg	червоний.XL	13
Т120	Шикарні трусики ажурні. Код: Т120	2203	чер,бел,червоний,молоч,фуксия	82.94		180	https://raw.githubusercontent.com/Richy5959/lastochka_phono/main/catalog_photos/data/3 - panties/Т101-150/120_10.jpg, https://raw.githubusercontent.com/Richy5959/lastochka_phono/main/catalog_photos/data/3 - panties/Т101-150/120_11.jpg, https://raw.githubusercontent.com/Richy5959/lastochka_phono/main/catalog_photos/data/3 - panties/Т101-150/120_12.jpg, https://raw.githubusercontent.com/Richy5959/lastochka_phono/main/catalog_photos/data/3 - panties/Т101-150/120_13.jpg, https://raw.githubusercontent.com/Richy5959/lastochka_phono/main/catalog_photos/data/3 - panties/Т101-150/120_14.jpg, https://raw.githubusercontent.com/Richy5959/lastochka_phono/main/catalog_photos/data/3 - panties/Т101-150/120_15.jpg, https://raw.githubusercontent.com/Richy5959/lastochka_phono/main/catalog_photos/data/3 - panties/Т101-150/120_16.jpg, https://raw.githubusercontent.com/Richy5959/lastochka_phono/main/catalog_photos/data/3 - panties/Т101-150/120_17.jpg, https://raw.githubusercontent.com/Richy5959/lastochka_phono/main/catalog_photos/data/3 - panties/Т101-150/120_30.jpg	ф.S, ф.L, ф.L, мол.S, мол.M, мол.M, мол.M, мол.M, мол.L, мол.L, кр.S, кр.M, ч.S, ч.S, ч.M, ч.L, ч.L, ч.XL	30
Т121	Трусики бавовняні з гіпюром різних кольорів, р.46-50 (XL-2XL)	5801	різні кольори	15		45	https://raw.githubusercontent.com/Richy5959/lastochka_phono/main/catalog_photos/data/panties/Т121.png, https://raw.githubusercontent.com/Richy5959/lastochka_phono/main/catalog_photos/data/trusiki/Т121_1.jpg, https://raw.githubusercontent.com/Richy5959/lastochka_phono/main/catalog_photos/data/trusiki/Т121_2.jpg, https://raw.githubusercontent.com/Richy5959/lastochka_phono/main/catalog_photos/data/trusiki/Т121_3.jpg, https://raw.githubusercontent.com/Richy5959/lastochka_phono/main/catalog_photos/data/trusiki/Т121_4.jpg, https://raw.githubusercontent.com/Richy5959/lastochka_phono/main/catalog_photos/data/trusiki/Т121_5.jpg, https://raw.githubusercontent.com/Richy5959/lastochka_phono/main/catalog_photos/data/trusiki/Т121_6.jpg	мал .2XL, гол.XL	14
Т123	Бавовняні трусики "Гіпюрова смуга" нар. XL-2XL	058с	різні кольори	14		40	https://raw.githubusercontent.com/Richy5959/lastochka_phono/main/catalog_photos/data/trusiki/Т123_1.jpg, https://raw.githubusercontent.com/Richy5959/lastochka_phono/main/catalog_photos/data/trusiki/Т123_2.jpg, https://raw.githubusercontent.com/Richy5959/lastochka_phono/main/catalog_photos/data/trusiki/Т123_3.jpg	желт.XL, корал.2XL	14
Т126	Сексуальні трусики з відкритим доступом. Код: Т126		чорний	120		240	https://raw.githubusercontent.com/Richy5959/lastochka_phono/main/catalog_photos/data/3 - panties/Т101-150/126_10.jpg, https://raw.githubusercontent.com/Richy5959/lastochka_phono/main/catalog_photos/data/3 - panties/Т101-150/126_11.jpg, https://raw.githubusercontent.com/Richy5959/lastochka_phono/main/catalog_photos/data/3 - panties/Т101-150/126_12.jpg	S-XL	13
Т128	Трусики з відкритим доступом. Код: Т128		чорний	120		240	https://raw.githubusercontent.com/Richy5959/lastochka_phono/main/catalog_photos/data/3 - panties/Т101-150/128_10.jpg	S-XL	13
Т129	Трусики сліпи PINK, M, L. Код: Т129	1202	черн,розов	59.2		180	https://raw.githubusercontent.com/Richy5959/lastochka_phono/main/catalog_photos/data/3 - panties/Т101-150/129_9.jpg	ч.L	13
Т133	Чорні трусики стрінг Coeur Joie. Код: Т133	1891	черн,беж	81		180	https://raw.githubusercontent.com/Richy5959/lastochka_phono/main/catalog_photos/data/3 - panties/Т101-150/133_0.jpg, https://raw.githubusercontent.com/Richy5959/lastochka_phono/main/catalog_photos/data/3 - panties/Т101-150/133_1.jpg, https://raw.githubusercontent.com/Richy5959/lastochka_phono/main/catalog_photos/data/3 - panties/Т101-150/133_2.jpg, https://raw.githubusercontent.com/Richy5959/lastochka_phono/main/catalog_photos/data/3 - panties/Т101-150/133_3.jpg, https://raw.githubusercontent.com/Richy5959/lastochka_phono/main/catalog_photos/data/3 - panties/Т101-150/133_4.jpg, https://raw.githubusercontent.com/Richy5959/lastochka_phono/main/catalog_photos/data/3 - panties/Т101-150/133_5.jpg	беж.M, беж.L, беж.XL, чер.M, чер.M	17
Т135	Молочні трусики стрінги, L, XL, 2XL. Код: Т135	9767	молочний	85.8		180	https://raw.githubusercontent.com/Richy5959/lastochka_phono/main/catalog_photos/data/3 - panties/Т101-150/135_0.jpg, https://raw.githubusercontent.com/Richy5959/lastochka_phono/main/catalog_photos/data/3 - panties/Т101-150/135_1.jpg	м.L	13
Т136	Атласні бразиліани, всі кольори, L, XL, 2XL. Код: Т136	919	різні кольори	42.57		100	https://raw.githubusercontent.com/Richy5959/lastochka_phono/main/catalog_photos/data/3 - panties/Т101-150/136_20.jpg, https://raw.githubusercontent.com/Richy5959/lastochka_phono/main/catalog_photos/data/3 - panties/Т101-150/136_21.jpg, https://raw.githubusercontent.com/Richy5959/lastochka_phono/main/catalog_photos/data/3 - panties/Т101-150/136_22.jpg	L, 2XL	14
Т137	Жіночі бавовняні труси-сліп 46-50 (218)	054с	різні кольори	14		40	https://raw.githubusercontent.com/Richy5959/lastochka_phono/main/catalog_photos/data/trusiki/Т137_1.jpg, https://raw.githubusercontent.com/Richy5959/lastochka_phono/main/catalog_photos/data/trusiki/Т137_2.jpg, https://raw.githubusercontent.com/Richy5959/lastochka_phono/main/catalog_photos/data/trusiki/Т137_3.jpg, https://raw.githubusercontent.com/Richy5959/lastochka_phono/main/catalog_photos/data/trusiki/Т137_4.jpg	малин	13
Т138	Трусики бікіні, три кольори. Код: Т138	1873	пуд,мол	68		180	https://raw.githubusercontent.com/Richy5959/lastochka_phono/main/catalog_photos/data/3 - panties/Т101-150/138_0.jpg, https://raw.githubusercontent.com/Richy5959/lastochka_phono/main/catalog_photos/data/3 - panties/Т101-150/138_1.jpg, https://raw.githubusercontent.com/Richy5959/lastochka_phono/main/catalog_photos/data/3 - panties/Т101-150/138_2.jpg, https://raw.githubusercontent.com/Richy5959/lastochka_phono/main/catalog_photos/data/3 - panties/Т101-150/138_3.jpg	м.L, м.L, м.XL	15
Т139	Гладкі трусики бікіні, S, M, L, XL. Код: Т139	9606	чер,бел,лео	68.04		180	https://raw.githubusercontent.com/Richy5959/lastochka_phono/main/catalog_photos/data/3 - panties/Т101-150/139_0.jpg, https://raw.githubusercontent.com/Richy5959/lastochka_phono/main/catalog_photos/data/3 - panties/Т101-150/139_1.jpg, https://raw.githubusercontent.com/Richy5959/lastochka_phono/main/catalog_photos/data/3 - panties/Т101-150/139_3.jpg, https://raw.githubusercontent.com/Richy5959/lastochka_phono/main/catalog_photos/data/3 - panties/Т101-150/139_4.jpg, https://raw.githubusercontent.com/Richy5959/lastochka_phono/main/catalog_photos/data/3 - panties/Т101-150/139_5.jpg, https://raw.githubusercontent.com/Richy5959/lastochka_phono/main/catalog_photos/data/3 - panties/Т101-150/139_6.jpg, https://raw.githubusercontent.com/Richy5959/lastochka_phono/main/catalog_photos/data/3 - panties/Т101-150/139_7.jpg, https://raw.githubusercontent.com/Richy5959/lastochka_phono/main/catalog_photos/data/3 - panties/Т101-150/139_8.jpg, https://raw.githubusercontent.com/Richy5959/lastochka_phono/main/catalog_photos/data/3 - panties/Т101-150/139_9.jpg	б.S, б.L, б.L, ч.S, ч.M, ч.M, ч.M, ч.L, ч.L, ч.L, ч.L, ч.L, ч.L, ч.XL	26
Т140	Трусики 40-50 (0542)	167с	різні кольори	13.5		40	https://raw.githubusercontent.com/Richy5959/lastochka_phono/main/catalog_photos/data/trusiki/Т140_1.jpg, https://raw.githubusercontent.com/Richy5959/lastochka_phono/main/catalog_photos/data/trusiki/Т140_2.jpg, https://raw.githubusercontent.com/Richy5959/lastochka_phono/main/catalog_photos/data/trusiki/Т140_3.jpg, https://raw.githubusercontent.com/Richy5959/lastochka_phono/main/catalog_photos/data/trusiki/Т140_4.jpg	бел.М, гол.XL	14
Т142	Три кольори, бікіні трусики, S, M, L, XL. Код: Т142	1923	беж,мол,пуд,чер	72.8		180	https://raw.githubusercontent.com/Richy5959/lastochka_phono/main/catalog_photos/data/3 - panties/Т101-150/142_1.jpg, https://raw.githubusercontent.com/Richy5959/lastochka_phono/main/catalog_photos/data/3 - panties/Т101-150/142_2.jpg, https://raw.githubusercontent.com/Richy5959/lastochka_phono/main/catalog_photos/data/3 - panties/Т101-150/142_20.jpg, https://raw.githubusercontent.com/Richy5959/lastochka_phono/main/catalog_photos/data/3 - panties/Т101-150/Т142_0.jpg	беж.L, м.L, м.L, м.XL, п.L, п.L	18
Т143	червонийиві трусики, два кольори, M, L, XL, 2XL. Код: Т143	1969	біл, пудра	77.76		180	https://raw.githubusercontent.com/Richy5959/lastochka_phono/main/catalog_photos/data/3 - panties/Т101-150/Т143_0.jpg, https://raw.githubusercontent.com/Richy5959/lastochka_phono/main/catalog_photos/data/3 - panties/Т101-150/Т143_1.jpg, https://raw.githubusercontent.com/Richy5959/lastochka_phono/main/catalog_photos/data/3 - panties/Т101-150/Т143_2.jpg	бел.L, бел.L, бел.XL, бел.XL, бел.2XL, бел.2XL, пу.L, пу.XL, пу.XL, пу.2XL, пу.2XL	23
Т144	Трусики бразилії, два кольори, L, XL, 2XL. Код: Т144	9908	біл,чор	83		170	https://raw.githubusercontent.com/Richy5959/lastochka_phono/main/catalog_photos/data/3 - panties/Т101-150/144_3.jpg, https://raw.githubusercontent.com/Richy5959/lastochka_phono/main/catalog_photos/data/3 - panties/Т101-150/Т144_0.jpg, https://raw.githubusercontent.com/Richy5959/lastochka_phono/main/catalog_photos/data/3 - panties/Т101-150/Т144_1.jpg, https://raw.githubusercontent.com/Richy5959/lastochka_phono/main/catalog_photos/data/3 - panties/Т101-150/Т144_2.jpg	б.M	13
Т148	Червоні трусики стрінг еротичні, р.42-44. Код: Т148	826т	червоний	45.25		120	https://raw.githubusercontent.com/Richy5959/lastochka_phono/main/catalog_photos/data/3 - panties/Т101-150/Т148.jpg	42-44	13
Т150	Чорні трусики бікіні, S, M, L, XL. Код: Т150	2273	мол,чер,пуд,червоний	100		195	https://raw.githubusercontent.com/Richy5959/lastochka_phono/main/catalog_photos/data/3 - panties/Т101-150/150_20.jpg, https://raw.githubusercontent.com/Richy5959/lastochka_phono/main/catalog_photos/data/3 - panties/Т101-150/150_21.jpg, https://raw.githubusercontent.com/Richy5959/lastochka_phono/main/catalog_photos/data/3 - panties/Т101-150/150_22.jpg, https://raw.githubusercontent.com/Richy5959/lastochka_phono/main/catalog_photos/data/3 - panties/Т101-150/150_23.jpg, https://raw.githubusercontent.com/Richy5959/lastochka_phono/main/catalog_photos/data/3 - panties/Т101-150/150_24.jpg	ч.S, ч.M, ч.L, п.L, мол.L, мол.XL, мол.XL, мол.2XL, мол.2XL, кр.L, кр.XL	23
Т151	Гіпюрові труси шорти	006т	різні кольори	12		38	https://raw.githubusercontent.com/Richy5959/lastochka_phono/main/catalog_photos/data/trusiki/Т151_1.jpg, https://raw.githubusercontent.com/Richy5959/lastochka_phono/main/catalog_photos/data/trusiki/Т151_2.jpg, https://raw.githubusercontent.com/Richy5959/lastochka_phono/main/catalog_photos/data/trusiki/Т151_3.jpg, https://raw.githubusercontent.com/Richy5959/lastochka_phono/main/catalog_photos/data/trusiki/Т151_4.jpg	фиол.M	13
Т152	Чорні трусики бікіні, S, M, L, XL. Код: Т152	2280	чер, червоний, бел	79		180	https://raw.githubusercontent.com/Richy5959/lastochka_phono/main/catalog_photos/data/3 - panties/Т151-200/152_20.jpg	ч.S, бел.S, бел.L, бел.L	16
Т154	Труси стрінги "Плямні" нар. 46-50	037т	різні кольори	12		40	https://raw.githubusercontent.com/Richy5959/lastochka_phono/main/catalog_photos/data/trusiki/Т154_1.jpg, https://raw.githubusercontent.com/Richy5959/lastochka_phono/main/catalog_photos/data/trusiki/Т154_2.jpg	беж.XL, корал.2XL, 1, 1, 1, 1	18
Т155	Трусики бікіні, три кольори. Код: Т155	2219	червоний, бел	78.54		180	https://raw.githubusercontent.com/Richy5959/lastochka_phono/main/catalog_photos/data/3 - panties/Т151-200/155_20.jpg, https://raw.githubusercontent.com/Richy5959/lastochka_phono/main/catalog_photos/data/3 - panties/Т151-200/155_21.jpg, https://raw.githubusercontent.com/Richy5959/lastochka_phono/main/catalog_photos/data/3 - panties/Т151-200/155_22.jpg, https://raw.githubusercontent.com/Richy5959/lastochka_phono/main/catalog_photos/data/3 - panties/Т151-200/155_23.jpg, https://raw.githubusercontent.com/Richy5959/lastochka_phono/main/catalog_photos/data/3 - panties/Т151-200/155_24.jpg	б.S, б.M, б.L, б.L, к.M, к.L, к.L	19
Т156	Чорний бікіні трусики. Код: Т156	2267	черн,моло,бел	68		180	https://raw.githubusercontent.com/Richy5959/lastochka_phono/main/catalog_photos/data/3 - panties/Т151-200/156_20.jpg	м.M, м.M, м.L, м.L, м.XL, б.S, б.L, б.L, б.XL	21
Т157	Трусики стрінги, два кольори. Код: Т157	2269	черн,бел	68		180	https://raw.githubusercontent.com/Richy5959/lastochka_phono/main/catalog_photos/data/3 - panties/Т151-200/157_10.jpg, https://raw.githubusercontent.com/Richy5959/lastochka_phono/main/catalog_photos/data/3 - panties/Т151-200/157_11.jpg, https://raw.githubusercontent.com/Richy5959/lastochka_phono/main/catalog_photos/data/3 - panties/Т151-200/157_12.jpg	б.S	13
Т158	Трусики стрінги, два кольори. Код: Т158	2288	черн,моло	68		180	https://raw.githubusercontent.com/Richy5959/lastochka_phono/main/catalog_photos/data/3 - panties/Т151-200/158_10.jpg	м.XL	13
Т159	Чоловічі труси плавки 46-50	B109	голубой, чорний, синий	19		50	https://raw.githubusercontent.com/Richy5959/lastochka_phono/main/catalog_photos/data/trusiki/Т159_1.jpg, https://raw.githubusercontent.com/Richy5959/lastochka_phono/main/catalog_photos/data/trusiki/Т159_2.jpg	гол XL	13
Т160	Трусики стрінги, три кольори, S, M, L, XL. Код: Т160	60591	бел,моло,кофей	81.2		180	https://raw.githubusercontent.com/Richy5959/lastochka_phono/main/catalog_photos/data/3 - panties/Т151-200/160_20.jpg, https://raw.githubusercontent.com/Richy5959/lastochka_phono/main/catalog_photos/data/3 - panties/Т151-200/160_21.jpg, https://raw.githubusercontent.com/Richy5959/lastochka_phono/main/catalog_photos/data/3 - panties/Т151-200/160_22.jpg	б.M, б.L, м.XL	15
Т163	Трусики стрінги, два кольори. Код: Т163	2301	черн,моло	78.5		180	https://raw.githubusercontent.com/Richy5959/lastochka_phono/main/catalog_photos/data/3 - panties/Т151-200/163_10.jpg, https://raw.githubusercontent.com/Richy5959/lastochka_phono/main/catalog_photos/data/3 - panties/Т151-200/163_11.jpg, https://raw.githubusercontent.com/Richy5959/lastochka_phono/main/catalog_photos/data/3 - panties/Т151-200/163_12.jpg	м.L, м.L	14
Т164	Трусики американки на регуляторах, два кольори. Код: Т164	К7	черн,бел	62		150	https://raw.githubusercontent.com/Richy5959/lastochka_phono/main/catalog_photos/data/3 - panties/Т151-200/164_26.jpg	б.M, б.XL	14
Т168	Трусики стрінги з мереживом XL, різні кольори. Код: Т168	63167	чорний, білий, бежевий	27.8		60	https://raw.githubusercontent.com/Richy5959/lastochka_phono/main/catalog_photos/data/panties/Т168_1.jpg, https://raw.githubusercontent.com/Richy5959/lastochka_phono/main/catalog_photos/data/panties/Т168_2.jpg, https://raw.githubusercontent.com/Richy5959/lastochka_phono/main/catalog_photos/data/panties/Т168_3.jpg, https://raw.githubusercontent.com/Richy5959/lastochka_phono/main/catalog_photos/data/panties/Т168_4.jpg	беж.XL	13
Т170	Чоловічі плавки INDENA. Код: Т170	20343	білий	26		140	https://raw.githubusercontent.com/Richy5959/lastochka_phono/main/catalog_photos/data/trusiki/Т170.jpg, https://raw.githubusercontent.com/Richy5959/lastochka_phono/main/catalog_photos/data/trusiki/Т170_2.jpg, https://raw.githubusercontent.com/Richy5959/lastochka_phono/main/catalog_photos/data/trusiki/Т170_3.jpg, https://raw.githubusercontent.com/Richy5959/lastochka_phono/main/catalog_photos/data/trusiki/Т170_4.jpg	2XL, 2XL, 2XL, 2XL, 4XL	17
Т171	Підліткові плавки INDENA. Код: Т171	40500	серый, чорний	35		65	https://raw.githubusercontent.com/Richy5959/lastochka_phono/main/catalog_photos/data/trusiki/Т171_1.jpg, https://raw.githubusercontent.com/Richy5959/lastochka_phono/main/catalog_photos/data/trusiki/Т171_2.jpg, https://raw.githubusercontent.com/Richy5959/lastochka_phono/main/catalog_photos/data/trusiki/Т171_3.jpg, https://raw.githubusercontent.com/Richy5959/lastochka_phono/main/catalog_photos/data/trusiki/Т171_4.jpg	7-9, 9-11, 11-13	22
Т172	Мальчукові плавки IN.INCONT. Код: Т172	2020	серый, чорний, синий	23		60	https://raw.githubusercontent.com/Richy5959/lastochka_phono/main/catalog_photos/data/trusiki/Т172_1.jpg, https://raw.githubusercontent.com/Richy5959/lastochka_phono/main/catalog_photos/data/trusiki/Т172_2.jpg, https://raw.githubusercontent.com/Richy5959/lastochka_phono/main/catalog_photos/data/trusiki/Т172_3.jpg, https://raw.githubusercontent.com/Richy5959/lastochka_phono/main/catalog_photos/data/trusiki/Т172_4.jpg	XS, XS, XS, XS, XS, XS, S, S, S, S, S	23
Т179	Безшовні трусики сліпи, S, M, L. Код: Т179	9485	бел,чер,беж,роз	39.8		100	https://raw.githubusercontent.com/Richy5959/lastochka_phono/main/catalog_photos/data/3 - panties/Т151-200/179_20.jpg	роз.M, роз.M	14
Т180	Американки безшовні трусики, M, L, XL. Код: Т180	9486	бел,чер,беж,роз	39.8		100	https://raw.githubusercontent.com/Richy5959/lastochka_phono/main/catalog_photos/data/3 - panties/Т151-200/180_20.jpg	бел.XL, чер.XL	14
Т181	Бавовняні трусики на дітей 2-3 років. Код: Т181	40091	білий	14.4		35	https://raw.githubusercontent.com/Richy5959/lastochka_phono/main/catalog_photos/data/trusiki/Т181_1.jpg	1, 1, 1, 1, 1, 1, 1	19
Т222	Мереживні жіночі трусики, 44, 46, 48. Код: Т222	6025	чер-беж,бел	36.23		120	https://raw.githubusercontent.com/Richy5959/lastochka_phono/main/catalog_photos/data/3 - panties/Т201-250/222_20.jpg, https://raw.githubusercontent.com/Richy5959/lastochka_phono/main/catalog_photos/data/3 - panties/Т201-250/222_21.jpg, https://raw.githubusercontent.com/Richy5959/lastochka_phono/main/catalog_photos/data/3 - panties/Т201-250/222_22.jpg	ч-б.L, ч-б.XL, б.M, б.M, б.L, б.L, б.XL, б.XL	20
Т223	Чорні боксери Calvin Klein яскрава гумка, L, XL, 2XL, 3XL. Код: Т223	Хлопок	різні	111.5		230	https://raw.githubusercontent.com/Richy5959/lastochka_phono/main/catalog_photos/data/3 - panties/Т201-250/223_20.jpg, https://raw.githubusercontent.com/Richy5959/lastochka_phono/main/catalog_photos/data/3 - panties/Т201-250/223_21.jpg, https://raw.githubusercontent.com/Richy5959/lastochka_phono/main/catalog_photos/data/3 - panties/Т201-250/223_22.jpg, https://raw.githubusercontent.com/Richy5959/lastochka_phono/main/catalog_photos/data/3 - panties/Т201-250/223_9060.jpg	L	13
Т223	Чорні боксери Calvin Klein 3XL Код: Т223	Хлопок	різні	97.44		230	https://raw.githubusercontent.com/Richy5959/lastochka_phono/main/catalog_photos/data/3 - panties/Т201-250/223_20.jpg, https://raw.githubusercontent.com/Richy5959/lastochka_phono/main/catalog_photos/data/3 - panties/Т201-250/223_21.jpg, https://raw.githubusercontent.com/Richy5959/lastochka_phono/main/catalog_photos/data/3 - panties/Т201-250/223_22.jpg, https://raw.githubusercontent.com/Richy5959/lastochka_phono/main/catalog_photos/data/3 - panties/Т201-250/223_9060.jpg	3XL, 3XL	14
Т237	Безшовні трусики джинсовий принт. Код: Т:237		різні	31.5		85	https://raw.githubusercontent.com/Richy5959/lastochka_phono/main/catalog_photos/data/trusiki/Т237_1.jpg, https://raw.githubusercontent.com/Richy5959/lastochka_phono/main/catalog_photos/data/trusiki/Т237_2.jpg, https://raw.githubusercontent.com/Richy5959/lastochka_phono/main/catalog_photos/data/trusiki/Т237_3.jpg	червоний	13
Т238	Неонові трусики-американки із гіпюром, р.L. Код: Т238	63163-1	різні	31		65	https://raw.githubusercontent.com/Richy5959/lastochka_phono/main/catalog_photos/data/trusiki/Т238_1.jpg, https://raw.githubusercontent.com/Richy5959/lastochka_phono/main/catalog_photos/data/trusiki/Т238_2.jpg, https://raw.githubusercontent.com/Richy5959/lastochka_phono/main/catalog_photos/data/trusiki/Т238_3.jpg, https://raw.githubusercontent.com/Richy5959/lastochka_phono/main/catalog_photos/data/trusiki/Т238_4.jpg, https://raw.githubusercontent.com/Richy5959/lastochka_phono/main/catalog_photos/data/trusiki/Т238_5.jpg	1	13
Т253	Жіночі стрінги Calvin Klein, L із червоною гумкою. Код: Т253		різні	47		160	https://raw.githubusercontent.com/Richy5959/lastochka_phono/main/catalog_photos/data/trusiki/Т253.jpg, https://raw.githubusercontent.com/Richy5959/lastochka_phono/main/catalog_photos/data/trusy/Т253_6.jpg	т-син, роз, роз, роз, роз, роз	18
Т263	Трусики Coeur Joie, три кольори. Код: Т263	2207	мол,беж,слив	69.3		160	https://raw.githubusercontent.com/Richy5959/lastochka_phono/main/catalog_photos/data/3 - panties/Т251-300/263_10.jpg, https://raw.githubusercontent.com/Richy5959/lastochka_phono/main/catalog_photos/data/3 - panties/Т251-300/263_11.jpg, https://raw.githubusercontent.com/Richy5959/lastochka_phono/main/catalog_photos/data/3 - panties/Т251-300/263_12.jpg, https://raw.githubusercontent.com/Richy5959/lastochka_phono/main/catalog_photos/data/3 - panties/Т251-300/263_13.jpg	м.L	13
Т264	Чорний бікіні трусики Coeur Joie. Код: Т264	2126	черн,бел	68		180	https://raw.githubusercontent.com/Richy5959/lastochka_phono/main/catalog_photos/data/3 - panties/Т251-300/264_10.jpg, https://raw.githubusercontent.com/Richy5959/lastochka_phono/main/catalog_photos/data/3 - panties/Т251-300/264_11.jpg, https://raw.githubusercontent.com/Richy5959/lastochka_phono/main/catalog_photos/data/3 - panties/Т251-300/264_12.jpg	ч.M, ч.M, б.XL	15
Т270	Трусики стрінги "Огородик". Код: Т270	033т	різні	10		38	https://raw.githubusercontent.com/Richy5959/lastochka_phono/main/catalog_photos/data/trusiki/Т270.jpg	жел	13
Т271	Безшовні стрінг з проклеєними швами на тонких гумках. Код: Т271	РД241_чорний	чорний	53.33		120	https://raw.githubusercontent.com/Richy5959/lastochka_phono/main/catalog_photos/data/3 - panties/Т251-300/271_0.jpg, https://raw.githubusercontent.com/Richy5959/lastochka_phono/main/catalog_photos/data/3 - panties/Т251-300/271_1.jpg, https://raw.githubusercontent.com/Richy5959/lastochka_phono/main/catalog_photos/data/3 - panties/Т251-300/271_2.jpg, https://raw.githubusercontent.com/Richy5959/lastochka_phono/main/catalog_photos/data/3 - panties/Т251-300/271_3.jpg	L	13
Т272	Безшовні трусики бразилії, кавові. Код: Т272	9916	кофейный	37.53		120	https://raw.githubusercontent.com/Richy5959/lastochka_phono/main/catalog_photos/data/3 - panties/Т251-300/272_10.jpg, https://raw.githubusercontent.com/Richy5959/lastochka_phono/main/catalog_photos/data/3 - panties/Т251-300/272_11.jpg, https://raw.githubusercontent.com/Richy5959/lastochka_phono/main/catalog_photos/data/3 - panties/Т251-300/272_12.jpg	L, 2XL	14
Т273	Безшовні бразилії з V-подібним вирізом. Код: Т273	28	молоч (беж)	47.4		120	https://raw.githubusercontent.com/Richy5959/lastochka_phono/main/catalog_photos/data/3 - panties/Т251-300/273_10.jpg, https://raw.githubusercontent.com/Richy5959/lastochka_phono/main/catalog_photos/data/3 - panties/Т251-300/273_11.jpg, https://raw.githubusercontent.com/Richy5959/lastochka_phono/main/catalog_photos/data/3 - panties/Т251-300/273_12.jpg, https://raw.githubusercontent.com/Richy5959/lastochka_phono/main/catalog_photos/data/3 - panties/Т251-300/273_13.jpg, https://raw.githubusercontent.com/Richy5959/lastochka_phono/main/catalog_photos/data/3 - panties/Т251-300/273_14.jpg	S, S, S, M, M, M, L, L, L, XL, XL, XL	24
Т280s	Спортивні стрінги 42-44, 46-48. Код: Т280s	622	різні	26.5		75	Нет фото	XL, XL	14
Т281	Бавовняні трусики бразилії, S-M, L-XL. Код: Т281	Т127	різні	38		95	https://raw.githubusercontent.com/Richy5959/lastochka_phono/main/catalog_photos/data/3 - panties/Т251-300/281_10.jpg	роз.S-M, кр.S-M	14
Т282	Бежеві трусики бразилії, M, L, XL. Код: Т282	515	бежевий	49.4		120	https://raw.githubusercontent.com/Richy5959/lastochka_phono/main/catalog_photos/data/3 - panties/Т251-300/282_10.jpg, https://raw.githubusercontent.com/Richy5959/lastochka_phono/main/catalog_photos/data/3 - panties/Т251-300/282_11.jpg, https://raw.githubusercontent.com/Richy5959/lastochka_phono/main/catalog_photos/data/3 - panties/Т251-300/282_12.jpg	L	13
Т283	Дитячі трусики "Покемони". Код: Т283	1042 XL	різні	15		30	https://raw.githubusercontent.com/Richy5959/lastochka_phono/main/catalog_photos/data/trusiki/Т283.jpg	1,1,2001	15
Т285	Дитячі трусики-шорти "Білосніжка". Код: Т285	652	різні	13		30	https://raw.githubusercontent.com/Richy5959/lastochka_phono/main/catalog_photos/data/trusiki/Т285.jpg	1, 1, 1, 1	16
Т286	Трусики-шортики "Даша". Код: Т286	650	різні	13		30	https://raw.githubusercontent.com/Richy5959/lastochka_phono/main/catalog_photos/data/trusiki/Т286_1.jpg, https://raw.githubusercontent.com/Richy5959/lastochka_phono/main/catalog_photos/data/trusiki/Т286_2.jpg	1, 1	14
Т289	Трусики коттонові з мереживом зверху. Код: Т289	580	різні	25.5		65	https://raw.githubusercontent.com/Richy5959/lastochka_phono/main/catalog_photos/data/trusy/Т289_0.jpg, https://raw.githubusercontent.com/Richy5959/lastochka_phono/main/catalog_photos/data/trusy/Т289_1.jpg, https://raw.githubusercontent.com/Richy5959/lastochka_phono/main/catalog_photos/data/trusy/Т289_2.jpg	1	13
Т290	Безшовні трусики стрінги, L, XL, 2XL. Код: Т290	664	пудр,розов,червоний,черн,беж,сирень,зелен	48		120	https://raw.githubusercontent.com/Richy5959/lastochka_phono/main/catalog_photos/data/3 - panties/Т251-300/290_0.jpg, https://raw.githubusercontent.com/Richy5959/lastochka_phono/main/catalog_photos/data/3 - panties/Т251-300/290_1.jpg, https://raw.githubusercontent.com/Richy5959/lastochka_phono/main/catalog_photos/data/3 - panties/Т251-300/290_2.jpg	пуд.2XL, роз.XL, зел.XL	15
Т291	Бавовняні трусики, 2XL, 3XL, 4XL (50, 52, 54). Код: Т291	9463	бел,беж,сирен,чер,сер,бор,зел,син	54		120	https://raw.githubusercontent.com/Richy5959/lastochka_phono/main/catalog_photos/data/3 - panties/Т251-300/291_0.jpg, https://raw.githubusercontent.com/Richy5959/lastochka_phono/main/catalog_photos/data/3 - panties/Т251-300/291_1.jpg, https://raw.githubusercontent.com/Richy5959/lastochka_phono/main/catalog_photos/data/3 - panties/Т251-300/291_2.jpg	сир.3XL	13
Т292	Коттонові трусики стрінги, S, M, L. Код: Т292	6267	пудр,борд	34.2		120	https://raw.githubusercontent.com/Richy5959/lastochka_phono/main/catalog_photos/data/3 - panties/Т251-300/292.jpg	пуд.S, пуд.S, пуд.S, пуд.S, пуд.M, пуд.M, пуд.L, бор.S, бор.S, бор.S, бор.L	23
Т292	Коттонові трусики стрінги, S, M, L. Код: Т292	6267	бел, черн	34.2		120	https://raw.githubusercontent.com/Richy5959/lastochka_phono/main/catalog_photos/data/3 - panties/Т251-300/292.jpg	бел.S	13
Т303	Молодіжні трусики. Код: Т303	40	черн, бел	59.4		120	https://raw.githubusercontent.com/Richy5959/lastochka_phono/main/catalog_photos/data/trusiki/Т303_1.jpg, https://raw.githubusercontent.com/Richy5959/lastochka_phono/main/catalog_photos/data/trusiki/Т303_2.jpg	б.XL	13
Т304	Трусики стрінги з високою талією, M. Код: Т304	597	різні	35.45		100	https://raw.githubusercontent.com/Richy5959/lastochka_phono/main/catalog_photos/data/3 - panties/Т301-350/Т304.jpg	червоний, червоний, червоний	15
Т305	Чорні трусики з бавовни, M, L, XL, 2XL. Код: Т305	C001	чорний	33.2		95	https://raw.githubusercontent.com/Richy5959/lastochka_phono/main/catalog_photos/data/3 - panties/Т301-350/305_20.jpg, https://raw.githubusercontent.com/Richy5959/lastochka_phono/main/catalog_photos/data/3 - panties/Т301-350/305_21.jpg, https://raw.githubusercontent.com/Richy5959/lastochka_phono/main/catalog_photos/data/3 - panties/Т301-350/305_22.jpg, https://raw.githubusercontent.com/Richy5959/lastochka_phono/main/catalog_photos/data/3 - panties/Т301-350/305_23.jpg	M, M, XL, 2XL	16
Т309	Трусики еротичні, M. Код: Т309	#0501	черн, червоний	35.25		85	https://raw.githubusercontent.com/Richy5959/lastochka_phono/main/catalog_photos/data/3 - panties/Т301-350/Т309.jpg	червоний	13
Т310	Трусики Anttifu, всі кольори. Код: Т310	8856	різні	40.1		130	https://raw.githubusercontent.com/Richy5959/lastochka_phono/main/catalog_photos/data/3 - panties/Т301-350/310_0.jpg, https://raw.githubusercontent.com/Richy5959/lastochka_phono/main/catalog_photos/data/3 - panties/Т301-350/310_1.jpg	бор.XL, бор.2XL, бор.3XL	15
Т327	Трусики-шорти мереживні бавовняні, 48-50. Код: Т327	G917	різні	25		80	https://raw.githubusercontent.com/Richy5959/lastochka_phono/main/catalog_photos/data/trusiki/Т327_1.jpg, https://raw.githubusercontent.com/Richy5959/lastochka_phono/main/catalog_photos/data/trusiki/Т327_2.jpg	1	13
Т330	Трусики х/б бразильяну, L. Код: Т330	336	різні	25.75		85	https://raw.githubusercontent.com/Richy5959/lastochka_phono/main/catalog_photos/data/3 - panties/Т301-350/Т330_0.jpg, https://raw.githubusercontent.com/Richy5959/lastochka_phono/main/catalog_photos/data/3 - panties/Т301-350/Т330_1.jpg	син	13
Т333	Трусики бікіні, три кольори. Код: Т333	9827	кра,шам,чер	63.5		160	https://raw.githubusercontent.com/Richy5959/lastochka_phono/main/catalog_photos/data/3 - panties/Т301-350/Т333.jpg	кра.XL, ш.M	14
Т334	Бавовняні трусики стрінги з мереживом, р.46, 48, 50. Код: Т334	5108	різні	21		85	https://raw.githubusercontent.com/Richy5959/lastochka_phono/main/catalog_photos/data/trusy/334.jpg	1, 1, 1, 1	16
Т341	Трусики. Код: Т341	#6811	різні	41		95	Нет фото	1, 1, 1, 1, 1, 1, 1, 1, 1, 1	22
Т353	Трусики сітка, що стягує. Код: Т353	26	беж, бел	75.9		170	https://raw.githubusercontent.com/Richy5959/lastochka_phono/main/catalog_photos/data/3 - panties/Т351-400/353_0.jpg, https://raw.githubusercontent.com/Richy5959/lastochka_phono/main/catalog_photos/data/3 - panties/Т351-400/353_1.jpg	беж.XL	13
Т358	Трусики бразилії, нар. М. Код: Т358	300160, 300-179	різні	22.8		85	https://raw.githubusercontent.com/Richy5959/lastochka_phono/main/catalog_photos/data/trusiki/Т358.jpg	M, M, M	15
Т363	Трусики. Код: Т363	7702	різні	24		85	https://raw.githubusercontent.com/Richy5959/lastochka_phono/main/catalog_photos/data/trusy/Т363_1.jpg, https://raw.githubusercontent.com/Richy5959/lastochka_phono/main/catalog_photos/data/trusy/Т363_2.jpg	1, 1	14
Т365	Три кольори, трусики стрінги, S, M, L, XL. Код: Т365	1911	бел,слива	70		160	https://raw.githubusercontent.com/Richy5959/lastochka_phono/main/catalog_photos/data/3 - panties/Т351-400/365_10.jpg, https://raw.githubusercontent.com/Richy5959/lastochka_phono/main/catalog_photos/data/3 - panties/Т351-400/365_2.jpg, https://raw.githubusercontent.com/Richy5959/lastochka_phono/main/catalog_photos/data/3 - panties/Т351-400/365_3.jpg, https://raw.githubusercontent.com/Richy5959/lastochka_phono/main/catalog_photos/data/3 - panties/Т351-400/365_8.jpg, https://raw.githubusercontent.com/Richy5959/lastochka_phono/main/catalog_photos/data/3 - panties/Т351-400/365_9.jpg, https://raw.githubusercontent.com/Richy5959/lastochka_phono/main/catalog_photos/data/3 - panties/Т351-400/Т365_0.jpg, https://raw.githubusercontent.com/Richy5959/lastochka_phono/main/catalog_photos/data/3 - panties/Т351-400/Т365_1.jpg	б.M, с.S	14
Т366	Трусики бікіні чорні, S, M, L. Код: Т366	2027	чорний	52		140	https://raw.githubusercontent.com/Richy5959/lastochka_phono/main/catalog_photos/data/3 - panties/Т351-400/Т366.jpg	ч.S	13
Т367	Мереживні трусики бразилії, M. Код: Т367	4376	різні	28		85	https://raw.githubusercontent.com/Richy5959/lastochka_phono/main/catalog_photos/data/trusy/Т367_1.jpg, https://raw.githubusercontent.com/Richy5959/lastochka_phono/main/catalog_photos/data/trusy/Т367_2.jpg	M	13
Т369	Безшовні трусики бразилії, M. Код: Т369	339	різні	26		100	https://raw.githubusercontent.com/Richy5959/lastochka_phono/main/catalog_photos/data/3 - panties/Т351-400/Т369.jpg, https://raw.githubusercontent.com/Richy5959/lastochka_phono/main/catalog_photos/data/3 - panties/Т351-400/Т369_1.jpg, https://raw.githubusercontent.com/Richy5959/lastochka_phono/main/catalog_photos/data/3 - panties/Т351-400/Т369_2.jpg	бел, чер, чер, M, M, M	18
Т370	Чорні трусики танга мереживна попа, M, L. Код: Т370	4902	чорний	29		85	https://raw.githubusercontent.com/Richy5959/lastochka_phono/main/catalog_photos/data/3 - panties/Т351-400/370_1.jpg, https://raw.githubusercontent.com/Richy5959/lastochka_phono/main/catalog_photos/data/3 - panties/Т351-400/370_2.jpg, https://raw.githubusercontent.com/Richy5959/lastochka_phono/main/catalog_photos/data/3 - panties/Т351-400/370_5.jpg, https://raw.githubusercontent.com/Richy5959/lastochka_phono/main/catalog_photos/data/3 - panties/Т351-400/370_6.jpg, https://raw.githubusercontent.com/Richy5959/lastochka_phono/main/catalog_photos/data/3 - panties/Т351-400/370_7.jpg, https://raw.githubusercontent.com/Richy5959/lastochka_phono/main/catalog_photos/data/3 - panties/Т351-400/370_8.jpg	ч.М, ч.М, ч.L	15
Т376	Стринги з камінчиком, два кольори, M, L, XL. Код: Т376	1898	черн, червоний	69.2		160	https://raw.githubusercontent.com/Richy5959/lastochka_phono/main/catalog_photos/data/3 - panties/Т351-400/Т376.jpg	ч.L, к.S, к.М	15
Т381	Трусики бавовна, 3XL, 4XL, 5XL. Код: Т381	919	різні	38		90	https://raw.githubusercontent.com/Richy5959/lastochka_phono/main/catalog_photos/data/trusy/Т381_1.jpg, https://raw.githubusercontent.com/Richy5959/lastochka_phono/main/catalog_photos/data/trusy/Т381_2.jpg	1, 1, 1, 1	16
Т382	Трусики бавовна, 2XL, 3XL, 4XL. Код: Т382	336	різні	39		90	https://raw.githubusercontent.com/Richy5959/lastochka_phono/main/catalog_photos/data/trusy/Т382.jpg	1,1,2001	15
Т383	Трусики, S, M, L. Код: Т383	6703	різні	28		80	https://raw.githubusercontent.com/Richy5959/lastochka_phono/main/catalog_photos/data/trusy/Т383.jpg	1	13
Т385	Мереживні стрінги, три кольори, S, M, L. Код: Т385	1909	червоний,зел,бел	54.5		140	https://raw.githubusercontent.com/Richy5959/lastochka_phono/main/catalog_photos/data/3 - panties/Т351-400/Т385_5.jpg, https://raw.githubusercontent.com/Richy5959/lastochka_phono/main/catalog_photos/data/3 - panties/Т351-400/Т385_6.jpg, https://raw.githubusercontent.com/Richy5959/lastochka_phono/main/catalog_photos/data/3 - panties/Т351-400/Т385_9.jpg, https://raw.githubusercontent.com/Richy5959/lastochka_phono/main/catalog_photos/data/trusiki/Т385_1.jpg, https://raw.githubusercontent.com/Richy5959/lastochka_phono/main/catalog_photos/data/trusiki/Т385_2.jpg	к.L, б.S, б.M, б.L	16
Т386	Трусики бікіні,р. 44-48. Код: Т386	1902	кра,бел,чер, пудра	74.34		180	https://raw.githubusercontent.com/Richy5959/lastochka_phono/main/catalog_photos/data/3 - panties/Т351-400/386.jpg	к.S, бел.L, бел.XL, пуд.S, пуд.М, пуд.М, пуд.L, пуд.L, пуд.XL	21
Т387	Трусики бікіні, нар. 44-48. Код: Т387	1889	чер,молоч,бор,червоний,білий, шампань	72.24		180	https://raw.githubusercontent.com/Richy5959/lastochka_phono/main/catalog_photos/data/3 - panties/Т351-400/387.jpg, https://raw.githubusercontent.com/Richy5959/lastochka_phono/main/catalog_photos/data/3 - panties/Т351-400/387_2.jpg, https://raw.githubusercontent.com/Richy5959/lastochka_phono/main/catalog_photos/data/3 - panties/Т351-400/387_3.jpg	ч.S, ч.L, бор.M, бор.L, кр.XL, бел.L, бел.XL, шам.M, шам.M, шам.L, шам.L, шам.XL	24
Т390	Трусики сліпи бавовна, XL, 2XL, 3XL. Код: Т390	7680	різні	30		80	https://raw.githubusercontent.com/Richy5959/lastochka_phono/main/catalog_photos/data/3 - panties/Т351-400/Т390.jpg	1,1,1	15
Т391	Репліка стрінги Calvin Klein бавовна: S, M. Код: Т391	660	чорний	60.36		170	https://raw.githubusercontent.com/Richy5959/lastochka_phono/main/catalog_photos/data/3 - panties/Т351-400/Т391.jpg	S	13
Т394	Трусики бікіні два кольори, S, M, L. Код: Т394	2003	червоний	60.5		160	https://raw.githubusercontent.com/Richy5959/lastochka_phono/main/catalog_photos/data/3 - panties/Т351-400/394_6.jpg, https://raw.githubusercontent.com/Richy5959/lastochka_phono/main/catalog_photos/data/3 - panties/Т351-400/Т394_0.jpg, https://raw.githubusercontent.com/Richy5959/lastochka_phono/main/catalog_photos/data/3 - panties/Т351-400/Т394_1.jpg, https://raw.githubusercontent.com/Richy5959/lastochka_phono/main/catalog_photos/data/3 - panties/Т351-400/Т394_2.jpg	к.М	13
Т395	Сексуальні трусики бразилії. Код: Т395	2019	червоний,бордо	55.6		140	https://raw.githubusercontent.com/Richy5959/lastochka_phono/main/catalog_photos/data/3 - panties/Т351-400/Т395.jpg, https://raw.githubusercontent.com/Richy5959/lastochka_phono/main/catalog_photos/data/3 - panties/Т351-400/Т395_1.jpg	б.L, б.L	14
Т397	Коттонові трусики сліпи. Код: Т397	202	різні	18		50	https://raw.githubusercontent.com/Richy5959/lastochka_phono/main/catalog_photos/data/3 - panties/Т351-400/Т397.jpg	1, 1	14
Т398	Трусики, р.54, 56, 58 (2XL, 3XL, 4XL). Код: Т398	А648	різні	70.67		160	https://raw.githubusercontent.com/Richy5959/lastochka_phono/main/catalog_photos/data/3 - panties/Т351-400/398_1.jpg, https://raw.githubusercontent.com/Richy5959/lastochka_phono/main/catalog_photos/data/3 - panties/Т351-400/398_2.jpg, https://raw.githubusercontent.com/Richy5959/lastochka_phono/main/catalog_photos/data/3 - panties/Т351-400/398_3.jpg	кр.3XL, кр.4XL, син.4XL, ш.3XL, ш.4XL, беж.4XL, роз.4XL	19
Т399	Трусики, нар. 52, 54, 56 (4XL, 5XL, 6XL). Код: Т399	3056	різні	59.21		160	https://raw.githubusercontent.com/Richy5959/lastochka_phono/main/catalog_photos/data/3 - panties/Т351-400/399.jpg	ч.5XL, ч.5XL, ч.6XL, з.4XL, з.5XL, з.6XL, син.4XL, син.5XL, син.6XL, беж.4XL, сер.4XL, сер.5XL, бор.4XL, бор.4XL, сир.4XL	27
Т401	Трусики, нар. 44, 46, 48 (L, XL, 2XL). Код: Т401	5168	різні	42.78		120	https://raw.githubusercontent.com/Richy5959/lastochka_phono/main/catalog_photos/data/3 - panties/401-450/401_1.jpg, https://raw.githubusercontent.com/Richy5959/lastochka_phono/main/catalog_photos/data/3 - panties/401-450/401_2.jpg	син.L, кр.XL, бор.L, мят.L, мят.XL, роз.L, сир.L, сир.XL	20
Т402	Трусики, р.L, XL, 2XL. Код: Т402	6352	різні	38.2		120	https://raw.githubusercontent.com/Richy5959/lastochka_phono/main/catalog_photos/data/3 - panties/401-450/402_1.jpg, https://raw.githubusercontent.com/Richy5959/lastochka_phono/main/catalog_photos/data/3 - panties/401-450/402_2.jpg	ч.L, роз.XL, бел.L, сир.L, сир.2XL	17
Т403	Молочні трусики бікіні, S, M, L, XL. Код: Т403	2262	молочний	79.1		180	https://raw.githubusercontent.com/Richy5959/lastochka_phono/main/catalog_photos/data/3 - panties/401-450/403.jpg, https://raw.githubusercontent.com/Richy5959/lastochka_phono/main/catalog_photos/data/3 - panties/401-450/403_2.jpg, https://raw.githubusercontent.com/Richy5959/lastochka_phono/main/catalog_photos/data/3 - panties/401-450/403_3.jpg	м.M, м.L, м.L, м.XL	16
Т404	Трусики бікіні Annajolly шампань кольору. Код: Т404	60136	молочний	71.9		180	https://raw.githubusercontent.com/Richy5959/lastochka_phono/main/catalog_photos/data/3 - panties/401-450/404_1.jpg, https://raw.githubusercontent.com/Richy5959/lastochka_phono/main/catalog_photos/data/3 - panties/401-450/404_2.jpg, https://raw.githubusercontent.com/Richy5959/lastochka_phono/main/catalog_photos/data/3 - panties/401-450/404_3.jpg	м.L	13
Т405	Трусики бікіні Annajolly, три кольори. Код: Т405	73046	червоний,мол,пудра	77		180	https://raw.githubusercontent.com/Richy5959/lastochka_phono/main/catalog_photos/data/3 - panties/401-450/405_1.jpg, https://raw.githubusercontent.com/Richy5959/lastochka_phono/main/catalog_photos/data/3 - panties/401-450/405_2.jpg, https://raw.githubusercontent.com/Richy5959/lastochka_phono/main/catalog_photos/data/3 - panties/401-450/405_3.jpg, https://raw.githubusercontent.com/Richy5959/lastochka_phono/main/catalog_photos/data/3 - panties/401-450/405_4.jpg, https://raw.githubusercontent.com/Richy5959/lastochka_phono/main/catalog_photos/data/3 - panties/401-450/405_5.jpg, https://raw.githubusercontent.com/Richy5959/lastochka_phono/main/catalog_photos/data/3 - panties/401-450/405_6.jpg	п.XL	13
Т406	Білі трусики бікіні Annajolly. Код: Т406	60561	білий	81.2		180	https://raw.githubusercontent.com/Richy5959/lastochka_phono/main/catalog_photos/data/3 - panties/401-450/406_1.jpg, https://raw.githubusercontent.com/Richy5959/lastochka_phono/main/catalog_photos/data/3 - panties/401-450/406_2.jpg, https://raw.githubusercontent.com/Richy5959/lastochka_phono/main/catalog_photos/data/3 - panties/401-450/406_3.jpg	б.M, б.L, б.XL, б.2XL	16
Т407	Червоні трусики бікіні Annajolly. Код: Т407	60811	червонийый	77		180	https://raw.githubusercontent.com/Richy5959/lastochka_phono/main/catalog_photos/data/3 - panties/401-450/407_1.jpg, https://raw.githubusercontent.com/Richy5959/lastochka_phono/main/catalog_photos/data/3 - panties/401-450/407_2.jpg	к.M, к.M, к.L	15
Т408	Трусики бікіні Annajolly чорного кольору. Код: Т408	73160	чорний	81.6		180	https://raw.githubusercontent.com/Richy5959/lastochka_phono/main/catalog_photos/data/3 - panties/401-450/408_1.jpg, https://raw.githubusercontent.com/Richy5959/lastochka_phono/main/catalog_photos/data/3 - panties/401-450/408_2.jpg	ч.M, ч.2XL	14
Т409	Трусики бікіні 3XL, 4XL, 5XL, різні кольори. Код: Т409	9186	різні	76		180	https://raw.githubusercontent.com/Richy5959/lastochka_phono/main/catalog_photos/data/3 - panties/401-450/409_1.jpg	4XL, 4XL	14
Т410	Трусики бікіні 46, 48, 50, різні кольори. Код: Т410	9081	різні	64		180	https://raw.githubusercontent.com/Richy5959/lastochka_phono/main/catalog_photos/data/3 - panties/401-450/410_1.jpg, https://raw.githubusercontent.com/Richy5959/lastochka_phono/main/catalog_photos/data/3 - panties/401-450/410_2.jpg	46	13
Т411	Трусики бікіні S-M, L-XL, різні кольори. Код: Т411	80044	різні	49		130	https://raw.githubusercontent.com/Richy5959/lastochka_phono/main/catalog_photos/data/3 - panties/401-450/411.jpg	L-XL фио	13
Т412	Трусики мікрофібра M, L, XL, різні кольори. Код: Т412	80238	різні	45		120	https://raw.githubusercontent.com/Richy5959/lastochka_phono/main/catalog_photos/data/3 - panties/401-450/412.jpg	M, M, M, M, XL	17
Т413	Трусики бавовна M, L, XL, різні кольори. Код: Т413	9144	різні	36		120	https://raw.githubusercontent.com/Richy5959/lastochka_phono/main/catalog_photos/data/3 - panties/401-450/413_1.jpg, https://raw.githubusercontent.com/Richy5959/lastochka_phono/main/catalog_photos/data/3 - panties/401-450/413_2.jpg	L, L	14
Т414	Чорні трусики мікрофібра, нар. M. Код: Т414	6174	чорний	64		150	https://raw.githubusercontent.com/Richy5959/lastochka_phono/main/catalog_photos/data/3 - panties/401-450/414_1.jpg, https://raw.githubusercontent.com/Richy5959/lastochka_phono/main/catalog_photos/data/3 - panties/401-450/414_2.jpg	M	13
Т415	Трусики бавовна два кольори, нар. M. Код: Т415	6107	молоч,черн	53		120	https://raw.githubusercontent.com/Richy5959/lastochka_phono/main/catalog_photos/data/3 - panties/401-450/415_1.jpg, https://raw.githubusercontent.com/Richy5959/lastochka_phono/main/catalog_photos/data/3 - panties/401-450/415_2.jpg, https://raw.githubusercontent.com/Richy5959/lastochka_phono/main/catalog_photos/data/3 - panties/401-450/415_3.jpg	м.M, м.M, м.M, ч.M	16
Т416	Чоловічі труси Calvin Klein люрекс гумка 3XL. Код: Т416	9011	різні	106.59		220	https://raw.githubusercontent.com/Richy5959/lastochka_phono/main/catalog_photos/data/3 - panties/401-450/416_0.jpg, https://raw.githubusercontent.com/Richy5959/lastochka_phono/main/catalog_photos/data/3 - panties/401-450/416_1.jpg	3XL	13
Т417	Чоловічі труси Calvin Klein чорна резинка 2XL. Код: Т417	9047	різні	104.5		220	https://raw.githubusercontent.com/Richy5959/lastochka_phono/main/catalog_photos/data/3 - panties/401-450/417_0.jpg	2XL, 2XL, 2XL, 2XL, 2XL, 2XL, 2XL, 2XL, 3XL, 3XL, 3XL, 3XL, 3XL, 3XL, 3XL	27
Т418	Чоловічі труси Tommy Hilfiger 3XL Код: Т418	9051	різні	106.59		220	https://raw.githubusercontent.com/Richy5959/lastochka_phono/main/catalog_photos/data/3 - panties/401-450/418_0.jpg	3XL	13
Т419	Чоловічі труси Kenzo L, XL, 2XL. Код: Т419	7008	різні	114.11		220	https://raw.githubusercontent.com/Richy5959/lastochka_phono/main/catalog_photos/data/3 - panties/401-450/419_0.jpg, https://raw.githubusercontent.com/Richy5959/lastochka_phono/main/catalog_photos/data/3 - panties/401-450/419_1.jpg	L, L, L, L, XL, XL	18
Т421	Мереживні трусики, M, L, XL. Код: Т421	Q8353	чер,мол,беж,червоний	48.3		120	https://raw.githubusercontent.com/Richy5959/lastochka_phono/main/catalog_photos/data/3 - panties/401-450/421_1.jpg, https://raw.githubusercontent.com/Richy5959/lastochka_phono/main/catalog_photos/data/3 - panties/401-450/421_2.jpg, https://raw.githubusercontent.com/Richy5959/lastochka_phono/main/catalog_photos/data/3 - panties/401-450/421_3.jpg	беж.XL	13
Т422	Трусики із бавовни, S/M, L/XL. Код: Т422	1816а	чер,бел,беж,роз	44.1		100	https://raw.githubusercontent.com/Richy5959/lastochka_phono/main/catalog_photos/data/3 - panties/401-450/422.jpg	1, 1	14
Т423	Трусики в широкий рубчик, S, M, L. Код: Т423	4047	різні	25.5		70	https://raw.githubusercontent.com/Richy5959/lastochka_phono/main/catalog_photos/data/3 - panties/401-450/423_0.jpg, https://raw.githubusercontent.com/Richy5959/lastochka_phono/main/catalog_photos/data/3 - panties/401-450/423_1.jpg	M, L	14
Т425	Леопардові стрінги 2-х кольорів, L, XL. Код: Т425	8897с	леопард	56.7		120	https://raw.githubusercontent.com/Richy5959/lastochka_phono/main/catalog_photos/data/3 - panties/401-450/425_0.jpg, https://raw.githubusercontent.com/Richy5959/lastochka_phono/main/catalog_photos/data/3 - panties/401-450/425_1.jpg, https://raw.githubusercontent.com/Richy5959/lastochka_phono/main/catalog_photos/data/3 - panties/401-450/425_2.jpg, https://raw.githubusercontent.com/Richy5959/lastochka_phono/main/catalog_photos/data/3 - panties/401-450/425_3.jpg, https://raw.githubusercontent.com/Richy5959/lastochka_phono/main/catalog_photos/data/3 - panties/401-450/425_4.jpg	с-л.L, с-л.L, с-л.L, с-л.XL, т-л.L	17
Т426	Чоловічі труси сімейні, L, XL, 2XL. Код: Т426	7651	різні	57.82		120	https://raw.githubusercontent.com/Richy5959/lastochka_phono/main/catalog_photos/data/3 - panties/401-450/426_0.jpg, https://raw.githubusercontent.com/Richy5959/lastochka_phono/main/catalog_photos/data/3 - panties/401-450/426_1.jpg	L, L, XL, XL, 2XL, 2XL, 2XL, 2XL, 2XL, 2XL, 2XL, 2XL, 2XL, 2XL, 2XL	27
Т427	Чорні стрінги в сітці. Код: Т427	889а	чорний	52.5		150	https://raw.githubusercontent.com/Richy5959/lastochka_phono/main/catalog_photos/data/3 - panties/401-450/427.jpg	1, 1, 1, 1, 1, 1, 1, 1	20
Т428	Стрінги 2XL, 3XL, 4XL. Код: Т428	803	різні	52.5		180	https://raw.githubusercontent.com/Richy5959/lastochka_phono/main/catalog_photos/data/3 - panties/401-450/428.jpg	1, 1, 1, 1, 1, 1, 1, 1, 1, 1, 1, 1, 1, 1, 1, 1, 1	29
Т429	Трусики із високою посадкою 3XL, 4XL. Код: Т429	3932а	різні	52.5		150	https://raw.githubusercontent.com/Richy5959/lastochka_phono/main/catalog_photos/data/3 - panties/401-450/429.jpg	1, 1, 1, 1, 1, 1, 1, 1, 1	21
Т430	Трусики стрінги 2XL, 3XL, 4XL. Код: Т430	8013а	різні	56.7		150	https://raw.githubusercontent.com/Richy5959/lastochka_phono/main/catalog_photos/data/3 - panties/401-450/430.jpg, https://raw.githubusercontent.com/Richy5959/lastochka_phono/main/catalog_photos/data/3 - panties/401-450/430_1.jpg	мол, мол, мол, пуд, пуд, чер	18
Т431	Червоні трусики з відкритим доступом, 46-48. Код: Т431	1000	червоний	98.7		210	https://raw.githubusercontent.com/Richy5959/lastochka_phono/main/catalog_photos/data/3 - panties/401-450/431_0.jpg, https://raw.githubusercontent.com/Richy5959/lastochka_phono/main/catalog_photos/data/3 - panties/401-450/431_1.jpg	1	13
Т432	Напівпрозорі стрінги, р.42-46. Код: Т432	035а	різні	58.8		150	https://raw.githubusercontent.com/Richy5959/lastochka_phono/main/catalog_photos/data/3 - panties/401-450/432_0.jpg, https://raw.githubusercontent.com/Richy5959/lastochka_phono/main/catalog_photos/data/3 - panties/401-450/432_1.jpg	1, 1	14
Т433	Трусики з доступом, чорні та червоні, S-M. Код: Т433	1421	черн,червоний	67.2		200	https://raw.githubusercontent.com/Richy5959/lastochka_phono/main/catalog_photos/data/3 - panties/401-450/433_0.jpg, https://raw.githubusercontent.com/Richy5959/lastochka_phono/main/catalog_photos/data/3 - panties/401-450/433_1.jpg, https://raw.githubusercontent.com/Richy5959/lastochka_phono/main/catalog_photos/data/3 - panties/401-450/433_2.jpg, https://raw.githubusercontent.com/Richy5959/lastochka_phono/main/catalog_photos/data/3 - panties/401-450/433_3.jpg	чер, чер, кра, кра	16
Т434	Червоні стрінги, M, L, XL, 2XL. Код: Т434	247	червоний	65.94		180	https://raw.githubusercontent.com/Richy5959/lastochka_phono/main/catalog_photos/data/3 - panties/401-450/434.jpg	L, L, XL, XL	16
Т435	Трусики бікіні з бантиком, два кольори. Код: Т435	1927	черн,червоний	82.94		180	https://raw.githubusercontent.com/Richy5959/lastochka_phono/main/catalog_photos/data/3 - panties/401-450/435_0.jpg, https://raw.githubusercontent.com/Richy5959/lastochka_phono/main/catalog_photos/data/3 - panties/401-450/435_1.jpg	кр.M, ч.S, ч.S, ч.S, ч.M, ч.M, ч.M, ч.L, ч.XL, ч.XL, ч.M, ч.M, ч.L, ч.L, ч.XL, ч.M, ч.M, ч.L, ч.XL	31
Т436	Білі трусики бікіні, S, M, L, XL. Код: Т436	2372	білий	80.78		180	https://raw.githubusercontent.com/Richy5959/lastochka_phono/main/catalog_photos/data/3 - panties/401-450/436_0.jpg, https://raw.githubusercontent.com/Richy5959/lastochka_phono/main/catalog_photos/data/3 - panties/401-450/436_1.jpg, https://raw.githubusercontent.com/Richy5959/lastochka_phono/main/catalog_photos/data/3 - panties/401-450/436_2.jpg	б.S, б.M, б.M, б.L	16
Т437	Х/б боксерки подовжені, S, M, L, XL, 2XL. Код: Т437	Т802	чорний	82.7		180	https://raw.githubusercontent.com/Richy5959/lastochka_phono/main/catalog_photos/data/3 - panties/401-450/437_0.jpg, https://raw.githubusercontent.com/Richy5959/lastochka_phono/main/catalog_photos/data/3 - panties/401-450/437_1.jpg, https://raw.githubusercontent.com/Richy5959/lastochka_phono/main/catalog_photos/data/3 - panties/401-450/437_2.jpg, https://raw.githubusercontent.com/Richy5959/lastochka_phono/main/catalog_photos/data/3 - panties/401-450/437_3.jpg	ч.S, ч.M, ч.L, ч.XL, ч.2XL	17
Т438	Чоловічі чорні боксерки, S, M, L, XL. Код: Т438	Т801	чорний	76.1		160	https://raw.githubusercontent.com/Richy5959/lastochka_phono/main/catalog_photos/data/3 - panties/401-450/438_0.jpg, https://raw.githubusercontent.com/Richy5959/lastochka_phono/main/catalog_photos/data/3 - panties/401-450/438_1.jpg	ч.S, ч.M, ч.XL, ч.2XL	16
Т439	Х/б однотонні боксерки, 4XL, 5XL. Код: Т439	8866	різні	69.6		150	https://raw.githubusercontent.com/Richy5959/lastochka_phono/main/catalog_photos/data/3 - panties/401-450/439_0.jpg, https://raw.githubusercontent.com/Richy5959/lastochka_phono/main/catalog_photos/data/3 - panties/401-450/439_1.jpg, https://raw.githubusercontent.com/Richy5959/lastochka_phono/main/catalog_photos/data/3 - panties/401-450/439_2.jpg, https://raw.githubusercontent.com/Richy5959/lastochka_phono/main/catalog_photos/data/3 - panties/401-450/439_3.jpg, https://raw.githubusercontent.com/Richy5959/lastochka_phono/main/catalog_photos/data/3 - panties/401-450/439_4.jpg, https://raw.githubusercontent.com/Richy5959/lastochka_phono/main/catalog_photos/data/3 - panties/401-450/439_5.jpg, https://raw.githubusercontent.com/Richy5959/lastochka_phono/main/catalog_photos/data/3 - panties/401-450/439_6.jpg, https://raw.githubusercontent.com/Richy5959/lastochka_phono/main/catalog_photos/data/3 - panties/401-450/439_7.jpg	4XL, 4XL, 4XL, 4XL, 4XL, 4XL, 5XL, 5XL, 5XL, 5XL, 5XL, 5XL	24
Т440	Х/б боксери у смужку, 6XL. Код: Т440	8065	різні	67.4		150	https://raw.githubusercontent.com/Richy5959/lastochka_phono/main/catalog_photos/data/3 - panties/401-450/440_0.jpg, https://raw.githubusercontent.com/Richy5959/lastochka_phono/main/catalog_photos/data/3 - panties/401-450/440_1.jpg, https://raw.githubusercontent.com/Richy5959/lastochka_phono/main/catalog_photos/data/3 - panties/401-450/440_2.jpg, https://raw.githubusercontent.com/Richy5959/lastochka_phono/main/catalog_photos/data/3 - panties/401-450/440_3.jpg, https://raw.githubusercontent.com/Richy5959/lastochka_phono/main/catalog_photos/data/3 - panties/401-450/440_4.jpg	6XL, 6XL, 6XL, 6XL, 6XL	17
Т441	Чоловічі труси боксери зі світлою гумкою, 4XL. Код: Т441	9082	різні	67.4		150	https://raw.githubusercontent.com/Richy5959/lastochka_phono/main/catalog_photos/data/3 - panties/401-450/441_0.jpg, https://raw.githubusercontent.com/Richy5959/lastochka_phono/main/catalog_photos/data/3 - panties/401-450/441_1.jpg, https://raw.githubusercontent.com/Richy5959/lastochka_phono/main/catalog_photos/data/3 - panties/401-450/441_2.jpg	4XL, 4XL, 4XL, 4XL	16
Т442	Трусики бразилії в 3-х кольорах. Код: Т442	2398	червонийый, чорний, леопард, білий, бежевий, бел-беж	100		195	https://raw.githubusercontent.com/Richy5959/lastochka_phono/main/catalog_photos/data/3 - panties/401-450/442_0.jpg, https://raw.githubusercontent.com/Richy5959/lastochka_phono/main/catalog_photos/data/3 - panties/401-450/442_1.jpg, https://raw.githubusercontent.com/Richy5959/lastochka_phono/main/catalog_photos/data/3 - panties/401-450/442_2.jpg, https://raw.githubusercontent.com/Richy5959/lastochka_phono/main/catalog_photos/data/3 - panties/401-450/442_3.jpg	кр.M, кр.M, кр.L, кр.L, кр.XL, кр.XL, ч.S, ч.M, ч.M, ч.L, ч.L, ч.XL, лео.S, лео.M, лео.M, лео.L, лео.L, лео.XL, бел.S, бел.M, бел.M, бел.L, бел.L, бел.XL, беж.S, беж.M, беж.M, беж.L, беж.L, беж.XL, б-б.S, б-б.M, б-б.M, б-б.L, б-б.L, б-б.XL	48
Т443	Трусики бразилії в 2-х кольорах. Код: Т443	2308	червонийый, чорний	91		190	https://raw.githubusercontent.com/Richy5959/lastochka_phono/main/catalog_photos/data/3 - panties/401-450/443_0.jpg, https://raw.githubusercontent.com/Richy5959/lastochka_phono/main/catalog_photos/data/3 - panties/401-450/443_1.jpg	кр.M, кр.L, кр.XL, ч.S, ч.M, ч.L	18
Т444	Трусики стрінги S-M, L-XL у різних кольорах. Код: Т444	20425	бордо, зел,черн,бел,сер,бирюз	43		120	https://raw.githubusercontent.com/Richy5959/lastochka_phono/main/catalog_photos/data/3 - panties/401-450/444_0.jpg, https://raw.githubusercontent.com/Richy5959/lastochka_phono/main/catalog_photos/data/3 - panties/401-450/444_1.jpg	бор.S-M, бор.L-XL, з.S-M, з.L-XL, ч.S-M, ч.L-XL, бел.S-M, бел.L-XL, сер.S-M, сер.L-XL, бир.S-M, бир.L-XL	24
Т445	Трусики бразилії в 2-х кольорах. Код: Т445	2167	червонийый, чорний	99		190	https://raw.githubusercontent.com/Richy5959/lastochka_phono/main/catalog_photos/data/3 - panties/401-450/445_0.jpg, https://raw.githubusercontent.com/Richy5959/lastochka_phono/main/catalog_photos/data/3 - panties/401-450/445_1.jpg, https://raw.githubusercontent.com/Richy5959/lastochka_phono/main/catalog_photos/data/3 - panties/401-450/445_2.jpg	к.S, к.L, ч.S, ч.M, ч.L, ч.L, ч.XL	19
Т446	Трусики сліпи у 2-х кольорах. Код: Т446	2399	капучино, білий	90.27		195	https://raw.githubusercontent.com/Richy5959/lastochka_phono/main/catalog_photos/data/3 - panties/401-450/446_0.jpg, https://raw.githubusercontent.com/Richy5959/lastochka_phono/main/catalog_photos/data/3 - panties/401-450/446_1.jpg	ка.M, ка.M, ка.L, ка.L, ка.XL, ка.XL, б.M, б.M, б.L, б.L, б.XL, б.XL	24
YT1	Комплект Your Touch "Madonna" в чашці 80В, трусики-хіпстери M. Код: YT1	#MD-6000	чорно-синій	326		850	https://raw.githubusercontent.com/Richy5959/lastochka_phono/main/catalog_photos/data/YourTouch/YT1_1.jpg, https://raw.githubusercontent.com/Richy5959/lastochka_phono/main/catalog_photos/data/YourTouch/YT1_2.jpg	80В	1
А95	Модний комплект із пуш-ап чашкою B80. Код: А95		бірюзовый	230		300	Нет фото	80B	1
C8	Комплект без кісточки чашка В, три кольори. Код: С8	#6036	зелений	221.81		550	https://raw.githubusercontent.com/Richy5959/lastochka_phono/main/catalog_photos/data/1 - sets/С1-50/8_10.jpg, https://raw.githubusercontent.com/Richy5959/lastochka_phono/main/catalog_photos/data/1 - sets/С1-50/8_11.jpg, https://raw.githubusercontent.com/Richy5959/lastochka_phono/main/catalog_photos/data/1 - sets/С1-50/8_12.jpg, https://raw.githubusercontent.com/Richy5959/lastochka_phono/main/catalog_photos/data/1 - sets/С1-50/8_13.jpg, https://raw.githubusercontent.com/Richy5959/lastochka_phono/main/catalog_photos/data/1 - sets/С1-50/8_14.jpg, https://raw.githubusercontent.com/Richy5959/lastochka_phono/main/catalog_photos/data/1 - sets/С1-50/8_15.jpg	85В	1
C11	Литий комплект Victoria's Secret у чашках В та С. Код: С11	#8127-1	бузковий	245		799	https://raw.githubusercontent.com/Richy5959/lastochka_phono/main/catalog_photos/data/1 - sets/С1-50/С11_0.jpg, https://raw.githubusercontent.com/Richy5959/lastochka_phono/main/catalog_photos/data/1 - sets/С1-50/С11_1.jpg, https://raw.githubusercontent.com/Richy5959/lastochka_phono/main/catalog_photos/data/1 - sets/С1-50/С11_2.jpg, https://raw.githubusercontent.com/Richy5959/lastochka_phono/main/catalog_photos/data/1 - sets/С1-50/С11_3.jpg, https://raw.githubusercontent.com/Richy5959/lastochka_phono/main/catalog_photos/data/1 - sets/С1-50/С11_6.jpg	75С	1
C17	Чорний ажурний комплект у чашці D. Код: С17	#7244	чорний	235.2		680	https://raw.githubusercontent.com/Richy5959/lastochka_phono/main/catalog_photos/data/1 - sets/С1-50/17_21.jpg, https://raw.githubusercontent.com/Richy5959/lastochka_phono/main/catalog_photos/data/1 - sets/С1-50/17_22.jpg, https://raw.githubusercontent.com/Richy5959/lastochka_phono/main/catalog_photos/data/1 - sets/С1-50/17_23.jpg, https://raw.githubusercontent.com/Richy5959/lastochka_phono/main/catalog_photos/data/1 - sets/С1-50/17_24.jpg, https://raw.githubusercontent.com/Richy5959/lastochka_phono/main/catalog_photos/data/1 - sets/С1-50/17_25.jpg	95D, 100D	2
C24	Комплект з пуш-апом, чашка С. Код: С24	#К8270	малиновий	78		260	https://raw.githubusercontent.com/Richy5959/lastochka_phono/main/catalog_photos/data/1 - sets/С1-50/С24_1.jpg, https://raw.githubusercontent.com/Richy5959/lastochka_phono/main/catalog_photos/data/1 - sets/С1-50/С24_2.jpg, https://raw.githubusercontent.com/Richy5959/lastochka_phono/main/catalog_photos/data/1 - sets/С1-50/С24_3.jpg	75C, 80C	2
C30	Комплект білизни Weiyesi, чашка B. Код: С30	#9414В	малиновий мікс	60		200	https://raw.githubusercontent.com/Richy5959/lastochka_phono/main/catalog_photos/data/1 - sets/С1-50/С30.jpg, https://raw.githubusercontent.com/Richy5959/lastochka_phono/main/catalog_photos/data/1 - sets/С1-50/С30_5.jpg, https://raw.githubusercontent.com/Richy5959/lastochka_phono/main/catalog_photos/data/1 - sets/С1-50/С30_6.jpg	80B, 85B	2
C43	Чорний сексуальний комплект, розміри S, L. Код: С43	#510	чорний	355		699	https://raw.githubusercontent.com/Richy5959/lastochka_phono/main/catalog_photos/data/1 - sets/С1-50/43.jpg	L	1
C48	Синій комплект чашка С. Код: С48	#2118	синій	200		580	https://raw.githubusercontent.com/Richy5959/lastochka_phono/main/catalog_photos/data/1 - sets/С1-50/48_0.jpg, https://raw.githubusercontent.com/Richy5959/lastochka_phono/main/catalog_photos/data/1 - sets/С1-50/48_1.jpg, https://raw.githubusercontent.com/Richy5959/lastochka_phono/main/catalog_photos/data/1 - sets/С1-50/48_3.jpg	75С	1
C50	Синій набір Calvin Klein чорна гумка. Код: С50	#660	синій	210		620	https://raw.githubusercontent.com/Richy5959/lastochka_phono/main/catalog_photos/data/1 - sets/С1-50/50_0.jpg, https://raw.githubusercontent.com/Richy5959/lastochka_phono/main/catalog_photos/data/1 - sets/С1-50/50_1.jpg, https://raw.githubusercontent.com/Richy5959/lastochka_phono/main/catalog_photos/data/1 - sets/С1-50/50_10.jpg, https://raw.githubusercontent.com/Richy5959/lastochka_phono/main/catalog_photos/data/1 - sets/С1-50/50_20.jpg, https://raw.githubusercontent.com/Richy5959/lastochka_phono/main/catalog_photos/data/1 - sets/С1-50/50_21.jpg	M, L, L	3
C55	Набір репліка Victoria's Secret. Код: С55	#8030	капучіно, червоний	361		900	https://raw.githubusercontent.com/Richy5959/lastochka_phono/main/catalog_photos/data/1 - sets/С51-100/55_10.jpg, https://raw.githubusercontent.com/Richy5959/lastochka_phono/main/catalog_photos/data/1 - sets/С51-100/55_11.jpg, https://raw.githubusercontent.com/Richy5959/lastochka_phono/main/catalog_photos/data/1 - sets/С51-100/55_12.jpg, https://raw.githubusercontent.com/Richy5959/lastochka_phono/main/catalog_photos/data/1 - sets/С51-100/55_13.jpg, https://raw.githubusercontent.com/Richy5959/lastochka_phono/main/catalog_photos/data/1 - sets/С51-100/55_14.jpg, https://raw.githubusercontent.com/Richy5959/lastochka_phono/main/catalog_photos/data/1 - sets/С51-100/55_15.jpg, https://raw.githubusercontent.com/Richy5959/lastochka_phono/main/catalog_photos/data/1 - sets/С51-100/55_16.jpg, https://raw.githubusercontent.com/Richy5959/lastochka_phono/main/catalog_photos/data/1 - sets/С51-100/55_17.jpg, https://raw.githubusercontent.com/Richy5959/lastochka_phono/main/catalog_photos/data/1 - sets/С51-100/55_22.jpg, https://raw.githubusercontent.com/Richy5959/lastochka_phono/main/catalog_photos/data/1 - sets/С51-100/55_33.jpg, https://raw.githubusercontent.com/Richy5959/lastochka_phono/main/catalog_photos/data/1 - sets/С51-100/55_34.jpg, https://raw.githubusercontent.com/Richy5959/lastochka_phono/main/catalog_photos/data/1 - sets/С51-100/55_41.jpg, https://raw.githubusercontent.com/Richy5959/lastochka_phono/main/catalog_photos/data/1 - sets/С51-100/55_42.jpg, https://raw.githubusercontent.com/Richy5959/lastochka_phono/main/catalog_photos/data/1 - sets/С51-100/55_43.jpg, https://raw.githubusercontent.com/Richy5959/lastochka_phono/main/catalog_photos/data/1 - sets/С51-100/55_7.jpg, https://raw.githubusercontent.com/Richy5959/lastochka_phono/main/catalog_photos/data/1 - sets/С51-100/55_8.jpg, https://raw.githubusercontent.com/Richy5959/lastochka_phono/main/catalog_photos/data/1 - sets/С51-100/55_9.jpg, https://raw.githubusercontent.com/Richy5959/lastochka_phono/main/catalog_photos/data/1 - sets/С51-100/C55_40.jpg, https://raw.githubusercontent.com/Richy5959/lastochka_phono/main/catalog_photos/data/1 - sets/С51-100/C55_41.jpg, https://raw.githubusercontent.com/Richy5959/lastochka_phono/main/catalog_photos/data/1 - sets/С51-100/C55_42.jpg, https://raw.githubusercontent.com/Richy5959/lastochka_phono/main/catalog_photos/data/1 - sets/С51-100/C55_43.jpg, https://raw.githubusercontent.com/Richy5959/lastochka_phono/main/catalog_photos/data/1 - sets/С51-100/C55_44.jpg, https://raw.githubusercontent.com/Richy5959/lastochka_phono/main/catalog_photos/data/1 - sets/С51-100/C55_45.jpg, https://raw.githubusercontent.com/Richy5959/lastochka_phono/main/catalog_photos/data/1 - sets/С51-100/C55_лео1.jpg, https://raw.githubusercontent.com/Richy5959/lastochka_phono/main/catalog_photos/data/1 - sets/С51-100/C55_лео2.jpg, https://raw.githubusercontent.com/Richy5959/lastochka_phono/main/catalog_photos/data/1 - sets/С51-100/С55_0.jpg, https://raw.githubusercontent.com/Richy5959/lastochka_phono/main/catalog_photos/data/1 - sets/С51-100/С55_1.jpg, https://raw.githubusercontent.com/Richy5959/lastochka_phono/main/catalog_photos/data/1 - sets/С51-100/С55_2.jpg, https://raw.githubusercontent.com/Richy5959/lastochka_phono/main/catalog_photos/data/1 - sets/С51-100/С55_6.jpg	85В капучіно, 80В червоний	2
C55	Набір репліка Victoria's Secret. Код: С55	#8030	жовтий, марсал	361		900	https://raw.githubusercontent.com/Richy5959/lastochka_phono/main/catalog_photos/data/1 - sets/С51-100/55_10.jpg, https://raw.githubusercontent.com/Richy5959/lastochka_phono/main/catalog_photos/data/1 - sets/С51-100/55_11.jpg, https://raw.githubusercontent.com/Richy5959/lastochka_phono/main/catalog_photos/data/1 - sets/С51-100/55_12.jpg, https://raw.githubusercontent.com/Richy5959/lastochka_phono/main/catalog_photos/data/1 - sets/С51-100/55_13.jpg, https://raw.githubusercontent.com/Richy5959/lastochka_phono/main/catalog_photos/data/1 - sets/С51-100/55_14.jpg, https://raw.githubusercontent.com/Richy5959/lastochka_phono/main/catalog_photos/data/1 - sets/С51-100/55_15.jpg, https://raw.githubusercontent.com/Richy5959/lastochka_phono/main/catalog_photos/data/1 - sets/С51-100/55_16.jpg, https://raw.githubusercontent.com/Richy5959/lastochka_phono/main/catalog_photos/data/1 - sets/С51-100/55_17.jpg, https://raw.githubusercontent.com/Richy5959/lastochka_phono/main/catalog_photos/data/1 - sets/С51-100/55_22.jpg, https://raw.githubusercontent.com/Richy5959/lastochka_phono/main/catalog_photos/data/1 - sets/С51-100/55_33.jpg, https://raw.githubusercontent.com/Richy5959/lastochka_phono/main/catalog_photos/data/1 - sets/С51-100/55_34.jpg, https://raw.githubusercontent.com/Richy5959/lastochka_phono/main/catalog_photos/data/1 - sets/С51-100/55_41.jpg, https://raw.githubusercontent.com/Richy5959/lastochka_phono/main/catalog_photos/data/1 - sets/С51-100/55_42.jpg, https://raw.githubusercontent.com/Richy5959/lastochka_phono/main/catalog_photos/data/1 - sets/С51-100/55_43.jpg, https://raw.githubusercontent.com/Richy5959/lastochka_phono/main/catalog_photos/data/1 - sets/С51-100/55_7.jpg, https://raw.githubusercontent.com/Richy5959/lastochka_phono/main/catalog_photos/data/1 - sets/С51-100/55_8.jpg, https://raw.githubusercontent.com/Richy5959/lastochka_phono/main/catalog_photos/data/1 - sets/С51-100/55_9.jpg, https://raw.githubusercontent.com/Richy5959/lastochka_phono/main/catalog_photos/data/1 - sets/С51-100/C55_40.jpg, https://raw.githubusercontent.com/Richy5959/lastochka_phono/main/catalog_photos/data/1 - sets/С51-100/C55_41.jpg, https://raw.githubusercontent.com/Richy5959/lastochka_phono/main/catalog_photos/data/1 - sets/С51-100/C55_42.jpg, https://raw.githubusercontent.com/Richy5959/lastochka_phono/main/catalog_photos/data/1 - sets/С51-100/C55_43.jpg, https://raw.githubusercontent.com/Richy5959/lastochka_phono/main/catalog_photos/data/1 - sets/С51-100/C55_44.jpg, https://raw.githubusercontent.com/Richy5959/lastochka_phono/main/catalog_photos/data/1 - sets/С51-100/C55_45.jpg, https://raw.githubusercontent.com/Richy5959/lastochka_phono/main/catalog_photos/data/1 - sets/С51-100/C55_лео1.jpg, https://raw.githubusercontent.com/Richy5959/lastochka_phono/main/catalog_photos/data/1 - sets/С51-100/C55_лео2.jpg, https://raw.githubusercontent.com/Richy5959/lastochka_phono/main/catalog_photos/data/1 - sets/С51-100/С55_0.jpg, https://raw.githubusercontent.com/Richy5959/lastochka_phono/main/catalog_photos/data/1 - sets/С51-100/С55_1.jpg, https://raw.githubusercontent.com/Richy5959/lastochka_phono/main/catalog_photos/data/1 - sets/С51-100/С55_2.jpg, https://raw.githubusercontent.com/Richy5959/lastochka_phono/main/catalog_photos/data/1 - sets/С51-100/С55_6.jpg	75С жовтий, 85В марсал	2
C60	Ошатний комплект у чашці C, різні кольори. Код: С60	#5967	чорний	133		480	https://raw.githubusercontent.com/Richy5959/lastochka_phono/main/catalog_photos/data/1 - sets/С51-100/C60_0.jpg, https://raw.githubusercontent.com/Richy5959/lastochka_phono/main/catalog_photos/data/1 - sets/С51-100/C60_1.jpg, https://raw.githubusercontent.com/Richy5959/lastochka_phono/main/catalog_photos/data/1 - sets/С51-100/C60_10.jpg, https://raw.githubusercontent.com/Richy5959/lastochka_phono/main/catalog_photos/data/1 - sets/С51-100/C60_11.jpg, https://raw.githubusercontent.com/Richy5959/lastochka_phono/main/catalog_photos/data/1 - sets/С51-100/C60_2.jpg, https://raw.githubusercontent.com/Richy5959/lastochka_phono/main/catalog_photos/data/1 - sets/С51-100/C60_3.jpg, https://raw.githubusercontent.com/Richy5959/lastochka_phono/main/catalog_photos/data/1 - sets/С51-100/C60_4.jpg, https://raw.githubusercontent.com/Richy5959/lastochka_phono/main/catalog_photos/data/1 - sets/С51-100/C60_5.jpg, https://raw.githubusercontent.com/Richy5959/lastochka_phono/main/catalog_photos/data/1 - sets/С51-100/C60_6.jpg, https://raw.githubusercontent.com/Richy5959/lastochka_phono/main/catalog_photos/data/1 - sets/С51-100/C60_7.jpg, https://raw.githubusercontent.com/Richy5959/lastochka_phono/main/catalog_photos/data/1 - sets/С51-100/C60_8.jpg, https://raw.githubusercontent.com/Richy5959/lastochka_phono/main/catalog_photos/data/1 - sets/С51-100/C60_9.jpg	75С	1
C63	Гладкий комплект без кісточок, різні кольори. Код: С63	#2160	білий	211		650	https://raw.githubusercontent.com/Richy5959/lastochka_phono/main/catalog_photos/data/1 - sets/С51-100/63_0.jpg, https://raw.githubusercontent.com/Richy5959/lastochka_phono/main/catalog_photos/data/1 - sets/С51-100/63_1.jpg, https://raw.githubusercontent.com/Richy5959/lastochka_phono/main/catalog_photos/data/1 - sets/С51-100/63_2.jpg, https://raw.githubusercontent.com/Richy5959/lastochka_phono/main/catalog_photos/data/1 - sets/С51-100/63_3.jpg, https://raw.githubusercontent.com/Richy5959/lastochka_phono/main/catalog_photos/data/1 - sets/С51-100/63_4.jpg, https://raw.githubusercontent.com/Richy5959/lastochka_phono/main/catalog_photos/data/1 - sets/С51-100/63_5.jpg, https://raw.githubusercontent.com/Richy5959/lastochka_phono/main/catalog_photos/data/1 - sets/С51-100/63_7.jpg	85В	1
C77	Комплект Victoria's Secret чашка В, два кольори. Код: С77	#325	червоний	385		1250	https://raw.githubusercontent.com/Richy5959/lastochka_phono/main/catalog_photos/data/1 - sets/С51-100/77_10.jpg, https://raw.githubusercontent.com/Richy5959/lastochka_phono/main/catalog_photos/data/1 - sets/С51-100/77_11.jpg	80В	1
C84	Комплект нижньої білизни чашка В. Код: С84	#5423	чорний	182		480	https://raw.githubusercontent.com/Richy5959/lastochka_phono/main/catalog_photos/data/1 - sets/С51-100/A86_3.png, https://raw.githubusercontent.com/Richy5959/lastochka_phono/main/catalog_photos/data/1 - sets/С51-100/С84_1.jpg, https://raw.githubusercontent.com/Richy5959/lastochka_phono/main/catalog_photos/data/1 - sets/С51-100/С84_2.jpg, https://raw.githubusercontent.com/Richy5959/lastochka_phono/main/catalog_photos/data/1 - sets/С51-100/С84_3.jpg, https://raw.githubusercontent.com/Richy5959/lastochka_phono/main/catalog_photos/data/1 - sets/С51-100/С84_9.jpg	85В	1
C91	Малинова мережива комплект білизни. Код: С91	#1826	малиновый	227		440	https://raw.githubusercontent.com/Richy5959/lastochka_phono/main/catalog_photos/data/1 - sets/С51-100/91_4.jpg, https://raw.githubusercontent.com/Richy5959/lastochka_phono/main/catalog_photos/data/1 - sets/С51-100/С91_1.jpg, https://raw.githubusercontent.com/Richy5959/lastochka_phono/main/catalog_photos/data/1 - sets/С51-100/С91_2.jpg, https://raw.githubusercontent.com/Richy5959/lastochka_phono/main/catalog_photos/data/1 - sets/С51-100/С91_3.jpg	S(75), M(80), L(85)	3
C94	Комплект нижньої білизни Код: С94	#1819	марсал	158		400	https://raw.githubusercontent.com/Richy5959/lastochka_phono/main/catalog_photos/data/1 - sets/С51-100/94_5.jpg, https://raw.githubusercontent.com/Richy5959/lastochka_phono/main/catalog_photos/data/1 - sets/С51-100/С94_1.jpg, https://raw.githubusercontent.com/Richy5959/lastochka_phono/main/catalog_photos/data/1 - sets/С51-100/С94_2.jpg, https://raw.githubusercontent.com/Richy5959/lastochka_phono/main/catalog_photos/data/1 - sets/С51-100/С94_3.jpg, https://raw.githubusercontent.com/Richy5959/lastochka_phono/main/catalog_photos/data/1 - sets/С51-100/С94_4.jpg, https://raw.githubusercontent.com/Richy5959/lastochka_phono/main/catalog_photos/data/1 - sets/С51-100/С94_9.jpg	L(85), XL(90)	2
C96	Комплект нижньої білизни Код: С96	#1805	марсал	142		380	https://raw.githubusercontent.com/Richy5959/lastochka_phono/main/catalog_photos/data/1 - sets/С51-100/C96_4.jpg, https://raw.githubusercontent.com/Richy5959/lastochka_phono/main/catalog_photos/data/1 - sets/С51-100/С96_1.jpg, https://raw.githubusercontent.com/Richy5959/lastochka_phono/main/catalog_photos/data/1 - sets/С51-100/С96_2.jpg, https://raw.githubusercontent.com/Richy5959/lastochka_phono/main/catalog_photos/data/1 - sets/С51-100/С96_3.jpg	M(80), L(85), XL(90)	3
C99	Прозорий боді з пір'ям, два кольори. Код: С99	#CH1600	чорний, червоний	187		420	https://raw.githubusercontent.com/Richy5959/lastochka_phono/main/catalog_photos/data/1 - sets/С51-100/99_0.jpg, https://raw.githubusercontent.com/Richy5959/lastochka_phono/main/catalog_photos/data/1 - sets/С51-100/99_1.jpg, https://raw.githubusercontent.com/Richy5959/lastochka_phono/main/catalog_photos/data/1 - sets/С51-100/99_2.jpg	L(80) чорний, XL(85) червоний	2
C100	Комплект кольору бордо чашка С. Код: С100	#2091	бордо	158		450	https://raw.githubusercontent.com/Richy5959/lastochka_phono/main/catalog_photos/data/1 - sets/С51-100/100_1.jpg, https://raw.githubusercontent.com/Richy5959/lastochka_phono/main/catalog_photos/data/1 - sets/С51-100/100_2.jpg, https://raw.githubusercontent.com/Richy5959/lastochka_phono/main/catalog_photos/data/1 - sets/С51-100/100_3.jpg	85С	1
C102	Гладкий комплект Victoria's Secret чашка С. Код: С102	#8057	червоний	351		1250	https://raw.githubusercontent.com/Richy5959/lastochka_phono/main/catalog_photos/data/1 - sets/С101-150/102_0.jpg, https://raw.githubusercontent.com/Richy5959/lastochka_phono/main/catalog_photos/data/1 - sets/С101-150/102_1.jpg, https://raw.githubusercontent.com/Richy5959/lastochka_phono/main/catalog_photos/data/1 - sets/С101-150/102_2.jpg, https://raw.githubusercontent.com/Richy5959/lastochka_phono/main/catalog_photos/data/1 - sets/С101-150/102_3.jpg, https://raw.githubusercontent.com/Richy5959/lastochka_phono/main/catalog_photos/data/1 - sets/С101-150/102_4.jpg, https://raw.githubusercontent.com/Richy5959/lastochka_phono/main/catalog_photos/data/1 - sets/С101-150/102_5.jpg	75С	1
C115	Шкіряний пуш-ап комплект у чашці С. Код: С115	#8189	червоний	318		850	https://raw.githubusercontent.com/Richy5959/lastochka_phono/main/catalog_photos/data/1 - sets/С101-150/115_0.jpg, https://raw.githubusercontent.com/Richy5959/lastochka_phono/main/catalog_photos/data/1 - sets/С101-150/115_1.jpg, https://raw.githubusercontent.com/Richy5959/lastochka_phono/main/catalog_photos/data/1 - sets/С101-150/115_2.jpg, https://raw.githubusercontent.com/Richy5959/lastochka_phono/main/catalog_photos/data/1 - sets/С101-150/115_3.jpg, https://raw.githubusercontent.com/Richy5959/lastochka_phono/main/catalog_photos/data/1 - sets/С101-150/115_4.jpg	75С, 80С	2
C116	Шкіряний пуш-ап комплект зі стрепами чашка В. Код: С116	#8186	червоний	241		850	https://raw.githubusercontent.com/Richy5959/lastochka_phono/main/catalog_photos/data/1 - sets/С101-150/116_0.jpg, https://raw.githubusercontent.com/Richy5959/lastochka_phono/main/catalog_photos/data/1 - sets/С101-150/116_1.jpg, https://raw.githubusercontent.com/Richy5959/lastochka_phono/main/catalog_photos/data/1 - sets/С101-150/116_10.jpg, https://raw.githubusercontent.com/Richy5959/lastochka_phono/main/catalog_photos/data/1 - sets/С101-150/116_2.jpg, https://raw.githubusercontent.com/Richy5959/lastochka_phono/main/catalog_photos/data/1 - sets/С101-150/116_20.jpg, https://raw.githubusercontent.com/Richy5959/lastochka_phono/main/catalog_photos/data/1 - sets/С101-150/116_21.jpg, https://raw.githubusercontent.com/Richy5959/lastochka_phono/main/catalog_photos/data/1 - sets/С101-150/116_22.jpg, https://raw.githubusercontent.com/Richy5959/lastochka_phono/main/catalog_photos/data/1 - sets/С101-150/116_23.jpg, https://raw.githubusercontent.com/Richy5959/lastochka_phono/main/catalog_photos/data/1 - sets/С101-150/116_24.jpg, https://raw.githubusercontent.com/Richy5959/lastochka_phono/main/catalog_photos/data/1 - sets/С101-150/116_25.jpg, https://raw.githubusercontent.com/Richy5959/lastochka_phono/main/catalog_photos/data/1 - sets/С101-150/116_3.jpg, https://raw.githubusercontent.com/Richy5959/lastochka_phono/main/catalog_photos/data/1 - sets/С101-150/116_4.jpg, https://raw.githubusercontent.com/Richy5959/lastochka_phono/main/catalog_photos/data/1 - sets/С101-150/116_5.jpg, https://raw.githubusercontent.com/Richy5959/lastochka_phono/main/catalog_photos/data/1 - sets/С101-150/116_6.jpg, https://raw.githubusercontent.com/Richy5959/lastochka_phono/main/catalog_photos/data/1 - sets/С101-150/116_9.jpg, https://raw.githubusercontent.com/Richy5959/lastochka_phono/main/catalog_photos/data/1 - sets/С101-150/С116_1.jpg	80В, 85В, 85В, 85В	4
C131	Еротичний комплект кольору бордо, чашка В. Код: С131	#39013	бордо	564		1550	https://raw.githubusercontent.com/Richy5959/lastochka_phono/main/catalog_photos/data/1 - sets/С101-150/131_0.jpg, https://raw.githubusercontent.com/Richy5959/lastochka_phono/main/catalog_photos/data/1 - sets/С101-150/131_1.jpg, https://raw.githubusercontent.com/Richy5959/lastochka_phono/main/catalog_photos/data/1 - sets/С101-150/131_2.jpg, https://raw.githubusercontent.com/Richy5959/lastochka_phono/main/catalog_photos/data/1 - sets/С101-150/131_3.jpg, https://raw.githubusercontent.com/Richy5959/lastochka_phono/main/catalog_photos/data/1 - sets/С101-150/131_4.jpg, https://raw.githubusercontent.com/Richy5959/lastochka_phono/main/catalog_photos/data/1 - sets/С101-150/131_5.jpg, https://raw.githubusercontent.com/Richy5959/lastochka_phono/main/catalog_photos/data/1 - sets/С101-150/131_6.jpg	85B	1
C134	Комплект із вишивкою чашка С. Код: С134	#8455-5	рожевий	134		450	Нет фото	80С	1
C139	Пуш-ап комплект чашка, колір хакі. Код: С139	#2180	оливковий	200.88		550	https://raw.githubusercontent.com/Richy5959/lastochka_phono/main/catalog_photos/data/1 - sets/С101-150/139_0.jpg, https://raw.githubusercontent.com/Richy5959/lastochka_phono/main/catalog_photos/data/1 - sets/С101-150/139_1.jpg, https://raw.githubusercontent.com/Richy5959/lastochka_phono/main/catalog_photos/data/1 - sets/С101-150/139_10.jpg, https://raw.githubusercontent.com/Richy5959/lastochka_phono/main/catalog_photos/data/1 - sets/С101-150/139_2.jpg, https://raw.githubusercontent.com/Richy5959/lastochka_phono/main/catalog_photos/data/1 - sets/С101-150/139_3.jpg, https://raw.githubusercontent.com/Richy5959/lastochka_phono/main/catalog_photos/data/1 - sets/С101-150/139_30.jpg, https://raw.githubusercontent.com/Richy5959/lastochka_phono/main/catalog_photos/data/1 - sets/С101-150/139_31.jpg, https://raw.githubusercontent.com/Richy5959/lastochka_phono/main/catalog_photos/data/1 - sets/С101-150/139_4.jpg, https://raw.githubusercontent.com/Richy5959/lastochka_phono/main/catalog_photos/data/1 - sets/С101-150/139_5.jpg, https://raw.githubusercontent.com/Richy5959/lastochka_phono/main/catalog_photos/data/1 - sets/С101-150/139_6.jpg, https://raw.githubusercontent.com/Richy5959/lastochka_phono/main/catalog_photos/data/1 - sets/С101-150/139_7.jpg, https://raw.githubusercontent.com/Richy5959/lastochka_phono/main/catalog_photos/data/1 - sets/С101-150/139_8.jpg, https://raw.githubusercontent.com/Richy5959/lastochka_phono/main/catalog_photos/data/1 - sets/С101-150/139_9.jpg	75В, 80В	2
C141	Комплект пушап чашка В, два кольори. Код: С141	#8134	чорно-бежевий	180		540	https://raw.githubusercontent.com/Richy5959/lastochka_phono/main/catalog_photos/data/1 - sets/С101-150/141_0.jpg, https://raw.githubusercontent.com/Richy5959/lastochka_phono/main/catalog_photos/data/1 - sets/С101-150/141_1.jpg, https://raw.githubusercontent.com/Richy5959/lastochka_phono/main/catalog_photos/data/1 - sets/С101-150/141_2.jpg, https://raw.githubusercontent.com/Richy5959/lastochka_phono/main/catalog_photos/data/1 - sets/С101-150/141_3.jpg, https://raw.githubusercontent.com/Richy5959/lastochka_phono/main/catalog_photos/data/1 - sets/С101-150/141_4.jpg, https://raw.githubusercontent.com/Richy5959/lastochka_phono/main/catalog_photos/data/1 - sets/С101-150/141_6.jpg	80В, 80В, 85В, 85В, 85В	5
C144	Набір великий пушап чашка, чорний. Код: С144	#774	чорний	160		480	https://raw.githubusercontent.com/Richy5959/lastochka_phono/main/catalog_photos/data/1 - sets/С101-150/144_0.jpg, https://raw.githubusercontent.com/Richy5959/lastochka_phono/main/catalog_photos/data/1 - sets/С101-150/144_1.jpg	75В, 85В	2
C146	Набір з мереживними бретелями. Код: С146	#772	сіро-синій, чорний	160		480	https://raw.githubusercontent.com/Richy5959/lastochka_phono/main/catalog_photos/data/1 - sets/С101-150/146_0.jpg, https://raw.githubusercontent.com/Richy5959/lastochka_phono/main/catalog_photos/data/1 - sets/С101-150/146_1.jpg, https://raw.githubusercontent.com/Richy5959/lastochka_phono/main/catalog_photos/data/1 - sets/С101-150/146_2.jpg, https://raw.githubusercontent.com/Richy5959/lastochka_phono/main/catalog_photos/data/1 - sets/С101-150/146_3.jpg, https://raw.githubusercontent.com/Richy5959/lastochka_phono/main/catalog_photos/data/1 - sets/С101-150/146_4.jpg	85В сіро-синій, 85В чорний	2
C147	Бюстгалтери балконет у пуш-ап чашці С. Код: С147	#1626	червоний	160		460	https://raw.githubusercontent.com/Richy5959/lastochka_phono/main/catalog_photos/data/1 - sets/С101-150/С147_1.jpg, https://raw.githubusercontent.com/Richy5959/lastochka_phono/main/catalog_photos/data/1 - sets/С101-150/С147_2.jpg, https://raw.githubusercontent.com/Richy5959/lastochka_phono/main/catalog_photos/data/1 - sets/С101-150/С147_3.jpg, https://raw.githubusercontent.com/Richy5959/lastochka_phono/main/catalog_photos/data/1 - sets/С101-150/С147_4.jpg	80С, 85С	2
C149	Набір чашка С, два кольори. Код: С149	#7124	білий	130		520	https://raw.githubusercontent.com/Richy5959/lastochka_phono/main/catalog_photos/data/1 - sets/С101-150/149_1.jpg, https://raw.githubusercontent.com/Richy5959/lastochka_phono/main/catalog_photos/data/1 - sets/С101-150/149_2.jpg, https://raw.githubusercontent.com/Richy5959/lastochka_phono/main/catalog_photos/data/1 - sets/С101-150/149_3.jpg, https://raw.githubusercontent.com/Richy5959/lastochka_phono/main/catalog_photos/data/1 - sets/С101-150/149_4.jpg, https://raw.githubusercontent.com/Richy5959/lastochka_phono/main/catalog_photos/data/1 - sets/С101-150/149_5.jpg, https://raw.githubusercontent.com/Richy5959/lastochka_phono/main/catalog_photos/data/1 - sets/С101-150/149_6.jpg	80С, 80С, 80С	3
C152	Пуш-ап комплект з литим бюстом, два кольори. Код: С152	#8330, 8230	молочний, зелений	75		430	https://raw.githubusercontent.com/Richy5959/lastochka_phono/main/catalog_photos/data/1 - sets/С151-200/152_12.jpg, https://raw.githubusercontent.com/Richy5959/lastochka_phono/main/catalog_photos/data/1 - sets/С151-200/152_13.jpg, https://raw.githubusercontent.com/Richy5959/lastochka_phono/main/catalog_photos/data/1 - sets/С151-200/С152_1.jpg, https://raw.githubusercontent.com/Richy5959/lastochka_phono/main/catalog_photos/data/1 - sets/С151-200/С152_2.jpg, https://raw.githubusercontent.com/Richy5959/lastochka_phono/main/catalog_photos/data/1 - sets/С151-200/С152_4.png, https://raw.githubusercontent.com/Richy5959/lastochka_phono/main/catalog_photos/data/1 - sets/С151-200/С152_5.png, https://raw.githubusercontent.com/Richy5959/lastochka_phono/main/catalog_photos/data/1 - sets/С151-200/С152_6.jpg	75В молочний, 75В молочний, 80В молочний, 85В молочний, 85В молочний, 80В зелений, 85В зелений	7
C156	Комплект у чашці В. Код: С156	#8429	жовтий	165		430	https://raw.githubusercontent.com/Richy5959/lastochka_phono/main/catalog_photos/data/1 - sets/С151-200/С156_23.jpg	75С	1
C158	Чорний комплект чашка В. Код: С158	#7004	чорний	160		480	https://raw.githubusercontent.com/Richy5959/lastochka_phono/main/catalog_photos/data/1 - sets/С151-200/158_0.jpg, https://raw.githubusercontent.com/Richy5959/lastochka_phono/main/catalog_photos/data/1 - sets/С151-200/158_1.jpg, https://raw.githubusercontent.com/Richy5959/lastochka_phono/main/catalog_photos/data/1 - sets/С151-200/158_2.jpg, https://raw.githubusercontent.com/Richy5959/lastochka_phono/main/catalog_photos/data/1 - sets/С151-200/158_3.jpg, https://raw.githubusercontent.com/Richy5959/lastochka_phono/main/catalog_photos/data/1 - sets/С151-200/158_4.jpg	80В	1
C169	Комплект білизни в пуш-ап чашці В. Код: С169	#739	пудра	118		430	https://raw.githubusercontent.com/Richy5959/lastochka_phono/main/catalog_photos/data/1 - sets/С151-200/С169_1.jpg, https://raw.githubusercontent.com/Richy5959/lastochka_phono/main/catalog_photos/data/1 - sets/С151-200/С169_2.jpg	85B	1
C175	Молочний комплект чашка С. Код: С175	#7128	молочний	180		550	https://raw.githubusercontent.com/Richy5959/lastochka_phono/main/catalog_photos/data/1 - sets/С151-200/175_0.jpg, https://raw.githubusercontent.com/Richy5959/lastochka_phono/main/catalog_photos/data/1 - sets/С151-200/175_1.jpg, https://raw.githubusercontent.com/Richy5959/lastochka_phono/main/catalog_photos/data/1 - sets/С151-200/175_2.jpg	75С	1
C177	Гарний чорний комплект чашка D. Код: С177	#8212	чорний	225		580	https://raw.githubusercontent.com/Richy5959/lastochka_phono/main/catalog_photos/data/1 - sets/С151-200/177_10.jpg, https://raw.githubusercontent.com/Richy5959/lastochka_phono/main/catalog_photos/data/1 - sets/С151-200/177_20.jpg, https://raw.githubusercontent.com/Richy5959/lastochka_phono/main/catalog_photos/data/1 - sets/С151-200/177_21.jpg, https://raw.githubusercontent.com/Richy5959/lastochka_phono/main/catalog_photos/data/1 - sets/С151-200/177_22.jpg, https://raw.githubusercontent.com/Richy5959/lastochka_phono/main/catalog_photos/data/1 - sets/С151-200/177_50.jpg, https://raw.githubusercontent.com/Richy5959/lastochka_phono/main/catalog_photos/data/1 - sets/С151-200/177_51.jpg, https://raw.githubusercontent.com/Richy5959/lastochka_phono/main/catalog_photos/data/1 - sets/С151-200/177_9.jpg, https://raw.githubusercontent.com/Richy5959/lastochka_phono/main/catalog_photos/data/1 - sets/С151-200/С177_1.jpg, https://raw.githubusercontent.com/Richy5959/lastochka_phono/main/catalog_photos/data/1 - sets/С151-200/С177_11.jpg, https://raw.githubusercontent.com/Richy5959/lastochka_phono/main/catalog_photos/data/1 - sets/С151-200/С177_12.jpg, https://raw.githubusercontent.com/Richy5959/lastochka_phono/main/catalog_photos/data/1 - sets/С151-200/С177_13.jpg, https://raw.githubusercontent.com/Richy5959/lastochka_phono/main/catalog_photos/data/1 - sets/С151-200/С177_2.jpg, https://raw.githubusercontent.com/Richy5959/lastochka_phono/main/catalog_photos/data/1 - sets/С151-200/С177_3.jpg, https://raw.githubusercontent.com/Richy5959/lastochka_phono/main/catalog_photos/data/1 - sets/С151-200/С177_4.jpg	80D, 85D, 90D, 95D, 95D	5
C179	Комплект зі стрінгами чашка В. Код: С179	#6037	зелений	234.36		550	https://raw.githubusercontent.com/Richy5959/lastochka_phono/main/catalog_photos/data/1 - sets/С151-200/179_0.jpg, https://raw.githubusercontent.com/Richy5959/lastochka_phono/main/catalog_photos/data/1 - sets/С151-200/179_1.jpg, https://raw.githubusercontent.com/Richy5959/lastochka_phono/main/catalog_photos/data/1 - sets/С151-200/179_2.jpg, https://raw.githubusercontent.com/Richy5959/lastochka_phono/main/catalog_photos/data/1 - sets/С151-200/179_3.jpg, https://raw.githubusercontent.com/Richy5959/lastochka_phono/main/catalog_photos/data/1 - sets/С151-200/179_30.jpg, https://raw.githubusercontent.com/Richy5959/lastochka_phono/main/catalog_photos/data/1 - sets/С151-200/179_31.jpg, https://raw.githubusercontent.com/Richy5959/lastochka_phono/main/catalog_photos/data/1 - sets/С151-200/179_32.jpg, https://raw.githubusercontent.com/Richy5959/lastochka_phono/main/catalog_photos/data/1 - sets/С151-200/179_33.jpg, https://raw.githubusercontent.com/Richy5959/lastochka_phono/main/catalog_photos/data/1 - sets/С151-200/179_4.jpg	85В	1
C181	Мереживний набір кольорів бордо. Код: С181	#1842	бордо	182.75		450	https://raw.githubusercontent.com/Richy5959/lastochka_phono/main/catalog_photos/data/1 - sets/С151-200/С181_1.jpg, https://raw.githubusercontent.com/Richy5959/lastochka_phono/main/catalog_photos/data/1 - sets/С151-200/С181_2.jpg, https://raw.githubusercontent.com/Richy5959/lastochka_phono/main/catalog_photos/data/1 - sets/С151-200/С181_8.jpg, https://raw.githubusercontent.com/Richy5959/lastochka_phono/main/catalog_photos/data/1 - sets/С151-200/С181_9.jpg	XL	1
C183	Білий комплект без кісточки чашка В. Код: С183	#8343	пудра	150		520	https://raw.githubusercontent.com/Richy5959/lastochka_phono/main/catalog_photos/data/1 - sets/С151-200/183_0.jpg, https://raw.githubusercontent.com/Richy5959/lastochka_phono/main/catalog_photos/data/1 - sets/С151-200/183_1.jpg, https://raw.githubusercontent.com/Richy5959/lastochka_phono/main/catalog_photos/data/1 - sets/С151-200/C183_2.jpg	85B	1
C185	Мереживний комплект Кривий Ріг. Код: С185	#1845	бордо	150		440	https://raw.githubusercontent.com/Richy5959/lastochka_phono/main/catalog_photos/data/1 - sets/С151-200/С185_1.jpg, https://raw.githubusercontent.com/Richy5959/lastochka_phono/main/catalog_photos/data/1 - sets/С151-200/С185_2.jpg, https://raw.githubusercontent.com/Richy5959/lastochka_phono/main/catalog_photos/data/1 - sets/С151-200/С185_3.jpg	XL	1
C189	Спокусливий комплект білизни. Код: С189	#1832-1	молочний	170		460	https://raw.githubusercontent.com/Richy5959/lastochka_phono/main/catalog_photos/data/1 - sets/С151-200/189_0.jpg, https://raw.githubusercontent.com/Richy5959/lastochka_phono/main/catalog_photos/data/1 - sets/С151-200/189_1.jpg, https://raw.githubusercontent.com/Richy5959/lastochka_phono/main/catalog_photos/data/1 - sets/С151-200/189_2.jpg	L, XL	2
C190	Неймовірно гарний комплект пуш-ап чашка В. Код: С190	#8268	чорний, червоний, синьо-рожевий	240		630	https://raw.githubusercontent.com/Richy5959/lastochka_phono/main/catalog_photos/data/1 - sets/С151-200/190_10.jpg, https://raw.githubusercontent.com/Richy5959/lastochka_phono/main/catalog_photos/data/1 - sets/С151-200/190_11.jpg, https://raw.githubusercontent.com/Richy5959/lastochka_phono/main/catalog_photos/data/1 - sets/С151-200/190_12.jpg, https://raw.githubusercontent.com/Richy5959/lastochka_phono/main/catalog_photos/data/1 - sets/С151-200/190_13.jpg, https://raw.githubusercontent.com/Richy5959/lastochka_phono/main/catalog_photos/data/1 - sets/С151-200/190_14.jpg, https://raw.githubusercontent.com/Richy5959/lastochka_phono/main/catalog_photos/data/1 - sets/С151-200/190_20.jpg, https://raw.githubusercontent.com/Richy5959/lastochka_phono/main/catalog_photos/data/1 - sets/С151-200/190_21.jpg, https://raw.githubusercontent.com/Richy5959/lastochka_phono/main/catalog_photos/data/1 - sets/С151-200/190_22.jpg, https://raw.githubusercontent.com/Richy5959/lastochka_phono/main/catalog_photos/data/1 - sets/С151-200/190_23.jpg, https://raw.githubusercontent.com/Richy5959/lastochka_phono/main/catalog_photos/data/1 - sets/С151-200/190_26.jpg, https://raw.githubusercontent.com/Richy5959/lastochka_phono/main/catalog_photos/data/1 - sets/С151-200/190_27.jpg	85B чорний, 80B червоний, 75B синьо-рожевий, 75B синьо-рожевий	4
C190	Неймовірно гарний комплект пуш-ап чашка В. Код: С190	#8268	чорно-бежевий, молочний, пудра	240		630	https://raw.githubusercontent.com/Richy5959/lastochka_phono/main/catalog_photos/data/1 - sets/С151-200/190_10.jpg, https://raw.githubusercontent.com/Richy5959/lastochka_phono/main/catalog_photos/data/1 - sets/С151-200/190_11.jpg, https://raw.githubusercontent.com/Richy5959/lastochka_phono/main/catalog_photos/data/1 - sets/С151-200/190_12.jpg, https://raw.githubusercontent.com/Richy5959/lastochka_phono/main/catalog_photos/data/1 - sets/С151-200/190_13.jpg, https://raw.githubusercontent.com/Richy5959/lastochka_phono/main/catalog_photos/data/1 - sets/С151-200/190_14.jpg, https://raw.githubusercontent.com/Richy5959/lastochka_phono/main/catalog_photos/data/1 - sets/С151-200/190_20.jpg, https://raw.githubusercontent.com/Richy5959/lastochka_phono/main/catalog_photos/data/1 - sets/С151-200/190_21.jpg, https://raw.githubusercontent.com/Richy5959/lastochka_phono/main/catalog_photos/data/1 - sets/С151-200/190_22.jpg, https://raw.githubusercontent.com/Richy5959/lastochka_phono/main/catalog_photos/data/1 - sets/С151-200/190_23.jpg, https://raw.githubusercontent.com/Richy5959/lastochka_phono/main/catalog_photos/data/1 - sets/С151-200/190_26.jpg, https://raw.githubusercontent.com/Richy5959/lastochka_phono/main/catalog_photos/data/1 - sets/С151-200/190_27.jpg	85B чорно-бежевий, 80B молочний, 85B молочний, 75B пудра, 80B пудра, 85B пудра	6
C198	Комплект у рубчик зі знімним поролоном, на чашку С. Код: С198	#8841	пудра	149.1		400	https://raw.githubusercontent.com/Richy5959/lastochka_phono/main/catalog_photos/data/1 - sets/С151-200/C198_40.jpg, https://raw.githubusercontent.com/Richy5959/lastochka_phono/main/catalog_photos/data/1 - sets/С151-200/C198_41.jpg, https://raw.githubusercontent.com/Richy5959/lastochka_phono/main/catalog_photos/data/1 - sets/С151-200/C198_42.jpg	пудра	1
C199	Гарний комплект чашки 80B. Код: С199	#8429	жовтий	170		465	https://raw.githubusercontent.com/Richy5959/lastochka_phono/main/catalog_photos/data/1 - sets/С151-200/С199_19.jpg, https://raw.githubusercontent.com/Richy5959/lastochka_phono/main/catalog_photos/data/1 - sets/С151-200/С199_21.jpg, https://raw.githubusercontent.com/Richy5959/lastochka_phono/main/catalog_photos/data/1 - sets/С151-200/С199_22.jpg	80B	1
C203	Білий комплект чашка С. Код: С203	#8135	чорно-бежевий	180		550	https://raw.githubusercontent.com/Richy5959/lastochka_phono/main/catalog_photos/data/1 - sets/С201-250/203_0.jpg, https://raw.githubusercontent.com/Richy5959/lastochka_phono/main/catalog_photos/data/1 - sets/С201-250/203_1.jpg, https://raw.githubusercontent.com/Richy5959/lastochka_phono/main/catalog_photos/data/1 - sets/С201-250/203_2.jpg, https://raw.githubusercontent.com/Richy5959/lastochka_phono/main/catalog_photos/data/1 - sets/С201-250/203_3.jpg, https://raw.githubusercontent.com/Richy5959/lastochka_phono/main/catalog_photos/data/1 - sets/С201-250/203_5.jpg, https://raw.githubusercontent.com/Richy5959/lastochka_phono/main/catalog_photos/data/1 - sets/С201-250/203_6.jpg, https://raw.githubusercontent.com/Richy5959/lastochka_phono/main/catalog_photos/data/1 - sets/С201-250/203_7.jpg, https://raw.githubusercontent.com/Richy5959/lastochka_phono/main/catalog_photos/data/1 - sets/С201-250/203_8.jpg	75C	1
C205	Набір коттон трійка Victoria's Secret. Код: С205		червоний	175		580	https://raw.githubusercontent.com/Richy5959/lastochka_phono/main/catalog_photos/data/1 - sets/С201-250/205_0.jpg, https://raw.githubusercontent.com/Richy5959/lastochka_phono/main/catalog_photos/data/1 - sets/С201-250/205_1.jpg	S	1
C209	Ошатний комплект в чашці D. Код: С209	#6026	оливковий	249		630	https://raw.githubusercontent.com/Richy5959/lastochka_phono/main/catalog_photos/data/1 - sets/С201-250/209_0.jpg, https://raw.githubusercontent.com/Richy5959/lastochka_phono/main/catalog_photos/data/1 - sets/С201-250/209_1.jpg, https://raw.githubusercontent.com/Richy5959/lastochka_phono/main/catalog_photos/data/1 - sets/С201-250/209_2.jpg, https://raw.githubusercontent.com/Richy5959/lastochka_phono/main/catalog_photos/data/1 - sets/С201-250/209_24.jpg, https://raw.githubusercontent.com/Richy5959/lastochka_phono/main/catalog_photos/data/1 - sets/С201-250/209_25.jpg	80D	1
C212	Комплект з литою чашечкою та коректором. Код: С212	#1970	чорний	190		540	https://raw.githubusercontent.com/Richy5959/lastochka_phono/main/catalog_photos/data/1 - sets/С201-250/212_0.jpg, https://raw.githubusercontent.com/Richy5959/lastochka_phono/main/catalog_photos/data/1 - sets/С201-250/212_1.jpg, https://raw.githubusercontent.com/Richy5959/lastochka_phono/main/catalog_photos/data/1 - sets/С201-250/212_13.jpg, https://raw.githubusercontent.com/Richy5959/lastochka_phono/main/catalog_photos/data/1 - sets/С201-250/212_14.jpg, https://raw.githubusercontent.com/Richy5959/lastochka_phono/main/catalog_photos/data/1 - sets/С201-250/212_15.jpg, https://raw.githubusercontent.com/Richy5959/lastochka_phono/main/catalog_photos/data/1 - sets/С201-250/212_16.jpg, https://raw.githubusercontent.com/Richy5959/lastochka_phono/main/catalog_photos/data/1 - sets/С201-250/212_2.jpg, https://raw.githubusercontent.com/Richy5959/lastochka_phono/main/catalog_photos/data/1 - sets/С201-250/С212_7.jpg	80B, 80B, 85B, 85B	4
C216	Комплект без кісточки з пуш-ап. Код: С216	#8514	карамель	126		450	https://raw.githubusercontent.com/Richy5959/lastochka_phono/main/catalog_photos/data/1 - sets/С201-250/216_3.jpg, https://raw.githubusercontent.com/Richy5959/lastochka_phono/main/catalog_photos/data/1 - sets/С201-250/С216_0.jpg, https://raw.githubusercontent.com/Richy5959/lastochka_phono/main/catalog_photos/data/1 - sets/С201-250/С216_1.jpg, https://raw.githubusercontent.com/Richy5959/lastochka_phono/main/catalog_photos/data/1 - sets/С201-250/С216_2.jpg	85В карамель	1
C221	Комплект у рубчик з мереживом, М, L, XL. Код: С221	#Ф098	пудра	117		390	https://raw.githubusercontent.com/Richy5959/lastochka_phono/main/catalog_photos/data/1 - sets/С201-250/221_0.jpg, https://raw.githubusercontent.com/Richy5959/lastochka_phono/main/catalog_photos/data/1 - sets/С201-250/221_1.jpg, https://raw.githubusercontent.com/Richy5959/lastochka_phono/main/catalog_photos/data/1 - sets/С201-250/221_2.jpg, https://raw.githubusercontent.com/Richy5959/lastochka_phono/main/catalog_photos/data/1 - sets/С201-250/221_3.jpg, https://raw.githubusercontent.com/Richy5959/lastochka_phono/main/catalog_photos/data/1 - sets/С201-250/221_4.jpg, https://raw.githubusercontent.com/Richy5959/lastochka_phono/main/catalog_photos/data/1 - sets/С201-250/221_5.jpg, https://raw.githubusercontent.com/Richy5959/lastochka_phono/main/catalog_photos/data/1 - sets/С201-250/221_6.jpg, https://raw.githubusercontent.com/Richy5959/lastochka_phono/main/catalog_photos/data/1 - sets/С201-250/221_7.jpg, https://raw.githubusercontent.com/Richy5959/lastochka_phono/main/catalog_photos/data/1 - sets/С201-250/221_9.jpg	L	1
C222	Сексуальний набір трійка, два кольори. Код: С222	#22/54	різні кольори	215		699	https://raw.githubusercontent.com/Richy5959/lastochka_phono/main/catalog_photos/data/1 - sets/С201-250/222_0.jpg, https://raw.githubusercontent.com/Richy5959/lastochka_phono/main/catalog_photos/data/1 - sets/С201-250/222_1.jpg, https://raw.githubusercontent.com/Richy5959/lastochka_phono/main/catalog_photos/data/1 - sets/С201-250/222_15.jpg, https://raw.githubusercontent.com/Richy5959/lastochka_phono/main/catalog_photos/data/1 - sets/С201-250/222_16.jpg, https://raw.githubusercontent.com/Richy5959/lastochka_phono/main/catalog_photos/data/1 - sets/С201-250/222_17.jpg, https://raw.githubusercontent.com/Richy5959/lastochka_phono/main/catalog_photos/data/1 - sets/С201-250/222_18.jpg, https://raw.githubusercontent.com/Richy5959/lastochka_phono/main/catalog_photos/data/1 - sets/С201-250/222_19.jpg, https://raw.githubusercontent.com/Richy5959/lastochka_phono/main/catalog_photos/data/1 - sets/С201-250/222_2.jpg, https://raw.githubusercontent.com/Richy5959/lastochka_phono/main/catalog_photos/data/1 - sets/С201-250/222_20.jpg, https://raw.githubusercontent.com/Richy5959/lastochka_phono/main/catalog_photos/data/1 - sets/С201-250/222_21.jpg, https://raw.githubusercontent.com/Richy5959/lastochka_phono/main/catalog_photos/data/1 - sets/С201-250/222_22.jpg, https://raw.githubusercontent.com/Richy5959/lastochka_phono/main/catalog_photos/data/1 - sets/С201-250/222_23.jpg, https://raw.githubusercontent.com/Richy5959/lastochka_phono/main/catalog_photos/data/1 - sets/С201-250/222_24.jpg, https://raw.githubusercontent.com/Richy5959/lastochka_phono/main/catalog_photos/data/1 - sets/С201-250/222_25.jpg, https://raw.githubusercontent.com/Richy5959/lastochka_phono/main/catalog_photos/data/1 - sets/С201-250/222_3.jpg, https://raw.githubusercontent.com/Richy5959/lastochka_phono/main/catalog_photos/data/1 - sets/С201-250/222_4.jpg, https://raw.githubusercontent.com/Richy5959/lastochka_phono/main/catalog_photos/data/1 - sets/С201-250/222_5.jpg, https://raw.githubusercontent.com/Richy5959/lastochka_phono/main/catalog_photos/data/1 - sets/С201-250/222_6.jpg, https://raw.githubusercontent.com/Richy5959/lastochka_phono/main/catalog_photos/data/1 - sets/С201-250/222_7.jpg	рожевий, M чорний, S червоний, M червоний	4
C223	Комплект з бюстьє-балконет корсетного типу. Код: С223	#1874В	сіро-синій	175		470	https://raw.githubusercontent.com/Richy5959/lastochka_phono/main/catalog_photos/data/1 - sets/С201-250/С223_0.jpg, https://raw.githubusercontent.com/Richy5959/lastochka_phono/main/catalog_photos/data/1 - sets/С201-250/С223_1.jpg, https://raw.githubusercontent.com/Richy5959/lastochka_phono/main/catalog_photos/data/1 - sets/С201-250/С223_2.jpg, https://raw.githubusercontent.com/Richy5959/lastochka_phono/main/catalog_photos/data/1 - sets/С201-250/С223_3.jpg, https://raw.githubusercontent.com/Richy5959/lastochka_phono/main/catalog_photos/data/1 - sets/С201-250/С223_4.jpg, https://raw.githubusercontent.com/Richy5959/lastochka_phono/main/catalog_photos/data/1 - sets/С201-250/С223_5.jpg	80В сіро-синій	1
C228	Комплект пуш-ап чашка, різні кольори. Код: С228	#751	пудра	150		445	https://raw.githubusercontent.com/Richy5959/lastochka_phono/main/catalog_photos/data/1 - sets/С201-250/228_3.jpg	85В	1
C236	Комплект з коректором чашка С. Код: С236	#952	чорно-бежевий	117		450	https://raw.githubusercontent.com/Richy5959/lastochka_phono/main/catalog_photos/data/1 - sets/С201-250/236_0.jpg, https://raw.githubusercontent.com/Richy5959/lastochka_phono/main/catalog_photos/data/1 - sets/С201-250/236_1.jpeg, https://raw.githubusercontent.com/Richy5959/lastochka_phono/main/catalog_photos/data/1 - sets/С201-250/236_2.jpeg, https://raw.githubusercontent.com/Richy5959/lastochka_phono/main/catalog_photos/data/1 - sets/С201-250/236_3.jpg, https://raw.githubusercontent.com/Richy5959/lastochka_phono/main/catalog_photos/data/1 - sets/С201-250/236_4.jpg	75С	1
C246	Білий комплект: бралетт та трусики. Код: С246	#8075	білий	142		490	https://raw.githubusercontent.com/Richy5959/lastochka_phono/main/catalog_photos/data/1 - sets/С201-250/246_0.jpg, https://raw.githubusercontent.com/Richy5959/lastochka_phono/main/catalog_photos/data/1 - sets/С201-250/246_1.jpg, https://raw.githubusercontent.com/Richy5959/lastochka_phono/main/catalog_photos/data/1 - sets/С201-250/246_2.jpg, https://raw.githubusercontent.com/Richy5959/lastochka_phono/main/catalog_photos/data/komplekty/С246_23.jpg	XL	1
C257	Супер сексуальний мереживний набір. Код: С257	#9359,22/26	молочний	275		890	https://raw.githubusercontent.com/Richy5959/lastochka_phono/main/catalog_photos/data/1 - sets/С251-300/257_26.jpg, https://raw.githubusercontent.com/Richy5959/lastochka_phono/main/catalog_photos/data/1 - sets/С251-300/257_27.jpg, https://raw.githubusercontent.com/Richy5959/lastochka_phono/main/catalog_photos/data/1 - sets/С251-300/257_28.jpg, https://raw.githubusercontent.com/Richy5959/lastochka_phono/main/catalog_photos/data/1 - sets/С251-300/257_29.jpg, https://raw.githubusercontent.com/Richy5959/lastochka_phono/main/catalog_photos/data/1 - sets/С251-300/257_30.jpg, https://raw.githubusercontent.com/Richy5959/lastochka_phono/main/catalog_photos/data/1 - sets/С251-300/257_31.jpg, https://raw.githubusercontent.com/Richy5959/lastochka_phono/main/catalog_photos/data/1 - sets/С251-300/257_32.jpg, https://raw.githubusercontent.com/Richy5959/lastochka_phono/main/catalog_photos/data/1 - sets/С251-300/257_33.jpg, https://raw.githubusercontent.com/Richy5959/lastochka_phono/main/catalog_photos/data/1 - sets/С251-300/257_34.jpg, https://raw.githubusercontent.com/Richy5959/lastochka_phono/main/catalog_photos/data/1 - sets/С251-300/257_35.jpg, https://raw.githubusercontent.com/Richy5959/lastochka_phono/main/catalog_photos/data/1 - sets/С251-300/C257_20.jpg, https://raw.githubusercontent.com/Richy5959/lastochka_phono/main/catalog_photos/data/1 - sets/С251-300/C257_21.jpg, https://raw.githubusercontent.com/Richy5959/lastochka_phono/main/catalog_photos/data/1 - sets/С251-300/C257_22.jpg, https://raw.githubusercontent.com/Richy5959/lastochka_phono/main/catalog_photos/data/1 - sets/С251-300/C257_23.jpg, https://raw.githubusercontent.com/Richy5959/lastochka_phono/main/catalog_photos/data/1 - sets/С251-300/C257_24.jpg, https://raw.githubusercontent.com/Richy5959/lastochka_phono/main/catalog_photos/data/1 - sets/С251-300/С257_0.jpg, https://raw.githubusercontent.com/Richy5959/lastochka_phono/main/catalog_photos/data/1 - sets/С251-300/С257_1.jpg, https://raw.githubusercontent.com/Richy5959/lastochka_phono/main/catalog_photos/data/1 - sets/С251-300/С257_2.jpg, https://raw.githubusercontent.com/Richy5959/lastochka_phono/main/catalog_photos/data/1 - sets/С251-300/С257_3.jpg, https://raw.githubusercontent.com/Richy5959/lastochka_phono/main/catalog_photos/data/1 - sets/С251-300/С257_4.jpg, https://raw.githubusercontent.com/Richy5959/lastochka_phono/main/catalog_photos/data/1 - sets/С251-300/С257_5.jpg	молочний, молочний, молочний	3
C261	Комплект тонкий пуш, чашка С. Код: С261	#5847	чорний	134		520	https://raw.githubusercontent.com/Richy5959/lastochka_phono/main/catalog_photos/data/1 - sets/С251-300/261_4.jpg, https://raw.githubusercontent.com/Richy5959/lastochka_phono/main/catalog_photos/data/1 - sets/С251-300/261_5.jpg, https://raw.githubusercontent.com/Richy5959/lastochka_phono/main/catalog_photos/data/1 - sets/С251-300/261_6.jpg, https://raw.githubusercontent.com/Richy5959/lastochka_phono/main/catalog_photos/data/1 - sets/С251-300/261_7.jpg, https://raw.githubusercontent.com/Richy5959/lastochka_phono/main/catalog_photos/data/1 - sets/С251-300/С261_1.jpg, https://raw.githubusercontent.com/Richy5959/lastochka_phono/main/catalog_photos/data/1 - sets/С251-300/С261_2.jpg, https://raw.githubusercontent.com/Richy5959/lastochka_phono/main/catalog_photos/data/1 - sets/С251-300/С261_3.jpg	75С, 80С, 85С	3
C263	Комплект гель пуш-ап чашка В. Код: С263	#1010	чорний	172		485	https://raw.githubusercontent.com/Richy5959/lastochka_phono/main/catalog_photos/data/1 - sets/С251-300/С263.jpg, https://raw.githubusercontent.com/Richy5959/lastochka_phono/main/catalog_photos/data/1 - sets/С251-300/С263_11.jpg, https://raw.githubusercontent.com/Richy5959/lastochka_phono/main/catalog_photos/data/1 - sets/С251-300/С263_12.jpg	85B	1
C265	Комплект без кісточки, чашка B. Код: С265	#2047	коричневий, червоний	131		445	https://raw.githubusercontent.com/Richy5959/lastochka_phono/main/catalog_photos/data/1 - sets/С251-300/С265_0.jpg, https://raw.githubusercontent.com/Richy5959/lastochka_phono/main/catalog_photos/data/1 - sets/С251-300/С265_1.jpg, https://raw.githubusercontent.com/Richy5959/lastochka_phono/main/catalog_photos/data/1 - sets/С251-300/С265_2.jpg, https://raw.githubusercontent.com/Richy5959/lastochka_phono/main/catalog_photos/data/1 - sets/С251-300/С265_3.jpg, https://raw.githubusercontent.com/Richy5959/lastochka_phono/main/catalog_photos/data/1 - sets/С251-300/С265_4.jpg, https://raw.githubusercontent.com/Richy5959/lastochka_phono/main/catalog_photos/data/1 - sets/С251-300/С265_5.jpg, https://raw.githubusercontent.com/Richy5959/lastochka_phono/main/catalog_photos/data/1 - sets/С251-300/С265_6.jpg	75B коричневий, 85B коричневий, 85B червоний	3
C266	Жіночий комплект чашка С. Код: С266	#809	червоний, пудра	181		560	https://raw.githubusercontent.com/Richy5959/lastochka_phono/main/catalog_photos/data/1 - sets/С251-300/С266_2.jpg, https://raw.githubusercontent.com/Richy5959/lastochka_phono/main/catalog_photos/data/1 - sets/С251-300/С266_3.jpg, https://raw.githubusercontent.com/Richy5959/lastochka_phono/main/catalog_photos/data/1 - sets/С251-300/С266_4.jpg, https://raw.githubusercontent.com/Richy5959/lastochka_phono/main/catalog_photos/data/1 - sets/С251-300/С266_5.jpg, https://raw.githubusercontent.com/Richy5959/lastochka_phono/main/catalog_photos/data/1 - sets/С251-300/С266_6.jpg, https://raw.githubusercontent.com/Richy5959/lastochka_phono/main/catalog_photos/data/1 - sets/С251-300/С266_7.jpg	80С червоний, 80С пудра	2
C273	Комплект у рубчик у 2-х кольорах, розміри M та L. Код: С273	#K217	сірий	105		390	https://raw.githubusercontent.com/Richy5959/lastochka_phono/main/catalog_photos/data/1 - sets/С251-300/273_0.jpg, https://raw.githubusercontent.com/Richy5959/lastochka_phono/main/catalog_photos/data/1 - sets/С251-300/273_1.jpg, https://raw.githubusercontent.com/Richy5959/lastochka_phono/main/catalog_photos/data/1 - sets/С251-300/273_2.jpg, https://raw.githubusercontent.com/Richy5959/lastochka_phono/main/catalog_photos/data/1 - sets/С251-300/273_3.jpg, https://raw.githubusercontent.com/Richy5959/lastochka_phono/main/catalog_photos/data/1 - sets/С251-300/273_4.jpg, https://raw.githubusercontent.com/Richy5959/lastochka_phono/main/catalog_photos/data/1 - sets/С251-300/273_5.jpg	L сірий	1
C292	Комплект білизни в чашці Е. Код: С292	#18002	бежевий	231		600	https://raw.githubusercontent.com/Richy5959/lastochka_phono/main/catalog_photos/data/1 - sets/С251-300/292_20.jpg, https://raw.githubusercontent.com/Richy5959/lastochka_phono/main/catalog_photos/data/1 - sets/С251-300/292_21.jpg, https://raw.githubusercontent.com/Richy5959/lastochka_phono/main/catalog_photos/data/1 - sets/С251-300/292_40.jpg, https://raw.githubusercontent.com/Richy5959/lastochka_phono/main/catalog_photos/data/1 - sets/С251-300/292_5.jpg, https://raw.githubusercontent.com/Richy5959/lastochka_phono/main/catalog_photos/data/1 - sets/С251-300/292_6.jpg, https://raw.githubusercontent.com/Richy5959/lastochka_phono/main/catalog_photos/data/1 - sets/С251-300/292_7.jpg, https://raw.githubusercontent.com/Richy5959/lastochka_phono/main/catalog_photos/data/1 - sets/С251-300/С292_1.jpg, https://raw.githubusercontent.com/Richy5959/lastochka_phono/main/catalog_photos/data/1 - sets/С251-300/С292_2.jpg, https://raw.githubusercontent.com/Richy5959/lastochka_phono/main/catalog_photos/data/1 - sets/С251-300/С292_3.jpg, https://raw.githubusercontent.com/Richy5959/lastochka_phono/main/catalog_photos/data/1 - sets/С251-300/С292_4.jpg	100E, 105E	2
C303	Чорний комплект на пушапі, чашка В. Код: С303	#9824	чорний	200		560	https://raw.githubusercontent.com/Richy5959/lastochka_phono/main/catalog_photos/data/1 - sets/С301-350/303_22.jpg, https://raw.githubusercontent.com/Richy5959/lastochka_phono/main/catalog_photos/data/1 - sets/С301-350/303_23.jpg, https://raw.githubusercontent.com/Richy5959/lastochka_phono/main/catalog_photos/data/1 - sets/С301-350/С303_0.jpg, https://raw.githubusercontent.com/Richy5959/lastochka_phono/main/catalog_photos/data/1 - sets/С301-350/С303_1.jpg, https://raw.githubusercontent.com/Richy5959/lastochka_phono/main/catalog_photos/data/1 - sets/С301-350/С303_2.jpg	85В	1
C303	Молочний комплект на пушапі, чашка В. Код: С303	#9823	молочний	233.64		560	https://raw.githubusercontent.com/Richy5959/lastochka_phono/main/catalog_photos/data/1 - sets/С301-350/303_22.jpg, https://raw.githubusercontent.com/Richy5959/lastochka_phono/main/catalog_photos/data/1 - sets/С301-350/303_23.jpg, https://raw.githubusercontent.com/Richy5959/lastochka_phono/main/catalog_photos/data/1 - sets/С301-350/С303_0.jpg, https://raw.githubusercontent.com/Richy5959/lastochka_phono/main/catalog_photos/data/1 - sets/С301-350/С303_1.jpg, https://raw.githubusercontent.com/Richy5959/lastochka_phono/main/catalog_photos/data/1 - sets/С301-350/С303_2.jpg	80В	1
C305	Комплект пушап чашка В, два кольори. Код: С305	#CNH8003FLB	молочний, чорно-бежевий	348.35		720	https://raw.githubusercontent.com/Richy5959/lastochka_phono/main/catalog_photos/data/1 - sets/С301-350/305_20.jpg, https://raw.githubusercontent.com/Richy5959/lastochka_phono/main/catalog_photos/data/1 - sets/С301-350/305_21.jpg, https://raw.githubusercontent.com/Richy5959/lastochka_phono/main/catalog_photos/data/1 - sets/С301-350/305_22.jpg, https://raw.githubusercontent.com/Richy5959/lastochka_phono/main/catalog_photos/data/1 - sets/С301-350/305_23.jpg, https://raw.githubusercontent.com/Richy5959/lastochka_phono/main/catalog_photos/data/1 - sets/С301-350/305_24.jpg, https://raw.githubusercontent.com/Richy5959/lastochka_phono/main/catalog_photos/data/1 - sets/С301-350/305_25.jpg, https://raw.githubusercontent.com/Richy5959/lastochka_phono/main/catalog_photos/data/1 - sets/С301-350/305_26.jpg, https://raw.githubusercontent.com/Richy5959/lastochka_phono/main/catalog_photos/data/1 - sets/С301-350/305_27.jpg	80В молочний, 85В молочний, 85В чорно-бежевий	3
C308	Шикарний комплект з поясом для панчіх, S, M, L. Код: С308	#2045	чорний	208		670	https://raw.githubusercontent.com/Richy5959/lastochka_phono/main/catalog_photos/data/1 - sets/С301-350/308_0.jpg, https://raw.githubusercontent.com/Richy5959/lastochka_phono/main/catalog_photos/data/1 - sets/С301-350/308_1.jpg, https://raw.githubusercontent.com/Richy5959/lastochka_phono/main/catalog_photos/data/1 - sets/С301-350/308_2.jpg	L	1
C316	Еротичний комплект трійки, M, L, XL. Код: С316	#1116	чорно-білий	460		980	https://raw.githubusercontent.com/Richy5959/lastochka_phono/main/catalog_photos/data/1 - sets/С301-350/316_0.jpg, https://raw.githubusercontent.com/Richy5959/lastochka_phono/main/catalog_photos/data/1 - sets/С301-350/316_1.jpg, https://raw.githubusercontent.com/Richy5959/lastochka_phono/main/catalog_photos/data/1 - sets/С301-350/316_2.png, https://raw.githubusercontent.com/Richy5959/lastochka_phono/main/catalog_photos/data/1 - sets/С301-350/316_3.png, https://raw.githubusercontent.com/Richy5959/lastochka_phono/main/catalog_photos/data/1 - sets/С301-350/316_4.png	L, L	2
C320	Чорно-бежевий комплект чашка С. Код: С320	#6025	чорно-бежевий	224		520	https://raw.githubusercontent.com/Richy5959/lastochka_phono/main/catalog_photos/data/1 - sets/С301-350/320_0.JPG, https://raw.githubusercontent.com/Richy5959/lastochka_phono/main/catalog_photos/data/1 - sets/С301-350/320_1.jpg, https://raw.githubusercontent.com/Richy5959/lastochka_phono/main/catalog_photos/data/1 - sets/С301-350/320_2.jpg	75С, 80С	2
C324	Еротичний комплект-трійка. Код: С324	#CNM622FL	червоний	325.21		880	https://raw.githubusercontent.com/Richy5959/lastochka_phono/main/catalog_photos/data/1 - sets/С301-350/324_0.jpg, https://raw.githubusercontent.com/Richy5959/lastochka_phono/main/catalog_photos/data/1 - sets/С301-350/324_1.jpg, https://raw.githubusercontent.com/Richy5959/lastochka_phono/main/catalog_photos/data/1 - sets/С301-350/324_2.jpg, https://raw.githubusercontent.com/Richy5959/lastochka_phono/main/catalog_photos/data/1 - sets/С301-350/324_3.jpg, https://raw.githubusercontent.com/Richy5959/lastochka_phono/main/catalog_photos/data/1 - sets/С301-350/324_4.jpg, https://raw.githubusercontent.com/Richy5959/lastochka_phono/main/catalog_photos/data/1 - sets/С301-350/324_5.jpg, https://raw.githubusercontent.com/Richy5959/lastochka_phono/main/catalog_photos/data/1 - sets/С301-350/324_6.jpg, https://raw.githubusercontent.com/Richy5959/lastochka_phono/main/catalog_photos/data/1 - sets/С301-350/324_7.jpg, https://raw.githubusercontent.com/Richy5959/lastochka_phono/main/catalog_photos/data/1 - sets/С301-350/324_8.jpg	L	1
C326	Сексуальний набір білизни в сітці. Код: С326	#CNM619FL	чорний	342.87		980	https://raw.githubusercontent.com/Richy5959/lastochka_phono/main/catalog_photos/data/1 - sets/С301-350/326_0.jpg, https://raw.githubusercontent.com/Richy5959/lastochka_phono/main/catalog_photos/data/1 - sets/С301-350/326_1.jpg, https://raw.githubusercontent.com/Richy5959/lastochka_phono/main/catalog_photos/data/1 - sets/С301-350/326_2.jpg, https://raw.githubusercontent.com/Richy5959/lastochka_phono/main/catalog_photos/data/1 - sets/С301-350/326_3.jpg	L	1
C353	Бежево-чорний еротичний набір білизни. Код: С353	#К3401	чорно-бежевий, червоно-бежевий	331.5		980	https://raw.githubusercontent.com/Richy5959/lastochka_phono/main/catalog_photos/data/1 - sets/С351-400/353_4.jpg, https://raw.githubusercontent.com/Richy5959/lastochka_phono/main/catalog_photos/data/1 - sets/С351-400/353_5.jpg, https://raw.githubusercontent.com/Richy5959/lastochka_phono/main/catalog_photos/data/1 - sets/С351-400/353_6.jpg, https://raw.githubusercontent.com/Richy5959/lastochka_phono/main/catalog_photos/data/1 - sets/С351-400/353_7.jpg, https://raw.githubusercontent.com/Richy5959/lastochka_phono/main/catalog_photos/data/1 - sets/С351-400/353_8.jpg, https://raw.githubusercontent.com/Richy5959/lastochka_phono/main/catalog_photos/data/1 - sets/С351-400/C353_0.jpg, https://raw.githubusercontent.com/Richy5959/lastochka_phono/main/catalog_photos/data/1 - sets/С351-400/C353_1.jpg, https://raw.githubusercontent.com/Richy5959/lastochka_phono/main/catalog_photos/data/1 - sets/С351-400/C353_2.jpg, https://raw.githubusercontent.com/Richy5959/lastochka_phono/main/catalog_photos/data/1 - sets/С351-400/C353_3.jpg	L чорно-бежевий, M червоно-бежевий	2
C356	Чорний сексуальний комплект білизни, S, L. Код: С356	#CNM605FL	чорний	296		700	https://raw.githubusercontent.com/Richy5959/lastochka_phono/main/catalog_photos/data/1 - sets/С351-400/C356_0.jpg	S	1
C360	червонийивий комплект в чашку кольору пудри. Код: С360	#11002	пудра	184.51		540	https://raw.githubusercontent.com/Richy5959/lastochka_phono/main/catalog_photos/data/1 - sets/С351-400/360_0.jpg, https://raw.githubusercontent.com/Richy5959/lastochka_phono/main/catalog_photos/data/1 - sets/С351-400/360_1.jpg	75B	1
C362	Еротичний комплект білизни M, L, XL. Код: С362	#К3355	чорний, червоний	300.3		880	https://raw.githubusercontent.com/Richy5959/lastochka_phono/main/catalog_photos/data/1 - sets/С351-400/C362_0.jpg, https://raw.githubusercontent.com/Richy5959/lastochka_phono/main/catalog_photos/data/1 - sets/С351-400/C362_1.jpg, https://raw.githubusercontent.com/Richy5959/lastochka_phono/main/catalog_photos/data/1 - sets/С351-400/C362_2.jpg, https://raw.githubusercontent.com/Richy5959/lastochka_phono/main/catalog_photos/data/1 - sets/С351-400/C362_3.jpg, https://raw.githubusercontent.com/Richy5959/lastochka_phono/main/catalog_photos/data/1 - sets/С351-400/C362_4.jpg, https://raw.githubusercontent.com/Richy5959/lastochka_phono/main/catalog_photos/data/1 - sets/С351-400/C362_5.jpg	XL чорний, XL червоний	2
C363	Еротичний боді, M, L, XL. Код: С363	#К3244	чорний з помаранчевим	308		880	https://raw.githubusercontent.com/Richy5959/lastochka_phono/main/catalog_photos/data/1 - sets/С351-400/C363.jpg	XL	1
C364	Чорний еротичний комплект M, L, XL. Код: С364	#К3303	чорний, рожевий, бордо	320		880	https://raw.githubusercontent.com/Richy5959/lastochka_phono/main/catalog_photos/data/1 - sets/С351-400/C364_0.jpg, https://raw.githubusercontent.com/Richy5959/lastochka_phono/main/catalog_photos/data/1 - sets/С351-400/C364_1.jpg, https://raw.githubusercontent.com/Richy5959/lastochka_phono/main/catalog_photos/data/1 - sets/С351-400/C364_2.jpg, https://raw.githubusercontent.com/Richy5959/lastochka_phono/main/catalog_photos/data/1 - sets/С351-400/C364_3.jpg, https://raw.githubusercontent.com/Richy5959/lastochka_phono/main/catalog_photos/data/1 - sets/С351-400/C364_4.jpg	XL чорний, XL рожевий, XL бордо	3
C368	Молодіжний комплект пушап чашка В, два кольори. Код: С368	#320	фуксія, червоний	255.8		640	https://raw.githubusercontent.com/Richy5959/lastochka_phono/main/catalog_photos/data/1 - sets/С351-400/C368_20.jpg, https://raw.githubusercontent.com/Richy5959/lastochka_phono/main/catalog_photos/data/1 - sets/С351-400/C368_21.jpg, https://raw.githubusercontent.com/Richy5959/lastochka_phono/main/catalog_photos/data/1 - sets/С351-400/C368_22.jpg, https://raw.githubusercontent.com/Richy5959/lastochka_phono/main/catalog_photos/data/1 - sets/С351-400/C368_23.jpg, https://raw.githubusercontent.com/Richy5959/lastochka_phono/main/catalog_photos/data/1 - sets/С351-400/C368_24.jpg, https://raw.githubusercontent.com/Richy5959/lastochka_phono/main/catalog_photos/data/1 - sets/С351-400/C368_25.jpg	75В фуксія, 85В фуксія, 75В червоний, 80В червоний, 85В червоний	5
C378	Комплект, з трусиками бразилії в 2х кольорах. Код: С378	#CNK9909FL	чорний, червоний	373.99		820	https://raw.githubusercontent.com/Richy5959/lastochka_phono/main/catalog_photos/data/1 - sets/С351-400/378_0.jpg, https://raw.githubusercontent.com/Richy5959/lastochka_phono/main/catalog_photos/data/1 - sets/С351-400/378_1.jpg, https://raw.githubusercontent.com/Richy5959/lastochka_phono/main/catalog_photos/data/1 - sets/С351-400/378_2.jpg, https://raw.githubusercontent.com/Richy5959/lastochka_phono/main/catalog_photos/data/1 - sets/С351-400/378_5.jpg, https://raw.githubusercontent.com/Richy5959/lastochka_phono/main/catalog_photos/data/1 - sets/С351-400/378_6.jpg	M чорний, S червоний, M червоний, L червоний	4
C381	Білий комплект-спейсер у чашці D. Код: С381	#8175, 8175-1	синій	271.19		700	https://raw.githubusercontent.com/Richy5959/lastochka_phono/main/catalog_photos/data/1 - sets/С351-400/381_1.jpg, https://raw.githubusercontent.com/Richy5959/lastochka_phono/main/catalog_photos/data/1 - sets/С351-400/381_2.jpg, https://raw.githubusercontent.com/Richy5959/lastochka_phono/main/catalog_photos/data/1 - sets/С351-400/381_3.jpg, https://raw.githubusercontent.com/Richy5959/lastochka_phono/main/catalog_photos/data/1 - sets/С351-400/381_4.jpg, https://raw.githubusercontent.com/Richy5959/lastochka_phono/main/catalog_photos/data/1 - sets/С351-400/381_5.jpg, https://raw.githubusercontent.com/Richy5959/lastochka_phono/main/catalog_photos/data/1 - sets/С351-400/381_8.jpg, https://raw.githubusercontent.com/Richy5959/lastochka_phono/main/catalog_photos/data/1 - sets/С351-400/381_9.jpg	75D	1
C383	Комплект у рубчик із вшитим поролоном на чашку A-B. Код: С383	#BSB0-720DN	пудра	138		400	https://raw.githubusercontent.com/Richy5959/lastochka_phono/main/catalog_photos/data/1 - sets/С351-400/383_0.jpg, https://raw.githubusercontent.com/Richy5959/lastochka_phono/main/catalog_photos/data/1 - sets/С351-400/383_1.jpg, https://raw.githubusercontent.com/Richy5959/lastochka_phono/main/catalog_photos/data/1 - sets/С351-400/383_2.jpg, https://raw.githubusercontent.com/Richy5959/lastochka_phono/main/catalog_photos/data/1 - sets/С351-400/383_3.jpg	M, M	2
C384	Три кольори. Комплект у чашці С. Код: С384	#2343	чорний, чорно-бежевий, бежевий	224		600	https://raw.githubusercontent.com/Richy5959/lastochka_phono/main/catalog_photos/data/1 - sets/С351-400/384_0.jpg, https://raw.githubusercontent.com/Richy5959/lastochka_phono/main/catalog_photos/data/1 - sets/С351-400/384_1.jpg, https://raw.githubusercontent.com/Richy5959/lastochka_phono/main/catalog_photos/data/1 - sets/С351-400/384_2.jpg, https://raw.githubusercontent.com/Richy5959/lastochka_phono/main/catalog_photos/data/1 - sets/С351-400/384_3.jpg, https://raw.githubusercontent.com/Richy5959/lastochka_phono/main/catalog_photos/data/1 - sets/С351-400/384_4.jpg, https://raw.githubusercontent.com/Richy5959/lastochka_phono/main/catalog_photos/data/1 - sets/С351-400/384_40.jpg, https://raw.githubusercontent.com/Richy5959/lastochka_phono/main/catalog_photos/data/1 - sets/С351-400/384_41.jpg, https://raw.githubusercontent.com/Richy5959/lastochka_phono/main/catalog_photos/data/1 - sets/С351-400/384_5.jpg, https://raw.githubusercontent.com/Richy5959/lastochka_phono/main/catalog_photos/data/1 - sets/С351-400/384_6.jpg	80С чорний, 85С чорний, 75С чорно-бежевий, 80С чорно-бежевий, 85С чорно-бежевий, 90С чорно-бежевий, 75С бежевий, 80С бежевий, 80С бежевий, 85С бежевий	10
C386	Чорно-бежевий комплект без кісточок у чашці В. Код: С386	#494	чорно-бежевий	168.66		450	https://raw.githubusercontent.com/Richy5959/lastochka_phono/main/catalog_photos/data/1 - sets/С351-400/386_0.jpg, https://raw.githubusercontent.com/Richy5959/lastochka_phono/main/catalog_photos/data/1 - sets/С351-400/386_1.jpg, https://raw.githubusercontent.com/Richy5959/lastochka_phono/main/catalog_photos/data/1 - sets/С351-400/386_2.jpg	75В	1
C392	Ажурний білий комплект чашка Д. Код: С392	#8107	білий	225.99		580	https://raw.githubusercontent.com/Richy5959/lastochka_phono/main/catalog_photos/data/1 - sets/С351-400/392_0.jpg, https://raw.githubusercontent.com/Richy5959/lastochka_phono/main/catalog_photos/data/1 - sets/С351-400/392_1.jpg, https://raw.githubusercontent.com/Richy5959/lastochka_phono/main/catalog_photos/data/1 - sets/С351-400/392_2.jpg	100D (брак)	1
C393	Сексуальний комплект кольору фукція, M. Код: С393	#CNY111-0FL	фуксія	304.5		880	https://raw.githubusercontent.com/Richy5959/lastochka_phono/main/catalog_photos/data/1 - sets/С351-400/393_0.jpg, https://raw.githubusercontent.com/Richy5959/lastochka_phono/main/catalog_photos/data/1 - sets/С351-400/393_1.jpg, https://raw.githubusercontent.com/Richy5959/lastochka_phono/main/catalog_photos/data/1 - sets/С351-400/393_2.jpg, https://raw.githubusercontent.com/Richy5959/lastochka_phono/main/catalog_photos/data/1 - sets/С351-400/393_3.jpg, https://raw.githubusercontent.com/Richy5959/lastochka_phono/main/catalog_photos/data/1 - sets/С351-400/393_4.jpg, https://raw.githubusercontent.com/Richy5959/lastochka_phono/main/catalog_photos/data/1 - sets/С351-400/393_5.jpg, https://raw.githubusercontent.com/Richy5959/lastochka_phono/main/catalog_photos/data/1 - sets/С351-400/393_6.jpg, https://raw.githubusercontent.com/Richy5959/lastochka_phono/main/catalog_photos/data/1 - sets/С351-400/393_7.jpg, https://raw.githubusercontent.com/Richy5959/lastochka_phono/main/catalog_photos/data/1 - sets/С351-400/393_8.jpg	M	1
C397	червонийивий червоний набір, 75B, 75С. Код: С397	#001	червоний	328		720	https://raw.githubusercontent.com/Richy5959/lastochka_phono/main/catalog_photos/data/1 - sets/С351-400/397_0.jpg, https://raw.githubusercontent.com/Richy5959/lastochka_phono/main/catalog_photos/data/1 - sets/С351-400/397_3.jpg	75C	1
C398	Ошатний комплект в 2х кольорах, 75D, 85D. Код: С398	#5302	червоний	304		650	https://raw.githubusercontent.com/Richy5959/lastochka_phono/main/catalog_photos/data/1 - sets/С351-400/398_0.jpg, https://raw.githubusercontent.com/Richy5959/lastochka_phono/main/catalog_photos/data/1 - sets/С351-400/398_1.jpg, https://raw.githubusercontent.com/Richy5959/lastochka_phono/main/catalog_photos/data/1 - sets/С351-400/398_2.jpg, https://raw.githubusercontent.com/Richy5959/lastochka_phono/main/catalog_photos/data/1 - sets/С351-400/398_3.jpg	75C, 75D, 85D	3
C399	Набір чашка В, два кольори. Код: С399	#6833	чорно-бежевий, молочний	205		530	https://raw.githubusercontent.com/Richy5959/lastochka_phono/main/catalog_photos/data/1 - sets/С351-400/399_0.jpg, https://raw.githubusercontent.com/Richy5959/lastochka_phono/main/catalog_photos/data/1 - sets/С351-400/399_1.jpg, https://raw.githubusercontent.com/Richy5959/lastochka_phono/main/catalog_photos/data/1 - sets/С351-400/399_2.jpg, https://raw.githubusercontent.com/Richy5959/lastochka_phono/main/catalog_photos/data/1 - sets/С351-400/399_4.jpg	80B чорно-бежевий, 80B молочний	2
C400	Набір чашки С, чорного кольору. Код: С400	#6828	чорний	186.19		580	https://raw.githubusercontent.com/Richy5959/lastochka_phono/main/catalog_photos/data/1 - sets/С351-400/400_0.jpg, https://raw.githubusercontent.com/Richy5959/lastochka_phono/main/catalog_photos/data/1 - sets/С351-400/400_1.jpg, https://raw.githubusercontent.com/Richy5959/lastochka_phono/main/catalog_photos/data/1 - sets/С351-400/400_2.jpg, https://raw.githubusercontent.com/Richy5959/lastochka_phono/main/catalog_photos/data/1 - sets/С351-400/400_3.jpg	75C, 80C, 80C, 80C, 85C	5
С402	Червоний еротичний комплект, S, M, L. Код: С402		червоний	480		980	https://raw.githubusercontent.com/Richy5959/lastochka_phono/main/catalog_photos/data/1 - sets/401-451/C402_0.jpg, https://raw.githubusercontent.com/Richy5959/lastochka_phono/main/catalog_photos/data/1 - sets/401-451/C402_1.jpg	M	1
С406	Чорний комплект чашка без поролону. Код: С406	#2372	чорний	212		630	https://raw.githubusercontent.com/Richy5959/lastochka_phono/main/catalog_photos/data/1 - sets/401-451/406_1.jpg, https://raw.githubusercontent.com/Richy5959/lastochka_phono/main/catalog_photos/data/1 - sets/401-451/406_2.jpg, https://raw.githubusercontent.com/Richy5959/lastochka_phono/main/catalog_photos/data/1 - sets/401-451/406_3.jpg, https://raw.githubusercontent.com/Richy5959/lastochka_phono/main/catalog_photos/data/1 - sets/401-451/406_4.jpg, https://raw.githubusercontent.com/Richy5959/lastochka_phono/main/catalog_photos/data/1 - sets/401-451/406_5.jpg, https://raw.githubusercontent.com/Richy5959/lastochka_phono/main/catalog_photos/data/1 - sets/401-451/406_6.jpg	75B, 80B	2
С410	Стильний комплект у рубчик, р.48 на чашку С. Код: С410	#806	різні	142.8		400	https://raw.githubusercontent.com/Richy5959/lastochka_phono/main/catalog_photos/data/1 - sets/401-451/410_0.jpg, https://raw.githubusercontent.com/Richy5959/lastochka_phono/main/catalog_photos/data/1 - sets/401-451/410_1.jpg, https://raw.githubusercontent.com/Richy5959/lastochka_phono/main/catalog_photos/data/1 - sets/401-451/410_2.jpg	оливковий	1
С417	Еротичний комплект із прозорої сітки, S, M. Код: С417	#Z3341	чорний	264.6		700	https://raw.githubusercontent.com/Richy5959/lastochka_phono/main/catalog_photos/data/1 - sets/401-451/417_1.jpg, https://raw.githubusercontent.com/Richy5959/lastochka_phono/main/catalog_photos/data/1 - sets/401-451/417_2.jpg, https://raw.githubusercontent.com/Richy5959/lastochka_phono/main/catalog_photos/data/1 - sets/401-451/417_3.jpg, https://raw.githubusercontent.com/Richy5959/lastochka_phono/main/catalog_photos/data/1 - sets/401-451/417_4.jpg	S, M, M	3
С421	Чарівний комплект на чашку D, два кольори. Код: С421	#2359	синій, білий	223.45		600	https://raw.githubusercontent.com/Richy5959/lastochka_phono/main/catalog_photos/data/1 - sets/401-451/421_0.jpg, https://raw.githubusercontent.com/Richy5959/lastochka_phono/main/catalog_photos/data/1 - sets/401-451/421_1.jpg, https://raw.githubusercontent.com/Richy5959/lastochka_phono/main/catalog_photos/data/1 - sets/401-451/421_2.jpg, https://raw.githubusercontent.com/Richy5959/lastochka_phono/main/catalog_photos/data/1 - sets/401-451/421_3.jpg	80D синій, 85D синій, 90D синій, 90D синій, 100D синій, 95D білий, 100D білий	7
С422	Комплект у рубчик з незнімним поролоном. Код: С422	#8859	різні	114.66		400	https://raw.githubusercontent.com/Richy5959/lastochka_phono/main/catalog_photos/data/1 - sets/401-451/C422_0.jpg, https://raw.githubusercontent.com/Richy5959/lastochka_phono/main/catalog_photos/data/1 - sets/401-451/C422_1.jpg, https://raw.githubusercontent.com/Richy5959/lastochka_phono/main/catalog_photos/data/1 - sets/401-451/C422_2.jpg	білий, пудра	2
С423	Топ-комплект у мікрорубчик зі знімним поролоном. Код: С423	#3335	білий	138.6		400	https://raw.githubusercontent.com/Richy5959/lastochka_phono/main/catalog_photos/data/1 - sets/401-451/C423_0.jpg, https://raw.githubusercontent.com/Richy5959/lastochka_phono/main/catalog_photos/data/1 - sets/401-451/C423_1.jpg, https://raw.githubusercontent.com/Richy5959/lastochka_phono/main/catalog_photos/data/1 - sets/401-451/C423_2.jpg, https://raw.githubusercontent.com/Richy5959/lastochka_phono/main/catalog_photos/data/1 - sets/401-451/C423_3.jpg	білий	1
С425	Комплект без поролону на чашку С, у 2-х кольорах. Код: С425	#388	бордо	293		720	https://raw.githubusercontent.com/Richy5959/lastochka_phono/main/catalog_photos/data/1 - sets/401-451/425_0.jpg, https://raw.githubusercontent.com/Richy5959/lastochka_phono/main/catalog_photos/data/1 - sets/401-451/425_1.jpg, https://raw.githubusercontent.com/Richy5959/lastochka_phono/main/catalog_photos/data/1 - sets/401-451/425_2.jpg, https://raw.githubusercontent.com/Richy5959/lastochka_phono/main/catalog_photos/data/1 - sets/401-451/425_3.jpg	80С бордо, 90С бордо	2
С426	Пушап комплект на чашку, в 2-х кольорах. Код: С426	#7388	білий, чорний	207.84		540	https://raw.githubusercontent.com/Richy5959/lastochka_phono/main/catalog_photos/data/1 - sets/401-451/426_0.jpg, https://raw.githubusercontent.com/Richy5959/lastochka_phono/main/catalog_photos/data/1 - sets/401-451/426_1.jpg, https://raw.githubusercontent.com/Richy5959/lastochka_phono/main/catalog_photos/data/1 - sets/401-451/426_2.jpg	80B білий, 85B білий, 85B чорний	3
С428	Комплект без поролону на чашку D, в 3-х кольорах. Код: С428	#106	червоний, білий, чорний	203.51		620	https://raw.githubusercontent.com/Richy5959/lastochka_phono/main/catalog_photos/data/1 - sets/401-451/428_0.jpg, https://raw.githubusercontent.com/Richy5959/lastochka_phono/main/catalog_photos/data/1 - sets/401-451/428_1.jpg, https://raw.githubusercontent.com/Richy5959/lastochka_phono/main/catalog_photos/data/1 - sets/401-451/428_2.jpg	85D червоний, 90D червоний, 80D білий, 85D білий, 90D білий, 80D чорний, 85D чорний, 90D чорний	8
С429	Еротичний комплект білизни в сіточку, S, L. Код: С429	#942	чорний	326.25		750	https://raw.githubusercontent.com/Richy5959/lastochka_phono/main/catalog_photos/data/1 - sets/401-451/429_0.jpg, https://raw.githubusercontent.com/Richy5959/lastochka_phono/main/catalog_photos/data/1 - sets/401-451/429_1.jpg	L чорний	1
С430	Розкішний еротичний комплект у 2х кольорах. Код: С430	#580	чорний, червоний	422.82		980	https://raw.githubusercontent.com/Richy5959/lastochka_phono/main/catalog_photos/data/1 - sets/401-451/430_0.jpg, https://raw.githubusercontent.com/Richy5959/lastochka_phono/main/catalog_photos/data/1 - sets/401-451/430_1.jpg, https://raw.githubusercontent.com/Richy5959/lastochka_phono/main/catalog_photos/data/1 - sets/401-451/430_2.jpg, https://raw.githubusercontent.com/Richy5959/lastochka_phono/main/catalog_photos/data/1 - sets/401-451/430_3.jpg, https://raw.githubusercontent.com/Richy5959/lastochka_phono/main/catalog_photos/data/1 - sets/401-451/430_4.jpg	M чорний, M червоний	2
КУ20	Пляжні плавки з невеликим драпірування ззаду. Код: КУ20	#3102	чорний	111		250	Нет фото	40	1
К21	Пляжні трусики чайки чорні, нар. 36, 38, 40, 42, 44. Код: КУ21	#555	чорний	98		250	https://raw.githubusercontent.com/Richy5959/lastochka_phono/main/catalog_photos/data/tights_socks/К21_conte_tango.png	36, 38, 42, 44	4
K23	Купальник "Загадкова міс", червоний, S-XL. Код: КУ23	#208	червоний	215		650	Нет фото	S, M	2
К24	Чорні пляжні трусики американки, 36, 38, 40, 42, 44. Код: КУ24	#13-172	чорний	84		250	https://raw.githubusercontent.com/Richy5959/lastochka_phono/main/catalog_photos/data/tights_socks/К24_gabriella_julia.jpg	44	1
К25	Купальник з коректором "Манго-мікс", М, XL. Код: КУ25	#9717	рожевий	145		550	https://raw.githubusercontent.com/Richy5959/lastochka_phono/main/catalog_photos/data/tights_socks/К25_gabriella-lara.jpg	M	1
К27	Купальник роздільний з пушап, два кольори. Код: КУ27	#13-142	салатовий	350		820	https://raw.githubusercontent.com/Richy5959/lastochka_phono/main/catalog_photos/data/tights_socks/К27_gabriella-puntina-tre.jpg	38, 42	2
К28	Купальник з коректором "Квіточки", S, М, XL. Код: КУ28	#322	мікс кольорів	135		440	https://raw.githubusercontent.com/Richy5959/lastochka_phono/main/catalog_photos/data/tights_socks/К28_Gabriella Flora.jpg	S, M	2
К29	Жовто-синій купальник з push-up. Код: КУ29	#9908	жовто-синій	160		480	https://raw.githubusercontent.com/Richy5959/lastochka_phono/main/catalog_photos/data/tights_socks/К29_miss.png	38(XL)	1
K35	Помаранчевий молодіжний купальник, р.36, 38, 40, 42. Код: КУ35	#13-70	помаранчевий	266		840	https://raw.githubusercontent.com/Richy5959/lastochka_phono/main/catalog_photos/data/5 - swim/КУ1-50/35_0.jpg, https://raw.githubusercontent.com/Richy5959/lastochka_phono/main/catalog_photos/data/5 - swim/КУ1-50/35_1.jpg, https://raw.githubusercontent.com/Richy5959/lastochka_phono/main/catalog_photos/data/5 - swim/КУ1-50/35_5.jpg, https://raw.githubusercontent.com/Richy5959/lastochka_phono/main/catalog_photos/data/5 - swim/КУ1-50/35_6.jpg	36	1
К42	Чоловічі пляжні боксери, нар. 48, 50, 52, 54, 56. Код: КУ42	#14-149	мікс синіх кольорів	98		320	https://raw.githubusercontent.com/Richy5959/lastochka_phono/main/catalog_photos/data/tights_socks/К42_Nikola_leggins.png	M-L	1
К43	Помаранчевий жіночий купальник, 36, 38, 40, 42, 44. Код: КУ43	#22710	помаранчевий	224		700	https://raw.githubusercontent.com/Richy5959/lastochka_phono/main/catalog_photos/data/tights_socks/К43_gabriella_microfibre.png	36(S), 38(M), 42(XL), 44(2XL)	4
К44	Жіночі пляжні трусики чайки. Код: КУ44	#590	чорний	68		250	https://raw.githubusercontent.com/Richy5959/lastochka_phono/main/catalog_photos/data/tights_socks/К44_gabriella_melange.jpg	38, 40, 42, 44, 46	5
К47	Купальник у стилі Victoria's Secret, нар. 38, 40, 42, 44, 46. Код: КУ47	#68503	чорно-рожевий	160		550	https://raw.githubusercontent.com/Richy5959/lastochka_phono/main/catalog_photos/data/tights_socks/К47_gatta_гольфы.png	38	1
КУ54	Жіночі пляжні стрінги на зав'язках. Код: КУ54	#101	чорний	63		250	https://raw.githubusercontent.com/Richy5959/lastochka_phono/main/catalog_photos/data/5 - swim/51-100/54_1.jpg, https://raw.githubusercontent.com/Richy5959/lastochka_phono/main/catalog_photos/data/5 - swim/51-100/54_10.jpg, https://raw.githubusercontent.com/Richy5959/lastochka_phono/main/catalog_photos/data/5 - swim/51-100/54_4.jpg, https://raw.githubusercontent.com/Richy5959/lastochka_phono/main/catalog_photos/data/5 - swim/51-100/54_6.jpg, https://raw.githubusercontent.com/Richy5959/lastochka_phono/main/catalog_photos/data/5 - swim/51-100/54_7.jpg, https://raw.githubusercontent.com/Richy5959/lastochka_phono/main/catalog_photos/data/5 - swim/51-100/54_8.jpg, https://raw.githubusercontent.com/Richy5959/lastochka_phono/main/catalog_photos/data/5 - swim/51-100/54_9.jpg	40, 40, 42, 44, 46	5
КУ58	Суцільний молодіжний купальник. Код: КУ58	#2001	чорний з малюнком	250		850	https://raw.githubusercontent.com/Richy5959/lastochka_phono/main/catalog_photos/data/5 - swim/51-100/58_0.jpg, https://raw.githubusercontent.com/Richy5959/lastochka_phono/main/catalog_photos/data/5 - swim/51-100/58_1.jpg, https://raw.githubusercontent.com/Richy5959/lastochka_phono/main/catalog_photos/data/5 - swim/51-100/58_2.jpg	L	1
КУ61	Стильний купальник чорний з топом. Код: КУ61	#13-66	чорний	247		750	https://raw.githubusercontent.com/Richy5959/lastochka_phono/main/catalog_photos/data/5 - swim/51-100/61_0.jpg, https://raw.githubusercontent.com/Richy5959/lastochka_phono/main/catalog_photos/data/5 - swim/51-100/61_1.jpg, https://raw.githubusercontent.com/Richy5959/lastochka_phono/main/catalog_photos/data/5 - swim/51-100/61_2.jpg, https://raw.githubusercontent.com/Richy5959/lastochka_phono/main/catalog_photos/data/5 - swim/51-100/61_3.jpg, https://raw.githubusercontent.com/Richy5959/lastochka_phono/main/catalog_photos/data/5 - swim/51-100/61_4.jpg	42	1
КУ62	Модний молодіжний купальник, два кольори. Код: КУ62	#14-04	жовтий	196		700	https://raw.githubusercontent.com/Richy5959/lastochka_phono/main/catalog_photos/data/5 - swim/51-100/62_0.jpg, https://raw.githubusercontent.com/Richy5959/lastochka_phono/main/catalog_photos/data/5 - swim/51-100/62_1.jpg, https://raw.githubusercontent.com/Richy5959/lastochka_phono/main/catalog_photos/data/5 - swim/51-100/62_2.jpg, https://raw.githubusercontent.com/Richy5959/lastochka_phono/main/catalog_photos/data/5 - swim/51-100/62_3.jpg	42	1
КУ63	Червоний купальник, нар. 42, 44. Код: КУ63	#161-6	червоний	194		680	https://raw.githubusercontent.com/Richy5959/lastochka_phono/main/catalog_photos/data/5 - swim/51-100/63_0.jpg, https://raw.githubusercontent.com/Richy5959/lastochka_phono/main/catalog_photos/data/5 - swim/51-100/63_1.jpg, https://raw.githubusercontent.com/Richy5959/lastochka_phono/main/catalog_photos/data/5 - swim/51-100/63_2.jpg, https://raw.githubusercontent.com/Richy5959/lastochka_phono/main/catalog_photos/data/5 - swim/51-100/63_3.jpg	44	1
КУ67	Модний купальник із топом. Код: КУ67	#13-53	персиковий	247		750	https://raw.githubusercontent.com/Richy5959/lastochka_phono/main/catalog_photos/data/5 - swim/51-100/67_0.jpg, https://raw.githubusercontent.com/Richy5959/lastochka_phono/main/catalog_photos/data/5 - swim/51-100/67_1.jpg, https://raw.githubusercontent.com/Richy5959/lastochka_phono/main/catalog_photos/data/5 - swim/51-100/67_2.jpg	38, 40, 42	3
КУ69	Сексуальний купальник S/M. Код: КУ69	#ДМ008	зелений, червоний	104		395	https://raw.githubusercontent.com/Richy5959/lastochka_phono/main/catalog_photos/data/5 - swim/51-100/69_0.jpg, https://raw.githubusercontent.com/Richy5959/lastochka_phono/main/catalog_photos/data/5 - swim/51-100/69_1.jpg, https://raw.githubusercontent.com/Richy5959/lastochka_phono/main/catalog_photos/data/5 - swim/51-100/69_2.jpg, https://raw.githubusercontent.com/Richy5959/lastochka_phono/main/catalog_photos/data/5 - swim/51-100/69_3.jpg, https://raw.githubusercontent.com/Richy5959/lastochka_phono/main/catalog_photos/data/5 - swim/51-100/69_4.jpg, https://raw.githubusercontent.com/Richy5959/lastochka_phono/main/catalog_photos/data/5 - swim/51-100/69_5.jpg	S/M зелений, S/M червоний	2
КУ70	Молодіжний купальник S/M Код: КУ70	#ДМ058	жовтий, блакитний	112		295	https://raw.githubusercontent.com/Richy5959/lastochka_phono/main/catalog_photos/data/5 - swim/51-100/70_0.jpg, https://raw.githubusercontent.com/Richy5959/lastochka_phono/main/catalog_photos/data/5 - swim/51-100/70_1.jpg, https://raw.githubusercontent.com/Richy5959/lastochka_phono/main/catalog_photos/data/5 - swim/51-100/70_2.jpg, https://raw.githubusercontent.com/Richy5959/lastochka_phono/main/catalog_photos/data/5 - swim/51-100/70_3.jpg	S/M жовтий, S/M блакитний	2
КУ72	Червоний бюстик купальника з пуш-ап чашкою 70В. Код: КУ72	#Elif	червоний	240		650	https://raw.githubusercontent.com/Richy5959/lastochka_phono/main/catalog_photos/data/5 - swim/51-100/72_0.jpg, https://raw.githubusercontent.com/Richy5959/lastochka_phono/main/catalog_photos/data/5 - swim/51-100/72_1.jpg, https://raw.githubusercontent.com/Richy5959/lastochka_phono/main/catalog_photos/data/5 - swim/51-100/72_2.jpg, https://raw.githubusercontent.com/Richy5959/lastochka_phono/main/catalog_photos/data/5 - swim/51-100/72_3.jpg, https://raw.githubusercontent.com/Richy5959/lastochka_phono/main/catalog_photos/data/5 - swim/51-100/72_4.jpg, https://raw.githubusercontent.com/Richy5959/lastochka_phono/main/catalog_photos/data/5 - swim/51-100/72_5.jpg	70В	1
КУ74	Модний пуш-ап купальник зі стразами. Код: КУ74	#SGC518KRW	помаранчевий	383		950	https://raw.githubusercontent.com/Richy5959/lastochka_phono/main/catalog_photos/data/5 - swim/51-100/74_0.jpg, https://raw.githubusercontent.com/Richy5959/lastochka_phono/main/catalog_photos/data/5 - swim/51-100/74_1.jpg, https://raw.githubusercontent.com/Richy5959/lastochka_phono/main/catalog_photos/data/5 - swim/51-100/74_2.jpg, https://raw.githubusercontent.com/Richy5959/lastochka_phono/main/catalog_photos/data/5 - swim/51-100/74_3.jpg, https://raw.githubusercontent.com/Richy5959/lastochka_phono/main/catalog_photos/data/5 - swim/51-100/74_4.jpg, https://raw.githubusercontent.com/Richy5959/lastochka_phono/main/catalog_photos/data/5 - swim/51-100/74_5.jpg, https://raw.githubusercontent.com/Richy5959/lastochka_phono/main/catalog_photos/data/5 - swim/51-100/74_6.jpg, https://raw.githubusercontent.com/Richy5959/lastochka_phono/main/catalog_photos/data/5 - swim/51-100/74_7.jpg	42В	1
КУ75	Купальник з топом, яскраві бірюзові жниварки. Код: КУ75	#86224	бірюзовий	300		700	https://raw.githubusercontent.com/Richy5959/lastochka_phono/main/catalog_photos/data/5 - swim/51-100/75.jpg	36	1
КУ76	Яскравий купальник з топкою жниварка. Код: КУ76	#212	червоний	300		700	https://raw.githubusercontent.com/Richy5959/lastochka_phono/main/catalog_photos/data/5 - swim/51-100/76_0.jpg, https://raw.githubusercontent.com/Richy5959/lastochka_phono/main/catalog_photos/data/5 - swim/51-100/76_1.jpg	S, L, XL	3
КУ78	Синій купальник із стразами LOVE ME. Код: КУ78	#22508	синій	318		700	https://raw.githubusercontent.com/Richy5959/lastochka_phono/main/catalog_photos/data/5 - swim/51-100/78_0.jpg, https://raw.githubusercontent.com/Richy5959/lastochka_phono/main/catalog_photos/data/5 - swim/51-100/78_1.jpg	40	1
КУ80	Модні купапальники, три кольори. Код: КУ80	#19011	коричневий, малиновий, леопард	193.2		450	https://raw.githubusercontent.com/Richy5959/lastochka_phono/main/catalog_photos/data/5 - swim/51-100/80_0.jpg, https://raw.githubusercontent.com/Richy5959/lastochka_phono/main/catalog_photos/data/5 - swim/51-100/80_1.jpg, https://raw.githubusercontent.com/Richy5959/lastochka_phono/main/catalog_photos/data/5 - swim/51-100/80_10.jpg, https://raw.githubusercontent.com/Richy5959/lastochka_phono/main/catalog_photos/data/5 - swim/51-100/80_11.jpg, https://raw.githubusercontent.com/Richy5959/lastochka_phono/main/catalog_photos/data/5 - swim/51-100/80_12.jpg, https://raw.githubusercontent.com/Richy5959/lastochka_phono/main/catalog_photos/data/5 - swim/51-100/80_2.jpg, https://raw.githubusercontent.com/Richy5959/lastochka_phono/main/catalog_photos/data/5 - swim/51-100/80_3.jpg, https://raw.githubusercontent.com/Richy5959/lastochka_phono/main/catalog_photos/data/5 - swim/51-100/80_4.jpg, https://raw.githubusercontent.com/Richy5959/lastochka_phono/main/catalog_photos/data/5 - swim/51-100/80_5.jpg, https://raw.githubusercontent.com/Richy5959/lastochka_phono/main/catalog_photos/data/5 - swim/51-100/80_6.jpg, https://raw.githubusercontent.com/Richy5959/lastochka_phono/main/catalog_photos/data/5 - swim/51-100/80_7.jpg, https://raw.githubusercontent.com/Richy5959/lastochka_phono/main/catalog_photos/data/5 - swim/51-100/80_8.jpg, https://raw.githubusercontent.com/Richy5959/lastochka_phono/main/catalog_photos/data/5 - swim/51-100/80_9.jpg	S коричневий, S леопардовий, L малиновий	3
КУ81	Чорний молодіжний купальник. Код: КУ81	#13-77	чорний	287		780	https://raw.githubusercontent.com/Richy5959/lastochka_phono/main/catalog_photos/data/5 - swim/51-100/81_0.jpg, https://raw.githubusercontent.com/Richy5959/lastochka_phono/main/catalog_photos/data/5 - swim/51-100/81_1.jpg, https://raw.githubusercontent.com/Richy5959/lastochka_phono/main/catalog_photos/data/5 - swim/51-100/81_2.jpg, https://raw.githubusercontent.com/Richy5959/lastochka_phono/main/catalog_photos/data/5 - swim/51-100/81_3.jpg	46	1
Д28	Халат для дому. Код: Д28	#047 чорний софт	червоний	215		540	https://raw.githubusercontent.com/Richy5959/lastochka_phono/main/catalog_photos/data/4 - pajamas/Д1-50/28_047черныйсофт.jpg, https://raw.githubusercontent.com/Richy5959/lastochka_phono/main/catalog_photos/data/4 - pajamas/Д1-50/28_красн.jpg, https://raw.githubusercontent.com/Richy5959/lastochka_phono/main/catalog_photos/data/4 - pajamas/Д1-50/Д28_черный.jpg	червоний	1
Д60	Костюм тринитка Barbie, S, M. Код: Д60	#8888	чорний, малиновий	765		1380	https://raw.githubusercontent.com/Richy5959/lastochka_phono/main/catalog_photos/data/4 - pajamas/51-100/60_мал.jpg, https://raw.githubusercontent.com/Richy5959/lastochka_phono/main/catalog_photos/data/4 - pajamas/51-100/60_черн.jpg	S чорний, M малиновий	2
Д61	Шикарна велюрова піжама VS. Код: Д61	#9102, 1998	червоний	1100		1720	https://raw.githubusercontent.com/Richy5959/lastochka_phono/main/catalog_photos/data/4 - pajamas/51-100/61_зел.jpg, https://raw.githubusercontent.com/Richy5959/lastochka_phono/main/catalog_photos/data/4 - pajamas/51-100/61_зел2.jpg, https://raw.githubusercontent.com/Richy5959/lastochka_phono/main/catalog_photos/data/4 - pajamas/51-100/61_крас.jpg, https://raw.githubusercontent.com/Richy5959/lastochka_phono/main/catalog_photos/data/4 - pajamas/51-100/61_крас2.jpg, https://raw.githubusercontent.com/Richy5959/lastochka_phono/main/catalog_photos/data/4 - pajamas/51-100/61_черн1.jpg, https://raw.githubusercontent.com/Richy5959/lastochka_phono/main/catalog_photos/data/4 - pajamas/51-100/61_черн2.jpg	M	1
Д70	Піжама Gucci кольору бордо, S, M. Код: Д70	#1101, 5358	бордо	1100		1720	https://raw.githubusercontent.com/Richy5959/lastochka_phono/main/catalog_photos/data/4 - pajamas/51-100/70_бордо1.jpg, https://raw.githubusercontent.com/Richy5959/lastochka_phono/main/catalog_photos/data/4 - pajamas/51-100/70_бордо2.jpg, https://raw.githubusercontent.com/Richy5959/lastochka_phono/main/catalog_photos/data/4 - pajamas/51-100/70_черн1.jpg, https://raw.githubusercontent.com/Richy5959/lastochka_phono/main/catalog_photos/data/4 - pajamas/51-100/70_черн2.jpg	S	1
Д71	Стильна персикова накидка для дому. Код: Д71	#648	персиковий	213		390	https://raw.githubusercontent.com/Richy5959/lastochka_phono/main/catalog_photos/data/4 - pajamas/51-100/71.jpg	free	1
Д81	Бузковий комплект: футболка та шорти, XL, 2XL, 3XL. Код: Д81	#309 (312)	зелений, синій	292.5		660	https://raw.githubusercontent.com/Richy5959/lastochka_phono/main/catalog_photos/data/4 - pajamas/51-100/81_11.jpg, https://raw.githubusercontent.com/Richy5959/lastochka_phono/main/catalog_photos/data/4 - pajamas/51-100/81_12.jpg	2XL зелений, 3XL синій	2
Д81	Темно-синій комплект: футболка та шорти, S, M, L. Код: Д81	#308 (311)	бузковий	273.2		600	https://raw.githubusercontent.com/Richy5959/lastochka_phono/main/catalog_photos/data/4 - pajamas/51-100/81_11.jpg, https://raw.githubusercontent.com/Richy5959/lastochka_phono/main/catalog_photos/data/4 - pajamas/51-100/81_12.jpg	M бузковий	1
Д86	Комплект для дому з 4-х одиниць, S, M, L. Код: Д86	#608	бордо	419		1450	https://raw.githubusercontent.com/Richy5959/lastochka_phono/main/catalog_photos/data/4 - pajamas/51-100/86_1.jpg, https://raw.githubusercontent.com/Richy5959/lastochka_phono/main/catalog_photos/data/4 - pajamas/51-100/86_12.jpg, https://raw.githubusercontent.com/Richy5959/lastochka_phono/main/catalog_photos/data/4 - pajamas/51-100/86_8.jpg	бордо.S	1
Д90	Синя чоловіча махрова піжама, р.56. Код: Д90	#1399	синій	613.8		1200	https://raw.githubusercontent.com/Richy5959/lastochka_phono/main/catalog_photos/data/4 - pajamas/51-100/90.jpg, https://raw.githubusercontent.com/Richy5959/lastochka_phono/main/catalog_photos/data/4 - pajamas/51-100/90_razmery.jpg	56	1
Д92	Жіночий комплект: халат з піжамою, р.42. Код: Д92	#1604	сіро-рожевий	172.05		420	https://raw.githubusercontent.com/Richy5959/lastochka_phono/main/catalog_photos/data/4 - pajamas/51-100/92_0.jpg, https://raw.githubusercontent.com/Richy5959/lastochka_phono/main/catalog_photos/data/4 - pajamas/51-100/92_1.jpg	42	1
Д93	Чорний чоловічий махровий костюм із капюшоном, р.52. Код: Д93	#1881	чорний	660.3		1200	https://raw.githubusercontent.com/Richy5959/lastochka_phono/main/catalog_photos/data/4 - pajamas/51-100/93.jpg	52	1
Д96	Жіноча коричнева махрова піжама, р.42, 54 (маломерит). Код: Д96	#2103	коричневий	423		880	https://raw.githubusercontent.com/Richy5959/lastochka_phono/main/catalog_photos/data/4 - pajamas/51-100/96_0.jpg	42, 54	2
Д97	Жіночий чорний махровий костюм на блискавці, р.46. Код: Д97	#2118	чорний	678.9		1300	https://raw.githubusercontent.com/Richy5959/lastochka_phono/main/catalog_photos/data/4 - pajamas/51-100/97.jpg	46	1
Д98	Жіноча махрова піжамка "Леон" р. 42, 54. Код: Д98	#2087	чорно-леопардовий	530		1100	https://raw.githubusercontent.com/Richy5959/lastochka_phono/main/catalog_photos/data/4 - pajamas/51-100/98.jpg	54	1
Д99	Махрова піжама з коміром коричнева, р.44, 52. Код: Д99	#2165	коричневий	550		1100	https://raw.githubusercontent.com/Richy5959/lastochka_phono/main/catalog_photos/data/4 - pajamas/51-100/99_0.jpg, https://raw.githubusercontent.com/Richy5959/lastochka_phono/main/catalog_photos/data/4 - pajamas/51-100/99_1.jpg, https://raw.githubusercontent.com/Richy5959/lastochka_phono/main/catalog_photos/data/4 - pajamas/51-100/99_2.jpg	44, 52	2
Д99	Махрова піжама з коміром сірого кольору, р.48, 60. Код: Д99	#2165	сірий	642		1150	https://raw.githubusercontent.com/Richy5959/lastochka_phono/main/catalog_photos/data/4 - pajamas/51-100/99_0.jpg, https://raw.githubusercontent.com/Richy5959/lastochka_phono/main/catalog_photos/data/4 - pajamas/51-100/99_1.jpg, https://raw.githubusercontent.com/Richy5959/lastochka_phono/main/catalog_photos/data/4 - pajamas/51-100/99_2.jpg	48, 60	2
Д99	Махрова піжама з коміром кольору фуксія, р.44. Код: Д99	#2165	фуксія	465		970	https://raw.githubusercontent.com/Richy5959/lastochka_phono/main/catalog_photos/data/4 - pajamas/51-100/99_0.jpg, https://raw.githubusercontent.com/Richy5959/lastochka_phono/main/catalog_photos/data/4 - pajamas/51-100/99_1.jpg, https://raw.githubusercontent.com/Richy5959/lastochka_phono/main/catalog_photos/data/4 - pajamas/51-100/99_2.jpg	44-46	1
Д100	Жіноча махрова піжама з манжетами "Сніговий барс", р. 42, 46, 50. Код: Д100	#2087	біло-сірий	558		1100	https://raw.githubusercontent.com/Richy5959/lastochka_phono/main/catalog_photos/data/4 - pajamas/51-100/100_0.jpg, https://raw.githubusercontent.com/Richy5959/lastochka_phono/main/catalog_photos/data/4 - pajamas/51-100/100_1.jpg	42	1
Д113	Жіночий короткий махровий халат "Шиншилла", р.42. Код: Д113	#482	біло-сірий	483.6		980	https://raw.githubusercontent.com/Richy5959/lastochka_phono/main/catalog_photos/data/4 - pajamas/101-150/113.jpg	42	1
Д117	Стильна махрова піжама для дому, р.S. Код: Д117	#810	жовтий	390		780	https://raw.githubusercontent.com/Richy5959/lastochka_phono/main/catalog_photos/data/4 - pajamas/101-150/117_0.jpg	S	1
Д120	Чорна піжамка з віскози, р.м. Код: Д120	#904	чорний	250		520	https://raw.githubusercontent.com/Richy5959/lastochka_phono/main/catalog_photos/data/4 - pajamas/101-150/120_0.jpg, https://raw.githubusercontent.com/Richy5959/lastochka_phono/main/catalog_photos/data/4 - pajamas/101-150/120_1.jpg	M	1
Д125	Трикотажна піжама з кофти та штанів, р.S. Код: Д125	#590	синя в червоне сердце	370		740	https://raw.githubusercontent.com/Richy5959/lastochka_phono/main/catalog_photos/data/4 - pajamas/101-150/125.jpg	S	1
Д127	Велюровий комплект пудра, р.М, L, XL. Код: Д127	#291	пудра	330		630	https://raw.githubusercontent.com/Richy5959/lastochka_phono/main/catalog_photos/data/4 - pajamas/101-150/127.jpg	XL	1
K119	Пушап велосипеда в рубчик. Код: К119	#0412	пудра	150		320	https://raw.githubusercontent.com/Richy5959/lastochka_phono/main/catalog_photos/data/jeggings/119_3.jpg, https://raw.githubusercontent.com/Richy5959/lastochka_phono/main/catalog_photos/data/jeggings/119_4.jpg, https://raw.githubusercontent.com/Richy5959/lastochka_phono/main/catalog_photos/data/jeggings/119_5.jpg, https://raw.githubusercontent.com/Richy5959/lastochka_phono/main/catalog_photos/data/jeggings/K119_0.jpg, https://raw.githubusercontent.com/Richy5959/lastochka_phono/main/catalog_photos/data/jeggings/K119_1.jpg, https://raw.githubusercontent.com/Richy5959/lastochka_phono/main/catalog_photos/data/jeggings/K119_2.jpg	пудра, пудра, пудра	3
K120	Чорний пушап лосини в широкий рубчик. Код: К120	#0925	чорний	230		420	https://raw.githubusercontent.com/Richy5959/lastochka_phono/main/catalog_photos/data/jeggings/K120.jpg	1	1
K122	Чорний лосин пушап рубчик. Код: К122	#7112	чорний	195		420	https://raw.githubusercontent.com/Richy5959/lastochka_phono/main/catalog_photos/data/jeggings/K122.jpg	M-L, M-L, M-L, XL-2XL	4
Д23	Дитячий комплект термобілизни Columbia. Код: Д23		чорний	310		800	https://raw.githubusercontent.com/Richy5959/lastochka_phono/main/catalog_photos/data/4 - pajamas/Д1-50/23_10.jpg, https://raw.githubusercontent.com/Richy5959/lastochka_phono/main/catalog_photos/data/4 - pajamas/Д1-50/23_11.jpg, https://raw.githubusercontent.com/Richy5959/lastochka_phono/main/catalog_photos/data/4 - pajamas/Д1-50/23_7.jpg, https://raw.githubusercontent.com/Richy5959/lastochka_phono/main/catalog_photos/data/4 - pajamas/Д1-50/23_8.jpg, https://raw.githubusercontent.com/Richy5959/lastochka_phono/main/catalog_photos/data/4 - pajamas/Д1-50/23_9.jpg, https://raw.githubusercontent.com/Richy5959/lastochka_phono/main/catalog_photos/data/4 - pajamas/Д1-50/Д23_0.jpg, https://raw.githubusercontent.com/Richy5959/lastochka_phono/main/catalog_photos/data/4 - pajamas/Д1-50/Д23_1.jpg, https://raw.githubusercontent.com/Richy5959/lastochka_phono/main/catalog_photos/data/4 - pajamas/Д1-50/Д23_3.jpg, https://raw.githubusercontent.com/Richy5959/lastochka_phono/main/catalog_photos/data/4 - pajamas/Д1-50/Д23_4.jpg	128, 134, 146, 152, 158, 164	6
Д23	Комплект термобілизни Columbia. Код: Д23		чорний	330		900	https://raw.githubusercontent.com/Richy5959/lastochka_phono/main/catalog_photos/data/4 - pajamas/Д1-50/23_10.jpg, https://raw.githubusercontent.com/Richy5959/lastochka_phono/main/catalog_photos/data/4 - pajamas/Д1-50/23_11.jpg, https://raw.githubusercontent.com/Richy5959/lastochka_phono/main/catalog_photos/data/4 - pajamas/Д1-50/23_7.jpg, https://raw.githubusercontent.com/Richy5959/lastochka_phono/main/catalog_photos/data/4 - pajamas/Д1-50/23_8.jpg, https://raw.githubusercontent.com/Richy5959/lastochka_phono/main/catalog_photos/data/4 - pajamas/Д1-50/23_9.jpg, https://raw.githubusercontent.com/Richy5959/lastochka_phono/main/catalog_photos/data/4 - pajamas/Д1-50/Д23_0.jpg, https://raw.githubusercontent.com/Richy5959/lastochka_phono/main/catalog_photos/data/4 - pajamas/Д1-50/Д23_1.jpg, https://raw.githubusercontent.com/Richy5959/lastochka_phono/main/catalog_photos/data/4 - pajamas/Д1-50/Д23_3.jpg, https://raw.githubusercontent.com/Richy5959/lastochka_phono/main/catalog_photos/data/4 - pajamas/Д1-50/Д23_4.jpg	S, M	2
Д23	Комплект термобілизни Columbia. Код: Д23		чорний	330		900	https://raw.githubusercontent.com/Richy5959/lastochka_phono/main/catalog_photos/data/4 - pajamas/Д1-50/23_10.jpg, https://raw.githubusercontent.com/Richy5959/lastochka_phono/main/catalog_photos/data/4 - pajamas/Д1-50/23_11.jpg, https://raw.githubusercontent.com/Richy5959/lastochka_phono/main/catalog_photos/data/4 - pajamas/Д1-50/23_7.jpg, https://raw.githubusercontent.com/Richy5959/lastochka_phono/main/catalog_photos/data/4 - pajamas/Д1-50/23_8.jpg, https://raw.githubusercontent.com/Richy5959/lastochka_phono/main/catalog_photos/data/4 - pajamas/Д1-50/23_9.jpg, https://raw.githubusercontent.com/Richy5959/lastochka_phono/main/catalog_photos/data/4 - pajamas/Д1-50/Д23_0.jpg, https://raw.githubusercontent.com/Richy5959/lastochka_phono/main/catalog_photos/data/4 - pajamas/Д1-50/Д23_1.jpg, https://raw.githubusercontent.com/Richy5959/lastochka_phono/main/catalog_photos/data/4 - pajamas/Д1-50/Д23_3.jpg, https://raw.githubusercontent.com/Richy5959/lastochka_phono/main/catalog_photos/data/4 - pajamas/Д1-50/Д23_4.jpg	L, XL, 2XL	3
Д23	Чоловічий комплект термобілизни Columbia. Код: Д23		чорний	330		900	https://raw.githubusercontent.com/Richy5959/lastochka_phono/main/catalog_photos/data/4 - pajamas/Д1-50/23_10.jpg, https://raw.githubusercontent.com/Richy5959/lastochka_phono/main/catalog_photos/data/4 - pajamas/Д1-50/23_11.jpg, https://raw.githubusercontent.com/Richy5959/lastochka_phono/main/catalog_photos/data/4 - pajamas/Д1-50/23_7.jpg, https://raw.githubusercontent.com/Richy5959/lastochka_phono/main/catalog_photos/data/4 - pajamas/Д1-50/23_8.jpg, https://raw.githubusercontent.com/Richy5959/lastochka_phono/main/catalog_photos/data/4 - pajamas/Д1-50/23_9.jpg, https://raw.githubusercontent.com/Richy5959/lastochka_phono/main/catalog_photos/data/4 - pajamas/Д1-50/Д23_0.jpg, https://raw.githubusercontent.com/Richy5959/lastochka_phono/main/catalog_photos/data/4 - pajamas/Д1-50/Д23_1.jpg, https://raw.githubusercontent.com/Richy5959/lastochka_phono/main/catalog_photos/data/4 - pajamas/Д1-50/Д23_3.jpg, https://raw.githubusercontent.com/Richy5959/lastochka_phono/main/catalog_photos/data/4 - pajamas/Д1-50/Д23_4.jpg	S, M	2
Д23	Чоловічий комплект термобілизни Columbia. Код: Д23		чорний	350		900	https://raw.githubusercontent.com/Richy5959/lastochka_phono/main/catalog_photos/data/4 - pajamas/Д1-50/23_10.jpg, https://raw.githubusercontent.com/Richy5959/lastochka_phono/main/catalog_photos/data/4 - pajamas/Д1-50/23_11.jpg, https://raw.githubusercontent.com/Richy5959/lastochka_phono/main/catalog_photos/data/4 - pajamas/Д1-50/23_7.jpg, https://raw.githubusercontent.com/Richy5959/lastochka_phono/main/catalog_photos/data/4 - pajamas/Д1-50/23_8.jpg, https://raw.githubusercontent.com/Richy5959/lastochka_phono/main/catalog_photos/data/4 - pajamas/Д1-50/23_9.jpg, https://raw.githubusercontent.com/Richy5959/lastochka_phono/main/catalog_photos/data/4 - pajamas/Д1-50/Д23_0.jpg, https://raw.githubusercontent.com/Richy5959/lastochka_phono/main/catalog_photos/data/4 - pajamas/Д1-50/Д23_1.jpg, https://raw.githubusercontent.com/Richy5959/lastochka_phono/main/catalog_photos/data/4 - pajamas/Д1-50/Д23_3.jpg, https://raw.githubusercontent.com/Richy5959/lastochka_phono/main/catalog_photos/data/4 - pajamas/Д1-50/Д23_4.jpg	L, XL, 2XL	3
Д23	Комплект зимової термобілизни Columbia батал. Код: Д23		чорний	380		900	https://raw.githubusercontent.com/Richy5959/lastochka_phono/main/catalog_photos/data/4 - pajamas/Д1-50/23_10.jpg, https://raw.githubusercontent.com/Richy5959/lastochka_phono/main/catalog_photos/data/4 - pajamas/Д1-50/23_11.jpg, https://raw.githubusercontent.com/Richy5959/lastochka_phono/main/catalog_photos/data/4 - pajamas/Д1-50/23_7.jpg, https://raw.githubusercontent.com/Richy5959/lastochka_phono/main/catalog_photos/data/4 - pajamas/Д1-50/23_8.jpg, https://raw.githubusercontent.com/Richy5959/lastochka_phono/main/catalog_photos/data/4 - pajamas/Д1-50/23_9.jpg, https://raw.githubusercontent.com/Richy5959/lastochka_phono/main/catalog_photos/data/4 - pajamas/Д1-50/Д23_0.jpg, https://raw.githubusercontent.com/Richy5959/lastochka_phono/main/catalog_photos/data/4 - pajamas/Д1-50/Д23_1.jpg, https://raw.githubusercontent.com/Richy5959/lastochka_phono/main/catalog_photos/data/4 - pajamas/Д1-50/Д23_3.jpg, https://raw.githubusercontent.com/Richy5959/lastochka_phono/main/catalog_photos/data/4 - pajamas/Д1-50/Д23_4.jpg	3XL, 4XL, 5XL, 6XL	4
Д50	Жіноча термобілизна Smartov, розмір S. Код: Д50		чорний	300		850	https://raw.githubusercontent.com/Richy5959/lastochka_phono/main/catalog_photos/data/4 - pajamas/Д1-50/50_0.jpg, https://raw.githubusercontent.com/Richy5959/lastochka_phono/main/catalog_photos/data/4 - pajamas/Д1-50/50_1.jpg, https://raw.githubusercontent.com/Richy5959/lastochka_phono/main/catalog_photos/data/4 - pajamas/Д1-50/50_10.jpg, https://raw.githubusercontent.com/Richy5959/lastochka_phono/main/catalog_photos/data/4 - pajamas/Д1-50/50_11.jpg, https://raw.githubusercontent.com/Richy5959/lastochka_phono/main/catalog_photos/data/4 - pajamas/Д1-50/50_12.jpg, https://raw.githubusercontent.com/Richy5959/lastochka_phono/main/catalog_photos/data/4 - pajamas/Д1-50/50_2.jpg, https://raw.githubusercontent.com/Richy5959/lastochka_phono/main/catalog_photos/data/4 - pajamas/Д1-50/50_3.jpg, https://raw.githubusercontent.com/Richy5959/lastochka_phono/main/catalog_photos/data/4 - pajamas/Д1-50/50_4.jpg, https://raw.githubusercontent.com/Richy5959/lastochka_phono/main/catalog_photos/data/4 - pajamas/Д1-50/50_5.jpg, https://raw.githubusercontent.com/Richy5959/lastochka_phono/main/catalog_photos/data/4 - pajamas/Д1-50/50_6.jpg, https://raw.githubusercontent.com/Richy5959/lastochka_phono/main/catalog_photos/data/4 - pajamas/Д1-50/50_7.jpg, https://raw.githubusercontent.com/Richy5959/lastochka_phono/main/catalog_photos/data/4 - pajamas/Д1-50/50_8.jpg, https://raw.githubusercontent.com/Richy5959/lastochka_phono/main/catalog_photos/data/4 - pajamas/Д1-50/50_9.jpg	S	1
Д77	Чоловічий комплект термобілізні з додаванням зовні. Код: Д77	#Ч784_темно-сірий	темно-сірий	324.9		750	https://raw.githubusercontent.com/Richy5959/lastochka_phono/main/catalog_photos/data/4 - pajamas/51-100/77_0.jpg, https://raw.githubusercontent.com/Richy5959/lastochka_phono/main/catalog_photos/data/4 - pajamas/51-100/77_3.jpg, https://raw.githubusercontent.com/Richy5959/lastochka_phono/main/catalog_photos/data/4 - pajamas/51-100/77_4.jpg, https://raw.githubusercontent.com/Richy5959/lastochka_phono/main/catalog_photos/data/4 - pajamas/51-100/77_5.jpg, https://raw.githubusercontent.com/Richy5959/lastochka_phono/main/catalog_photos/data/4 - pajamas/51-100/77_6.jpg, https://raw.githubusercontent.com/Richy5959/lastochka_phono/main/catalog_photos/data/4 - pajamas/51-100/77_7.jpg	L(46), XL(48), 2XL(50), 3XL(52)	4
Д78	Чоловічий комплект термобілізні на мікрофлісі. Код: Д78	#Ч794_світло-сірий	світло-сірий	312		750	https://raw.githubusercontent.com/Richy5959/lastochka_phono/main/catalog_photos/data/4 - pajamas/51-100/78_0.jpg	2XL(50)	1
Д79	Жіночий комплект термобілизни з додаванням зовні. Код: Д79	#Ж794_рожевий	бузковий, рожевий	291.7		750	https://raw.githubusercontent.com/Richy5959/lastochka_phono/main/catalog_photos/data/4 - pajamas/51-100/79_0.jpg, https://raw.githubusercontent.com/Richy5959/lastochka_phono/main/catalog_photos/data/4 - pajamas/51-100/79_1.jpg, https://raw.githubusercontent.com/Richy5959/lastochka_phono/main/catalog_photos/data/4 - pajamas/51-100/79_2.jpg	L(46) бузковий, M(44) рожевий	2
Д80	Жіночий комплект термобілізни на мікрофлісі. Код: Д80	#Ж784_фіолетовий	бузковий	276		750	https://raw.githubusercontent.com/Richy5959/lastochka_phono/main/catalog_photos/data/4 - pajamas/51-100/80_0.jpg, https://raw.githubusercontent.com/Richy5959/lastochka_phono/main/catalog_photos/data/4 - pajamas/51-100/80_1.jpg, https://raw.githubusercontent.com/Richy5959/lastochka_phono/main/catalog_photos/data/4 - pajamas/51-100/80_5.jpg, https://raw.githubusercontent.com/Richy5959/lastochka_phono/main/catalog_photos/data/4 - pajamas/51-100/80_6.jpg, https://raw.githubusercontent.com/Richy5959/lastochka_phono/main/catalog_photos/data/4 - pajamas/51-100/80_7.jpg	2XL(50) але штани L, бузковий	1
Д129	Термобелье тактична Black, розмір XL. Код: Д129	#JA-09-3 Black	чорно-сірий	474.05		1100	https://raw.githubusercontent.com/Richy5959/lastochka_phono/main/catalog_photos/data/4 - pajamas/101-150/129.jpg, https://raw.githubusercontent.com/Richy5959/lastochka_phono/main/catalog_photos/data/4 - pajamas/101-150/129_1.jpg, https://raw.githubusercontent.com/Richy5959/lastochka_phono/main/catalog_photos/data/4 - pajamas/101-150/129_2.jpg, https://raw.githubusercontent.com/Richy5959/lastochka_phono/main/catalog_photos/data/4 - pajamas/101-150/129_3.jpg	XL	1
Д129	Термобілизна тактична олива, розмір L. Код: Д129	#JA-09-3 Green	оливковий	474.05		1100	https://raw.githubusercontent.com/Richy5959/lastochka_phono/main/catalog_photos/data/4 - pajamas/101-150/129.jpg, https://raw.githubusercontent.com/Richy5959/lastochka_phono/main/catalog_photos/data/4 - pajamas/101-150/129_1.jpg, https://raw.githubusercontent.com/Richy5959/lastochka_phono/main/catalog_photos/data/4 - pajamas/101-150/129_2.jpg, https://raw.githubusercontent.com/Richy5959/lastochka_phono/main/catalog_photos/data/4 - pajamas/101-150/129_3.jpg	L	1
Д130	Термобілизна чоловіча зимова, 2XL, 3XL. Код: Д130	#JA-09 Green	оливковий	379.05		900	https://raw.githubusercontent.com/Richy5959/lastochka_phono/main/catalog_photos/data/4 - pajamas/101-150/130_0.jpg	2XL, 3XL	2
Д131	Термобілизна чоловіча камуфляж, L, XL. Код: Д131		камуфляж	370		900	https://raw.githubusercontent.com/Richy5959/lastochka_phono/main/catalog_photos/data/4 - pajamas/101-150/131_0.jpg, https://raw.githubusercontent.com/Richy5959/lastochka_phono/main/catalog_photos/data/4 - pajamas/101-150/131_1.jpg, https://raw.githubusercontent.com/Richy5959/lastochka_phono/main/catalog_photos/data/4 - pajamas/101-150/131_2.jpg	L, XL	2
Н4	Шкарпетки чоловічі Житомир сітка Класик, розмір 29-31	---	бежевий	6		15	https://raw.githubusercontent.com/Richy5959/lastochka_phono/main/catalog_photos/data/tights_socks/Н4.png	1	3
Н8	Шкарпетки підліток BFL 32-35 розмір BFL B253	#08939	чорний	8		15	Нет фото	1, 1	4
Н10	Шкарпетки жіночі ІРА бамбук в смужку 36-41р.	---	в полоску	7		15	https://raw.githubusercontent.com/Richy5959/lastochka_phono/main/catalog_photos/data/tights_socks/Н10.jpg	1	3
Н11	Шкарпетки жіночі Pesail 37-42 р.	---	белые	7.82		20	https://raw.githubusercontent.com/Richy5959/lastochka_phono/main/catalog_photos/data/tights_socks/Н11.jpg	1, 1, 1, 1, 1, 1, 1, 1, 1	11
Н12	Шкарпетки підліткові	---	різні кольори	6		15	https://raw.githubusercontent.com/Richy5959/lastochka_phono/main/catalog_photos/data/tights_socks/Н12.jpg	1, 1, 1, 1	6
Н15	Шкарпетки вовняні з махрою "Ангора" 34-38р.	#Adpec D 103 Z	різні кольори	8		17	https://raw.githubusercontent.com/Richy5959/lastochka_phono/main/catalog_photos/data/tights_socks/Н15.jpg	1, 1, 1, 1, 1, 1, 1, 1	10
Н16	Шкарпетки дитячі з ангори з махрою, р.16-20см	#Honest 001 Z	різні кольори	9		17	https://raw.githubusercontent.com/Richy5959/lastochka_phono/main/catalog_photos/data/tights_socks/Н16.jpg	1, 1, 1, 1, 1	7
Н17	Шкарпетки дитячі махрові, р.17-22 см	#Jujube Y 108A S	різні кольори	11		20	https://raw.githubusercontent.com/Richy5959/lastochka_phono/main/catalog_photos/data/tights_socks/Н17.jpg	1	3
Н18	Шкарпетки лайкра Elizabeth 30DEN, Чорний (2 пари в упаковці, ціна за пару)	#NL30D	чорний	4		8	https://raw.githubusercontent.com/Richy5959/lastochka_phono/main/catalog_photos/data/tights_socks/Н18.png	1	3
Н20	Капронові шкарпетки з візерунком, нар. 38-42 (2 пари в упаковці, ціна за пару)	#NK801	чёрн / беж	3.4		7	https://raw.githubusercontent.com/Richy5959/lastochka_phono/main/catalog_photos/data/tights_socks/Н20.png	ч, ч	4
Н21	Капронові шкарпетки Soli 20DEN без лайкри, ущільнений шкарпетка та м'яка гумка	#N30	бежевий	2.6		6.5	https://raw.githubusercontent.com/Richy5959/lastochka_phono/main/catalog_photos/data/tights_socks/Н21.jpg	1, 1	4
Н22	Гольфи Elizabeth 30DEN лайкра	#GL30D	бежевий	5.1		12	https://raw.githubusercontent.com/Richy5959/lastochka_phono/main/catalog_photos/data/tights_socks/Н22.jpg	1, 1, 1	5
Н26	Дитячі зимові махрові шкарпетки, модні, для дівчаток	#834 А	різні кольори	10.5		23	https://raw.githubusercontent.com/Richy5959/lastochka_phono/main/catalog_photos/data/tights_socks/Н26.jpg	1, 1, 1, 1, 1, 1, 1, 1, 1	11
Н27	Дитячі махрові шкарпетки "Котики" з 3 до 6 років, р.32-37	#Д 55	різні кольори	10		23	https://raw.githubusercontent.com/Richy5959/lastochka_phono/main/catalog_photos/data/tights_socks/Н27.jpg	1	3
Н28	Махрові жіночі шкарпетки на зиму "Бантики", "Олені"	#80977	різні кольори	11		25	https://raw.githubusercontent.com/Richy5959/lastochka_phono/main/catalog_photos/data/tights_socks/Н28.jpg	1, 1, 1, 1, 1, 1	8
Н29	Шкарпетки короткі стрейчові, спортивні шкарпетки, р.27-29	#Т 021	різні кольори	7		17	https://raw.githubusercontent.com/Richy5959/lastochka_phono/main/catalog_photos/data/tights_socks/Н29.jpg	1	3
Н30	Шикарні жіночі гольфи, розмір 35/40	---	різні кольори	5.81		17	https://raw.githubusercontent.com/Richy5959/lastochka_phono/main/catalog_photos/data/tights_socks/Н30_1.jpg, https://raw.githubusercontent.com/Richy5959/lastochka_phono/main/catalog_photos/data/tights_socks/Н30_2.jpg	1, 1, 1, 1	6
Н31	Якісні гольфи на дівчинку 5-7 років	---	різні кольори	5.81		17	https://raw.githubusercontent.com/Richy5959/lastochka_phono/main/catalog_photos/data/tights_socks/Н31.jpg	1, 1, 1, 1	6
Н32	Яскраві жіночі шкарпетки в смужку (бамбук) розмір 37-42	---	різні кольори	7.13		17	https://raw.githubusercontent.com/Richy5959/lastochka_phono/main/catalog_photos/data/tights_socks/Н32.jpg	1	3
Н34	Махрові шкарпетки жіночі шкарпетки "Bony"	#листочки	різні кольори	10.8		25	Нет фото	1, 1, 1, 1	6
Н36	Шкарпетки чоловічі "Шкарпетки з чорними" класика бавовна	#015н	чорний	6		17	Нет фото	1	3
Н37	Жіночі трикотажні шкарпетки "Мода Women", р.36-42	#полоска	різні кольори	5.8		17	Нет фото	1	3
Н38	Махрові жіночі шкарпетки "Олені-ялинки", р.36-40		різні кольори	11		25	Нет фото	1, 1, 1, 1, 1, 1	8
Н39	Короткі жіночі шкарпетки, р.36-42, різнокольорові	#016ж	різні кольори	5.5		17	Нет фото	1	3
Н40	Махрові дитячі шкарпетки "Мішутка", р.16-22, 22-28, 28-34, різнокольорові	---	різні кольори	10.8		23	Нет фото	1, 1, 1, 1, 1, 1, 1, 1	10
Н41	Жіночі шкарпетки "Наталі", р.37-42, різнокольоровий	---	різні кольори	5.8		18	Нет фото	1, 1, 1, 1, 1, 1, 1, 1, 1, 1, 1, 1, 1, 1, 1, 1, 1, 1, 1, 1, 1, 1, 1, 1, 1	27
Н42	Білі чоловічі шкарпетки "Укорочені" р.27, р.29	---	білий	7.5		20	https://raw.githubusercontent.com/Richy5959/lastochka_phono/main/catalog_photos/data/tights_socks/Н42.jpg	27, 27, 27, 29, 29	7
Н43	Бежеві чоловічі шкарпетки гладкі "Класик" р.29	---	бежевий	7.5		20	https://raw.githubusercontent.com/Richy5959/lastochka_phono/main/catalog_photos/data/tights_socks/Н43.jpg	29, 29, 29, 29	6
Н44	Темно-сірі чоловічі шкарпетки "Класик" р.27	---	темно-серый	7.5		20	https://raw.githubusercontent.com/Richy5959/lastochka_phono/main/catalog_photos/data/tights_socks/Н44.jpg, https://raw.githubusercontent.com/Richy5959/lastochka_phono/main/catalog_photos/data/tights_socks/Н44_2.jpg	27, 27, 27	5
Н45	Світло-сірі чоловічі шкарпетки "Класик" р.29	---	серый	7.5		20	https://raw.githubusercontent.com/Richy5959/lastochka_phono/main/catalog_photos/data/tights_socks/Н45.jpg, https://raw.githubusercontent.com/Richy5959/lastochka_phono/main/catalog_photos/data/tights_socks/Н45_2.jpg	29, 29, 29	5
Н46	Чорні чоловічі шкарпетки гладкі "Класик" р.25, 27, 29, 31	---	чорний	7.5		20	https://raw.githubusercontent.com/Richy5959/lastochka_phono/main/catalog_photos/data/tights_socks/Н46.jpg	25, 25, 27, 29, 31, 31, 31, 31	10
Н47	Чорні чоловічі махрові шкарпетки "Класик" р.25, 27, 29, 31	---	чорний	11.7		25	https://raw.githubusercontent.com/Richy5959/lastochka_phono/main/catalog_photos/data/tights_socks/Н47.jpg	25, 25, 25, 25, 27, 29, 29, 29, 31, 31	12
Н48	Чорні чоловічі махрові шкарпетки "Елегант" р.27, 31	---	чорний	11.7		25	https://raw.githubusercontent.com/Richy5959/lastochka_phono/main/catalog_photos/data/tights_socks/Н48_1.jpg, https://raw.githubusercontent.com/Richy5959/lastochka_phono/main/catalog_photos/data/tights_socks/Н48_2.jpg	27, 27, 27, 27, 31, 31, 31	9
Н49	Чорні чоловічі шкарпетки сітка "Класик" р.25, 27, 29	---	чорний	6.5		20	https://raw.githubusercontent.com/Richy5959/lastochka_phono/main/catalog_photos/data/tights_socks/Н49.jpg	25, 25, 25, 25, 27, 27, 27	9
Н50	Сірі чоловічі шкарпетки сітка "Класик" р.27	---	серый	6.5		20	https://raw.githubusercontent.com/Richy5959/lastochka_phono/main/catalog_photos/data/tights_socks/Н50_1.jpg, https://raw.githubusercontent.com/Richy5959/lastochka_phono/main/catalog_photos/data/tights_socks/Н50_2.jpg	27, 27	4
Н51	Чорні чоловічі шкарпетки "Спорт" р.25, 29, 31	---	чорний	7.5		20	https://raw.githubusercontent.com/Richy5959/lastochka_phono/main/catalog_photos/data/tights_socks/Н51_1.jpg, https://raw.githubusercontent.com/Richy5959/lastochka_phono/main/catalog_photos/data/tights_socks/Н51_2.jpg	25, 25, 25	5
Н52	Шкарпетки "Трекінгові" р.25, 29	---	один цвет	35		58	https://raw.githubusercontent.com/Richy5959/lastochka_phono/main/catalog_photos/data/tights_socks/Н52_1.jpg, https://raw.githubusercontent.com/Richy5959/lastochka_phono/main/catalog_photos/data/tights_socks/Н52_2.jpg	25, 25, 25, 29	6
Н53	Чорні жіночі шкарпетки укорочені "Класик", р.23-25	---	чорний	7.5		20	https://raw.githubusercontent.com/Richy5959/lastochka_phono/main/catalog_photos/data/tights_socks/Н53.jpg	23-25, 23-25, 23-25	5
Н54	Шкарпетки жіночі серії "Панда", р.23-25	---	різні кольори	7.5		20	https://raw.githubusercontent.com/Richy5959/lastochka_phono/main/catalog_photos/data/tights_socks/Н54_1.jpg, https://raw.githubusercontent.com/Richy5959/lastochka_phono/main/catalog_photos/data/tights_socks/Н54_2.jpg	23-25	3
К6	Колготки дитячі Конте-Кідз: Class, Bravo, Tip-Top. . Код: К6	---	разноцвет	53.1		85	https://raw.githubusercontent.com/Richy5959/lastochka_phono/main/catalog_photos/data/tights_socks/К6_conte_kids.png	80-86 гол., 104-110 бел., 116-122 роз.леггинсы	5
К7	Дитячі колготки Gatta Happy School	---	чорний в звездочку			85	https://raw.githubusercontent.com/Richy5959/lastochka_phono/main/catalog_photos/data/tights_socks/К7_gatta_happySсhool.png	116-122	3
К8	Колготки Elizabeth 100DEN MICROFIBRE, Чорний, р.2, 3, 4, 5	#EL100MF	чорний	28.2		50	https://raw.githubusercontent.com/Richy5959/lastochka_phono/main/catalog_photos/data/tights_socks/K8.png	ч, ч	5
К11	Колготки 20 den бікіні 004EL	#05883	чорний	16.3		29	https://raw.githubusercontent.com/Richy5959/lastochka_phono/main/catalog_photos/data/tights_socks/K11.png	4	3
К17	Колготки Elizabeth 40 den BIKINI CHARM, Чорний, р.2, 3, 4	#EL40BC	чорний	16.6		35	https://raw.githubusercontent.com/Richy5959/lastochka_phono/main/catalog_photos/data/tights_socks/K17.png	4	3
К18	Колготки жіночі теплі 1600 den 2022KOL (прибл. 2-3 розмір)	#09680	чорний	20		100	https://raw.githubusercontent.com/Richy5959/lastochka_phono/main/catalog_photos/data/tights_socks/К18.jpg	1, 1	4
К19	Колготки дитячі "Ластівка". Код: К19	#Nailali T2-1 92-98	різні кольори	33.4		65	https://raw.githubusercontent.com/Richy5959/lastochka_phono/main/catalog_photos/data/tights_socks/К19.jpg	92-98 желт., 92-98 роз.	4
K20	Лосини дитячі теплі, вік 3-7 років	#395	чорний в цвет.полоску	15		30	https://raw.githubusercontent.com/Richy5959/lastochka_phono/main/catalog_photos/data/5 - swim/КУ1-50/20_0.jpg	1, 1, 1, 1, 1	7
K24	Колготки жіночі Gabriella Julia 366 (20 den) темно-сірі, бежеві, р.4	---		24		90	https://raw.githubusercontent.com/Richy5959/lastochka_phono/main/catalog_photos/data/5 - swim/КУ1-50/24_0.jpg, https://raw.githubusercontent.com/Richy5959/lastochka_phono/main/catalog_photos/data/5 - swim/КУ1-50/24_1.jpg	4, 4	4
К26	Колготки жіночі Gabriella Reni 286, чорні, нар. 1/2	---		32		90	https://raw.githubusercontent.com/Richy5959/lastochka_phono/main/catalog_photos/data/tights_socks/К26_gabriella-reni.jpg		3
K27	Колготки жіночі Gabriella Puntina TRE (20 den) темно-сірі, нар. 2	---		24		90	https://raw.githubusercontent.com/Richy5959/lastochka_phono/main/catalog_photos/data/5 - swim/КУ1-50/27_0.jpg, https://raw.githubusercontent.com/Richy5959/lastochka_phono/main/catalog_photos/data/5 - swim/КУ1-50/27_1.jpg, https://raw.githubusercontent.com/Richy5959/lastochka_phono/main/catalog_photos/data/5 - swim/КУ1-50/27_2.jpg, https://raw.githubusercontent.com/Richy5959/lastochka_phono/main/catalog_photos/data/5 - swim/КУ1-50/27_3.jpg	2	3
К29	Колготки жіночі Gabriella Miss 105 (20 den) білі, нар. 2, 3, 4	---		16		90	https://raw.githubusercontent.com/Richy5959/lastochka_phono/main/catalog_photos/data/tights_socks/К29_miss.png	2	3
К31	Колготки жіночі Gatta Gabby №6 (20 den) чорні, нар. 3	---		28		90	https://raw.githubusercontent.com/Richy5959/lastochka_phono/main/catalog_photos/data/tights_socks/К31_gatta-gabby.jpg	3	3
K35	Колготки жіночі Gabriella Bacara 477 (20 den), чорні, нар. 2, 3, 4	---		22		90	https://raw.githubusercontent.com/Richy5959/lastochka_phono/main/catalog_photos/data/5 - swim/КУ1-50/35_0.jpg, https://raw.githubusercontent.com/Richy5959/lastochka_phono/main/catalog_photos/data/5 - swim/КУ1-50/35_1.jpg, https://raw.githubusercontent.com/Richy5959/lastochka_phono/main/catalog_photos/data/5 - swim/КУ1-50/35_5.jpg, https://raw.githubusercontent.com/Richy5959/lastochka_phono/main/catalog_photos/data/5 - swim/КУ1-50/35_6.jpg	4	3
K36	Колготки жіночі Gatta Nadette №1 (20 den), чорні, нар. 2, 3, 4	---		28		90	https://raw.githubusercontent.com/Richy5959/lastochka_phono/main/catalog_photos/data/5 - swim/КУ1-50/36_0.jpg, https://raw.githubusercontent.com/Richy5959/lastochka_phono/main/catalog_photos/data/5 - swim/КУ1-50/36_1.jpg	2,3,4	5
K39	Колготки жіночі Conte Verticale, чорні, нар. 4	---		48.47		150	https://raw.githubusercontent.com/Richy5959/lastochka_phono/main/catalog_photos/data/5 - swim/КУ1-50/39_0.jpg	4	3
К41	Дитячі колготки Gatta Alice, білі, нар. 116-126 (A)	---		24		85	https://raw.githubusercontent.com/Richy5959/lastochka_phono/main/catalog_photos/data/tights_socks/К41_gatta_alice.jpg	116-122	3
K42	Дитячі штани Mona Nikola leggins, рожеві	---		24		70	https://raw.githubusercontent.com/Richy5959/lastochka_phono/main/catalog_photos/data/5 - swim/КУ1-50/42_0.jpg	128-134	3
K44	Колготки дитячі Gabriella Melange 751, колір графіт, р.110-122	---		20.4		85	https://raw.githubusercontent.com/Richy5959/lastochka_phono/main/catalog_photos/data/5 - swim/КУ1-50/44_10.jpg, https://raw.githubusercontent.com/Richy5959/lastochka_phono/main/catalog_photos/data/5 - swim/КУ1-50/44_8.jpg, https://raw.githubusercontent.com/Richy5959/lastochka_phono/main/catalog_photos/data/5 - swim/КУ1-50/44_9.jpg	110-122 серый	3
K47	Гольфи жіночі Gatta, чорні, сірі	---		20		45	https://raw.githubusercontent.com/Richy5959/lastochka_phono/main/catalog_photos/data/5 - swim/КУ1-50/47_1.jpg	1, 2, 3	5
K48	Дитячі колготки Bravo, нар. 116-122, 150-152	---		62.4		95	Нет фото	150-152, 150-152	4
К50	Легінси дитячі Viva з декором, р.116-122, 128-134	---		36.48		80	https://raw.githubusercontent.com/Richy5959/lastochka_phono/main/catalog_photos/data/tights_socks/К50_leggins_viva.jpg	116-122	3
K51	Дитячі легінси Gatta, р.92-98, 128-134, 140-146, 152-158	---		16.58		40	Нет фото	92-98 фиол., 128-134 роз., 152-158 сирен.	5
К52,54,56	Колготки Elizabeth 40DEN Classic, Чорний, р.4, 5, 6	#EL40CL	чорний	14.6		35	https://raw.githubusercontent.com/Richy5959/lastochka_phono/main/catalog_photos/data/tights_socks/K52,54,56.png	4, 5	4
К53,55,57	Колготки Elizabeth 40DEN Classic, Бежевий, р.4, 5, 6	#EL40CL	бежевий	14.6		35	https://raw.githubusercontent.com/Richy5959/lastochka_phono/main/catalog_photos/data/tights_socks/K53,55,57.png	4, 4, 6	5
К54	Колготки Elizabeth 40DEN T-BAND, Чорний, р.5	#EL40TB	чорний	15.6		35	https://raw.githubusercontent.com/Richy5959/lastochka_phono/main/catalog_photos/data/tights_socks/K54.jpg	5	3
К53,55,57	Колготки Elizabeth 40DEN T-BAND, Бежевий, р.2, 3, 4, 5	#EL40TB	бежевий	15.6		35	https://raw.githubusercontent.com/Richy5959/lastochka_phono/main/catalog_photos/data/tights_socks/K53,55,57.png	2, 4, 4, 5, 5, 5	8
К56	Колготки Elizabeth 40DEN BIKINI CHARM, Бежевий, нар. 2, 3, 4	#EL40BC	бежевий	16.6		35	https://raw.githubusercontent.com/Richy5959/lastochka_phono/main/catalog_photos/data/tights_socks/K56.jpg, https://raw.githubusercontent.com/Richy5959/lastochka_phono/main/catalog_photos/data/tights_socks/K56_2.jpg	3, 3, 4, 4, 4	7
К53,55,57	Колготки Elizabeth 40DEN HIPSTER WAIST, Бежевий, р.2, 3, 4	#EL40HW	бежевий	16.6		35	https://raw.githubusercontent.com/Richy5959/lastochka_phono/main/catalog_photos/data/tights_socks/K53,55,57.png	2, 2, 3, 4	6
К58	Колготки Руслана 30DEN, Чорний, 52-56 розмір	#K305	чорний	10.4		23	https://raw.githubusercontent.com/Richy5959/lastochka_phono/main/catalog_photos/data/tights_socks/K58.png	5, 5	4
К60	Колготки Elizabeth 80DEN MICROFIBRE, Бежевий, р.4, 5	#EL80MF	бежевий	26.5		48	https://raw.githubusercontent.com/Richy5959/lastochka_phono/main/catalog_photos/data/tights_socks/K60.jpg	5, 5, 5	5
K61	Гамаші під джинс на хутрі р.46-50	#A428	джинс	85.8		190	https://raw.githubusercontent.com/Richy5959/lastochka_phono/main/catalog_photos/data/jeggings/К61.jpg, https://raw.githubusercontent.com/Richy5959/lastochka_phono/main/catalog_photos/data/jeggings/К61_1.jpg, https://raw.githubusercontent.com/Richy5959/lastochka_phono/main/catalog_photos/data/jeggings/К61_2.jpg, https://raw.githubusercontent.com/Richy5959/lastochka_phono/main/catalog_photos/data/jeggings/К61_3.jpg, https://raw.githubusercontent.com/Richy5959/lastochka_phono/main/catalog_photos/data/jeggings/К61_4.jpg, https://raw.githubusercontent.com/Richy5959/lastochka_phono/main/catalog_photos/data/jeggings/К61_5.jpg, https://raw.githubusercontent.com/Richy5959/lastochka_phono/main/catalog_photos/data/jeggings/К61_6.jpg	1	3
K64	Модні джегінси р.46-54	#A421	джинс	61.9		170	https://raw.githubusercontent.com/Richy5959/lastochka_phono/main/catalog_photos/data/jeggings/К64.jpg, https://raw.githubusercontent.com/Richy5959/lastochka_phono/main/catalog_photos/data/jeggings/К64_1.png, https://raw.githubusercontent.com/Richy5959/lastochka_phono/main/catalog_photos/data/jeggings/К64_2.jpg, https://raw.githubusercontent.com/Richy5959/lastochka_phono/main/catalog_photos/data/jeggings/К64_3.jpg, https://raw.githubusercontent.com/Richy5959/lastochka_phono/main/catalog_photos/data/jeggings/К64_4.jpg, https://raw.githubusercontent.com/Richy5959/lastochka_phono/main/catalog_photos/data/jeggings/К64_5.jpg	1, 1, 1	5
K65	Гамаші під джинс "Махра зі стразами" р.48-52	#A431-1	джинс	92.8		200	https://raw.githubusercontent.com/Richy5959/lastochka_phono/main/catalog_photos/data/jeggings/К65.jpg, https://raw.githubusercontent.com/Richy5959/lastochka_phono/main/catalog_photos/data/jeggings/К65_1.jpg, https://raw.githubusercontent.com/Richy5959/lastochka_phono/main/catalog_photos/data/jeggings/К65_2.jpg, https://raw.githubusercontent.com/Richy5959/lastochka_phono/main/catalog_photos/data/jeggings/К65_3.jpg	1, 1	4
K66	Круті гамаші під джинс "Махра" р.46-50	#A431	джинс	92.8		200	https://raw.githubusercontent.com/Richy5959/lastochka_phono/main/catalog_photos/data/jeggings/К66_0.jpg, https://raw.githubusercontent.com/Richy5959/lastochka_phono/main/catalog_photos/data/jeggings/К66_1.jpg, https://raw.githubusercontent.com/Richy5959/lastochka_phono/main/catalog_photos/data/jeggings/К66_2.jpg, https://raw.githubusercontent.com/Richy5959/lastochka_phono/main/catalog_photos/data/jeggings/К66_3.jpg, https://raw.githubusercontent.com/Richy5959/lastochka_phono/main/catalog_photos/data/jeggings/К66_4.jpg, https://raw.githubusercontent.com/Richy5959/lastochka_phono/main/catalog_photos/data/jeggings/К66_5.jpg, https://raw.githubusercontent.com/Richy5959/lastochka_phono/main/catalog_photos/data/jeggings/К66_6.jpg	1	3
K67	Жіночі гамаші під джинс "Махра"	#A424	джинс	82.2		190	https://raw.githubusercontent.com/Richy5959/lastochka_phono/main/catalog_photos/data/jeggings/К67.jpg, https://raw.githubusercontent.com/Richy5959/lastochka_phono/main/catalog_photos/data/jeggings/К67_1.jpg, https://raw.githubusercontent.com/Richy5959/lastochka_phono/main/catalog_photos/data/jeggings/К67_2.jpg, https://raw.githubusercontent.com/Richy5959/lastochka_phono/main/catalog_photos/data/jeggings/К67_3.jpg, https://raw.githubusercontent.com/Richy5959/lastochka_phono/main/catalog_photos/data/jeggings/К67_4.jpg, https://raw.githubusercontent.com/Richy5959/lastochka_phono/main/catalog_photos/data/jeggings/К67_5.jpg	1	3
К71	Колготки Elizabeth Prestige 40 den Classic, Капучіно, нар. 3, 4, 5	#00316	капучино	26.9		50	https://raw.githubusercontent.com/Richy5959/lastochka_phono/main/catalog_photos/data/tights_socks/K71.jpg	5	3
К72	Колготки Elizabeth Prestige 40 den Classic, Бежевий, р.4	#00316	бежевий	26.9		50	https://raw.githubusercontent.com/Richy5959/lastochka_phono/main/catalog_photos/data/tights_socks/K72.jpg	4	3
K75	Джегінси з кишенями. Код: К75.	#SL30964	синий, чорний	175		370	https://raw.githubusercontent.com/Richy5959/lastochka_phono/main/catalog_photos/data/jeggings/K75.jpg, https://raw.githubusercontent.com/Richy5959/lastochka_phono/main/catalog_photos/data/jeggings/K75_2.jpg, https://raw.githubusercontent.com/Richy5959/lastochka_phono/main/catalog_photos/data/jeggings/K75_3.jpg	с.M/L, ч.S/M, ч.M/L, ч.M/L	6
K78	Штани жіночі з кишенями. Код: К78. Склад: 85% бамбук, 15% поліамід	#NA467-3	синий, чорний	119.9		230	https://raw.githubusercontent.com/Richy5959/lastochka_phono/main/catalog_photos/data/jeggings/K78.jpg, https://raw.githubusercontent.com/Richy5959/lastochka_phono/main/catalog_photos/data/jeggings/K78_2.jpg	S/M ч	3
K79	Безшовні джегінси великих розмірів 50-58	#LG1947	джинс	77.8		180	https://raw.githubusercontent.com/Richy5959/lastochka_phono/main/catalog_photos/data/jeggings/K79.jpg, https://raw.githubusercontent.com/Richy5959/lastochka_phono/main/catalog_photos/data/jeggings/K79_2.jpg	1, 1	4
K80	Джеггінси зі стразами, р.46-52. Код: К80. Склад: 55% бавовна, 40% поліестер, 5% спандекс	#LG26	джинс	62		180	https://raw.githubusercontent.com/Richy5959/lastochka_phono/main/catalog_photos/data/jeggings/K80.jpg, https://raw.githubusercontent.com/Richy5959/lastochka_phono/main/catalog_photos/data/jeggings/K80_2.jpg, https://raw.githubusercontent.com/Richy5959/lastochka_phono/main/catalog_photos/data/jeggings/K80_3.jpg, https://raw.githubusercontent.com/Richy5959/lastochka_phono/main/catalog_photos/data/jeggings/K80_4.jpg, https://raw.githubusercontent.com/Richy5959/lastochka_phono/main/catalog_photos/data/jeggings/K80_5.jpg, https://raw.githubusercontent.com/Richy5959/lastochka_phono/main/catalog_photos/data/jeggings/K80_6.jpg, https://raw.githubusercontent.com/Richy5959/lastochka_phono/main/catalog_photos/data/jeggings/K80_7.jpg	1, 1, 1	5
K81	Безшовні джегінси в горошок з простроченням, р.46-52. Код: К81	#LG1960	джинс, синие расцветки	83.5		190	https://raw.githubusercontent.com/Richy5959/lastochka_phono/main/catalog_photos/data/jeggings/K81.jpg, https://raw.githubusercontent.com/Richy5959/lastochka_phono/main/catalog_photos/data/jeggings/K81_2.jpg, https://raw.githubusercontent.com/Richy5959/lastochka_phono/main/catalog_photos/data/jeggings/K81_3.jpg, https://raw.githubusercontent.com/Richy5959/lastochka_phono/main/catalog_photos/data/jeggings/K81_4.jpg, https://raw.githubusercontent.com/Richy5959/lastochka_phono/main/catalog_photos/data/jeggings/K81_5.jpg	син	3
K82	Безшовні лосини під джинс із рядком, р.44-50. Код: К82	#LG909	синий, чорний	63.7		190	https://raw.githubusercontent.com/Richy5959/lastochka_phono/main/catalog_photos/data/jeggings/K82.jpg, https://raw.githubusercontent.com/Richy5959/lastochka_phono/main/catalog_photos/data/jeggings/K82_2.jpg, https://raw.githubusercontent.com/Richy5959/lastochka_phono/main/catalog_photos/data/jeggings/K82_3.jpg	син, син, черн, черн	6
K83	Безшовні однотонні лосини, широкий пояс, р.46-52. Код: К83	#LG726	синий, чорний	58.8		170	https://raw.githubusercontent.com/Richy5959/lastochka_phono/main/catalog_photos/data/jeggings/K83.jpg, https://raw.githubusercontent.com/Richy5959/lastochka_phono/main/catalog_photos/data/jeggings/K83_2.jpg, https://raw.githubusercontent.com/Richy5959/lastochka_phono/main/catalog_photos/data/jeggings/K83_3.jpg	син, син	4
K84	Жіночі джинси 98% бавовна, розміри: 40-48	#G302-61159	чорний	68.2		170	https://raw.githubusercontent.com/Richy5959/lastochka_phono/main/catalog_photos/data/jeggings/K84.jpg, https://raw.githubusercontent.com/Richy5959/lastochka_phono/main/catalog_photos/data/jeggings/K84_2.jpg	36, 38	4
К85	Жіночі панчохи "Für DICH" (15 den), нар. 1/2, 3/4. Код: К85	---	чорний, бежевий	53		110	https://raw.githubusercontent.com/Richy5959/lastochka_phono/main/catalog_photos/data/tights_socks/K85.jpg	беж.1/2, беж.3/4, беж.3/4	5
К86	Упаковка (2 пари) шовковистих шкарпеток з лайкрою "Інтуїція" (15 den)	---	бежевий	19.2		40	https://raw.githubusercontent.com/Richy5959/lastochka_phono/main/catalog_photos/data/tights_socks/K86.jpg	1 упак.	3
К89	Колготки Innamore Cotton 150 den Nero. Код: K89	---	чорний	138		220	https://raw.githubusercontent.com/Richy5959/lastochka_phono/main/catalog_photos/data/tights_socks/K89.jpg	6	3
К92	Колготки Інтуїція 100 den Nero. Код: K92	---	чорний	92.25		190	https://raw.githubusercontent.com/Richy5959/lastochka_phono/main/catalog_photos/data/tights_socks/K92.jpg	3	3
K93	Бежеві шкарпетки мікрофібра 40 den, 2 пари в коробочці	---	бежевий	35.1		65	Нет фото	1, 1, 1, 1, 1, 1	10
K94	Бежеві шкарпетки "Браво" , 2 пари в коробочці	---	бежевий	15.57		35	Нет фото	1, 1, 1, 1, 1, 1, 1, 1	10
K95	Чорні шкарпетки 15 den , 2 пари в коробочці	---	чорний	20.34		40	Нет фото	1, 1, 1, 1, 1	7
K96	Безшовні теплі лосини з широким поясом. Код: К96	#В826	чорний	63		150	Нет фото	1, 1	4
К99	Жіночі джинси однотонні. Код: К99	#SL3001-2	чорний, синий	125		330	https://raw.githubusercontent.com/Richy5959/lastochka_phono/main/catalog_photos/data/tights_socks/К99_1.jpg, https://raw.githubusercontent.com/Richy5959/lastochka_phono/main/catalog_photos/data/tights_socks/К99_2.jpg, https://raw.githubusercontent.com/Richy5959/lastochka_phono/main/catalog_photos/data/tights_socks/К99_3.jpg	с.M/L, ч.M/L, с.L/XL, с.XL/2XL	6
K100	Дитячі колготки махрові. Код: К100	---	різні	35.5		80	Нет фото	92-98, 92-98, 104-110, 104-110, 104-110, 116-128, 134-140	9
YT37	Червоний бюстгальтер triangle "Base"	#BS-4000	червоний	178	м'яка	400	https://raw.githubusercontent.com/Richy5959/lastochka_phono/main/catalog_photos/data/YourTouch/YT37.jpg	70С червоний	1
Б4	Ажурний бюст Diorella у чашці В. Код: Б4	#32116	чорно-білий	56	На тонком	90	https://raw.githubusercontent.com/Richy5959/lastochka_phono/main/catalog_photos/data/2 - bras_bralets/Б1-50/Б4.png	70В чорно-білий	2
Б9	Білий бюстгальтер Diorella у чашці С. Код: Б9	#63091	білий	25	На тонком	180	https://raw.githubusercontent.com/Richy5959/lastochka_phono/main/catalog_photos/data/2 - bras_bralets/Б1-50/Б9.png	80С білий	1
Б17	Бюстгальтер Diorella у чашці 75D. Код: Б17	#33695	чорно-білий	115	На тонком	240	https://raw.githubusercontent.com/Richy5959/lastochka_phono/main/catalog_photos/data/2 - bras_bralets/Б1-50/Б17_1.jpg, https://raw.githubusercontent.com/Richy5959/lastochka_phono/main/catalog_photos/data/2 - bras_bralets/Б1-50/Б17_2.jpg	75D чорно-білий	9
Б18	Бюстгальтер Diorella у чашці F. Код: Б18	#62324	бежевий	123	На тонком	250	https://raw.githubusercontent.com/Richy5959/lastochka_phono/main/catalog_photos/data/2 - bras_bralets/Б1-50/Б18_1.jpg	110F бежевий	4
Б22	Бавовняний бюстгальтер Angela у чашці D75	#740	бежевий, білий	54	м'яка	400	https://raw.githubusercontent.com/Richy5959/lastochka_phono/main/catalog_photos/data/2 - bras_bralets/Б1-50/Б22.png	75D бежевий, 75D білий	8
Б28	Бюстгальтер Diorella у чашці DD, білий	#7794	білий	70	м'яка	210	https://raw.githubusercontent.com/Richy5959/lastochka_phono/main/catalog_photos/data/2 - bras_bralets/Б1-50/Б28.png, https://raw.githubusercontent.com/Richy5959/lastochka_phono/main/catalog_photos/data/2 - bras_bralets/Б1-50/Б28_1.jpg, https://raw.githubusercontent.com/Richy5959/lastochka_phono/main/catalog_photos/data/2 - bras_bralets/Б1-50/Б28_3.jpg	85DD білий	5
Б32	Бюстик фіолетовий без кісточки. Код: Б32	#3320	фіолетовий	39.5	На тонком	200	https://raw.githubusercontent.com/Richy5959/lastochka_phono/main/catalog_photos/data/2 - bras_bralets/Б1-50/32_4.jpg, https://raw.githubusercontent.com/Richy5959/lastochka_phono/main/catalog_photos/data/2 - bras_bralets/Б1-50/32_5.jpg	75А фіолетовий, 80А фіолетовий	1
Б34	Бюстгальтер	#63276E	мікс кольорів	110	На тонком	240	https://raw.githubusercontent.com/Richy5959/lastochka_phono/main/catalog_photos/data/2 - bras_bralets/Б1-50/Б34.png	75E	1
Б40	Чорний корсетний бюстгальтер чашка С. Код: Б40	#12762	чорний	67	На тонком	350	https://raw.githubusercontent.com/Richy5959/lastochka_phono/main/catalog_photos/data/2 - bras_bralets/Б1-50/40_1.jpg, https://raw.githubusercontent.com/Richy5959/lastochka_phono/main/catalog_photos/data/2 - bras_bralets/Б1-50/40_2.jpg, https://raw.githubusercontent.com/Richy5959/lastochka_phono/main/catalog_photos/data/2 - bras_bralets/Б1-50/40_3.jpg, https://raw.githubusercontent.com/Richy5959/lastochka_phono/main/catalog_photos/data/2 - bras_bralets/Б1-50/40_4.jpg, https://raw.githubusercontent.com/Richy5959/lastochka_phono/main/catalog_photos/data/2 - bras_bralets/Б1-50/40_5.jpg	75С чорний	2
Б44	Бюстгальтер в чашку D кольору шоколаду. Код: Б44	#1267	коричневий	187.35	м'яка	420	https://raw.githubusercontent.com/Richy5959/lastochka_phono/main/catalog_photos/data/2 - bras_bralets/Б1-50/44_0.jpg, https://raw.githubusercontent.com/Richy5959/lastochka_phono/main/catalog_photos/data/2 - bras_bralets/Б1-50/44_1.jpg, https://raw.githubusercontent.com/Richy5959/lastochka_phono/main/catalog_photos/data/2 - bras_bralets/Б1-50/44_2.jpg, https://raw.githubusercontent.com/Richy5959/lastochka_phono/main/catalog_photos/data/2 - bras_bralets/Б1-50/44_30.jpg, https://raw.githubusercontent.com/Richy5959/lastochka_phono/main/catalog_photos/data/2 - bras_bralets/Б1-50/44_31.jpg, https://raw.githubusercontent.com/Richy5959/lastochka_phono/main/catalog_photos/data/2 - bras_bralets/Б1-50/44_8.jpg	85D коричневий	2
Б51	Чорний бюстгальтер спейсер у чашці D. Код: Б51	#8285	чорний	202.08	м'яка	450	https://raw.githubusercontent.com/Richy5959/lastochka_phono/main/catalog_photos/data/2 - bras_bralets/Б51-100/51_20.jpg, https://raw.githubusercontent.com/Richy5959/lastochka_phono/main/catalog_photos/data/2 - bras_bralets/Б51-100/51_21.jpg	80D чорний	3
Б52	Ошатний бюст пушап чашка В. Код: Б52	#830	мікс кольорів	105	Пуш-ап	280	https://raw.githubusercontent.com/Richy5959/lastochka_phono/main/catalog_photos/data/2 - bras_bralets/Б51-100/52_0.jpg, https://raw.githubusercontent.com/Richy5959/lastochka_phono/main/catalog_photos/data/2 - bras_bralets/Б51-100/52_1.jpg, https://raw.githubusercontent.com/Richy5959/lastochka_phono/main/catalog_photos/data/2 - bras_bralets/Б51-100/52_2.jpg	85В	9
Б54	Бюстгальтер	#34256	чорно-білий	93	На тонком	200	https://raw.githubusercontent.com/Richy5959/lastochka_phono/main/catalog_photos/data/2 - bras_bralets/Б51-100/54_1.png, https://raw.githubusercontent.com/Richy5959/lastochka_phono/main/catalog_photos/data/2 - bras_bralets/Б51-100/54_2.png	75С чорно-білий	1
Б58	Бюстгальтер	#31805	чорний	30	На тонком	180	https://raw.githubusercontent.com/Richy5959/lastochka_phono/main/catalog_photos/data/2 - bras_bralets/Б51-100/58.jpg	70С чорний, 80С чорний	6
Б59	Бретельки з камінням	#2026	чорний	8.9		25	Нет фото	чорні	1
Б67	Бюстгальтер з push-up, чашка B, рожевий	#29346	рожевий	50	Пуш-ап	90	https://raw.githubusercontent.com/Richy5959/lastochka_phono/main/catalog_photos/data/2 - bras_bralets/Б51-100/67_1.jpg, https://raw.githubusercontent.com/Richy5959/lastochka_phono/main/catalog_photos/data/2 - bras_bralets/Б51-100/67_2.jpg	75В рожевий, 90В рожевий	4
Б68	Бежевий гладкий бюстик із 3D чашками. Код: Б68	#377	бежевий	125.1	м'яка	300	https://raw.githubusercontent.com/Richy5959/lastochka_phono/main/catalog_photos/data/2 - bras_bralets/Б51-100/68_5.jpg	80В/С бежевий	4
Б70	Погруддя щільний поролон чашка В, два кольори. Код: Б70	#8203	червоний	120	На плотном	280	https://raw.githubusercontent.com/Richy5959/lastochka_phono/main/catalog_photos/data/2 - bras_bralets/Б51-100/70_0.jpg, https://raw.githubusercontent.com/Richy5959/lastochka_phono/main/catalog_photos/data/2 - bras_bralets/Б51-100/70_1.jpg	85В червоний	1
Б76	Бюстгальтер в чашку D колір пудри. Код: Б76	#2116	пудра	181	м'яка	450	https://raw.githubusercontent.com/Richy5959/lastochka_phono/main/catalog_photos/data/2 - bras_bralets/Б51-100/76_10.jpg, https://raw.githubusercontent.com/Richy5959/lastochka_phono/main/catalog_photos/data/2 - bras_bralets/Б51-100/76_11.jpg, https://raw.githubusercontent.com/Richy5959/lastochka_phono/main/catalog_photos/data/bras/Б76_1.jpg, https://raw.githubusercontent.com/Richy5959/lastochka_phono/main/catalog_photos/data/bras/Б76_2.jpg, https://raw.githubusercontent.com/Richy5959/lastochka_phono/main/catalog_photos/data/bras/Б76_3.jpg	100D пудра	4
Б77	Бюстгальтер Diorella у чашці C, чорний	#32348	чорний	69	На плотном	190	https://raw.githubusercontent.com/Richy5959/lastochka_phono/main/catalog_photos/data/2 - bras_bralets/Б51-100/Б77.jpg, https://raw.githubusercontent.com/Richy5959/lastochka_phono/main/catalog_photos/data/2 - bras_bralets/Б51-100/Б77_1.jpg, https://raw.githubusercontent.com/Richy5959/lastochka_phono/main/catalog_photos/data/2 - bras_bralets/Б51-100/Б77_2.jpg	75С чорний	1
Б78	Бюстгальтер Diorella у чашці C, білий	#1070	білий	71	м'яка	190	https://raw.githubusercontent.com/Richy5959/lastochka_phono/main/catalog_photos/data/2 - bras_bralets/Б51-100/Б78.jpg	75С білий	1
Б79	Бюстгальтер Diorella у чашці C, бордовий	#1070	бордо	71	м'яка	190	https://raw.githubusercontent.com/Richy5959/lastochka_phono/main/catalog_photos/data/2 - bras_bralets/Б51-100/Б79.jpg	75С бордо, 80С бордо	6
Б80	Бюстгальтер Diorella у чашці D, червоний	#1070	червоний	86	м'яка	300	https://raw.githubusercontent.com/Richy5959/lastochka_phono/main/catalog_photos/data/2 - bras_bralets/Б51-100/Б80_1.jpg, https://raw.githubusercontent.com/Richy5959/lastochka_phono/main/catalog_photos/data/2 - bras_bralets/Б51-100/Б80_2.jpg	90D червоний	1
Б81	Бюстгальтер Diorella у чашці C, чорно-білий	#32675	чорно-білий	74	На тонком	190	https://raw.githubusercontent.com/Richy5959/lastochka_phono/main/catalog_photos/data/2 - bras_bralets/Б51-100/Б81_1.jpg, https://raw.githubusercontent.com/Richy5959/lastochka_phono/main/catalog_photos/data/2 - bras_bralets/Б51-100/Б81_2.jpg	75С чорно-білий	8
Б82	Бюстгальтер Diorella у чашці C, чорно-золотий	#32181	чорно-бежевий	76	На тонком	330	https://raw.githubusercontent.com/Richy5959/lastochka_phono/main/catalog_photos/data/2 - bras_bralets/Б51-100/Б82_1.jpg, https://raw.githubusercontent.com/Richy5959/lastochka_phono/main/catalog_photos/data/2 - bras_bralets/Б51-100/Б82_2.jpg, https://raw.githubusercontent.com/Richy5959/lastochka_phono/main/catalog_photos/data/2 - bras_bralets/Б51-100/Б82_3.jpg	75С чорно-бежевий	27
Б85	Бюстгальтер Diorella у чашці C, білий	#33696	білий	81	На тонком	330	https://raw.githubusercontent.com/Richy5959/lastochka_phono/main/catalog_photos/data/2 - bras_bralets/Б51-100/Б85.jpg	80С білий	5
Б86	Бюстгальтер Diorella у чашці D, чорно-білий	#33266	чорно-білий	88	На тонком	220	https://raw.githubusercontent.com/Richy5959/lastochka_phono/main/catalog_photos/data/2 - bras_bralets/Б51-100/Б86.jpg	75D чорно-білий	4
Б90	Бюстгальтер Diorella в чашці С, бузковий	#34203	бузковий	102	На тонком	330	https://raw.githubusercontent.com/Richy5959/lastochka_phono/main/catalog_photos/data/2 - bras_bralets/Б51-100/Б90_1.jpg, https://raw.githubusercontent.com/Richy5959/lastochka_phono/main/catalog_photos/data/2 - bras_bralets/Б51-100/Б90_2.jpg	75С бузковий	3
Б96	Бюстгальтер Diorella у чашці D, блакитний	#63998	блакитний	106	На тонком	320	https://raw.githubusercontent.com/Richy5959/lastochka_phono/main/catalog_photos/data/2 - bras_bralets/Б51-100/Б96_1.jpg, https://raw.githubusercontent.com/Richy5959/lastochka_phono/main/catalog_photos/data/2 - bras_bralets/Б51-100/Б96_2.jpg	75D блакитний	3
Б103	Малиновий ліф зі знімним пуш-апом у чашці А	#7120	малиновий	40	Пуш-ап	90	https://raw.githubusercontent.com/Richy5959/lastochka_phono/main/catalog_photos/data/2 - bras_bralets/Б101-150/Б103_1.jpg, https://raw.githubusercontent.com/Richy5959/lastochka_phono/main/catalog_photos/data/2 - bras_bralets/Б101-150/Б103_2.jpg	75A малиновий	8
Б107	Бежеве погруддя м'яка чашка D. Код: Б107	#90553	бежевий	138.6	м'яка	440	https://raw.githubusercontent.com/Richy5959/lastochka_phono/main/catalog_photos/data/2 - bras_bralets/Б101-150/107_0.jpg, https://raw.githubusercontent.com/Richy5959/lastochka_phono/main/catalog_photos/data/2 - bras_bralets/Б101-150/107_1.jpg, https://raw.githubusercontent.com/Richy5959/lastochka_phono/main/catalog_photos/data/2 - bras_bralets/Б101-150/107_2.jpg, https://raw.githubusercontent.com/Richy5959/lastochka_phono/main/catalog_photos/data/2 - bras_bralets/Б101-150/107_7.jpg, https://raw.githubusercontent.com/Richy5959/lastochka_phono/main/catalog_photos/data/2 - bras_bralets/Б101-150/107_8.jpg	80D бежевий, 85D бежевий, 90D бежевий	12
Б112	Бюстгальтер пуш-ап для відкритого декольте, чашка В. Код: Б112	#2207	білий	142.8	Пуш-ап	420	https://raw.githubusercontent.com/Richy5959/lastochka_phono/main/catalog_photos/data/2 - bras_bralets/Б101-150/112_11.jpg, https://raw.githubusercontent.com/Richy5959/lastochka_phono/main/catalog_photos/data/2 - bras_bralets/Б101-150/112_12.jpg, https://raw.githubusercontent.com/Richy5959/lastochka_phono/main/catalog_photos/data/2 - bras_bralets/Б101-150/112_13.jpg, https://raw.githubusercontent.com/Richy5959/lastochka_phono/main/catalog_photos/data/2 - bras_bralets/Б101-150/112_14.jpg	85В білий	7
Б116	Бюстик без поролону в чашках С та D. Код: Б116	#2107	чорний	160	м'яка	440	https://raw.githubusercontent.com/Richy5959/lastochka_phono/main/catalog_photos/data/2 - bras_bralets/Б101-150/116_11.jpg, https://raw.githubusercontent.com/Richy5959/lastochka_phono/main/catalog_photos/data/2 - bras_bralets/Б101-150/116_12.jpg, https://raw.githubusercontent.com/Richy5959/lastochka_phono/main/catalog_photos/data/2 - bras_bralets/Б101-150/116_13.jpg	90С чорний, 95С чорний	7
Б118	Чорні бретелі 1,2 см. Код: Б118	#20	чорний	13.86	----	40	https://raw.githubusercontent.com/Richy5959/lastochka_phono/main/catalog_photos/data/2 - bras_bralets/Б101-150/118_10.jpg, https://raw.githubusercontent.com/Richy5959/lastochka_phono/main/catalog_photos/data/2 - bras_bralets/Б101-150/118_11.jpg	чорні	2
Б119	Бежеві бретелі 1,5 см. Код: Б119	#1000ш	бежевий	6.62	----	40	https://raw.githubusercontent.com/Richy5959/lastochka_phono/main/catalog_photos/data/2 - bras_bralets/Б101-150/119_11.jpg	бежеві	3
Б120	Бюстик без поролона чашка білого кольору. Код: Б120	#15771	білий	158.34	м'яка	370	https://raw.githubusercontent.com/Richy5959/lastochka_phono/main/catalog_photos/data/2 - bras_bralets/Б101-150/120_10.jpg, https://raw.githubusercontent.com/Richy5959/lastochka_phono/main/catalog_photos/data/2 - bras_bralets/Б101-150/120_11.jpg	75В білий	4
Б121	Бюстгальтер з push-up у чашці B, малиновий	#312	малиновий	43	Пуш-ап	90	https://raw.githubusercontent.com/Richy5959/lastochka_phono/main/catalog_photos/data/2 - bras_bralets/Б101-150/Б121_1.jpg, https://raw.githubusercontent.com/Richy5959/lastochka_phono/main/catalog_photos/data/2 - bras_bralets/Б101-150/Б121_2.jpg	80В малиновий, 85В малиновий	3
Б122	Зелений бюстгальтер з пуш-апом у чашці В	#7497	зелений	42	Пуш-ап	90	https://raw.githubusercontent.com/Richy5959/lastochka_phono/main/catalog_photos/data/2 - bras_bralets/Б101-150/Б122_1.jpg, https://raw.githubusercontent.com/Richy5959/lastochka_phono/main/catalog_photos/data/2 - bras_bralets/Б101-150/Б122_2.jpg	70В зелений	1
Б123	Зелений бюстгальтер пуш ап у чашці Б	#328	зелений	42	Пуш-ап	90	https://raw.githubusercontent.com/Richy5959/lastochka_phono/main/catalog_photos/data/2 - bras_bralets/Б101-150/Б123_1.jpg, https://raw.githubusercontent.com/Richy5959/lastochka_phono/main/catalog_photos/data/2 - bras_bralets/Б101-150/Б123_2.jpg	80В зелений	3
Б131	Бюстик відкритої форми чашка С, чорно-бежевий. Код: Б131	#8276	чорно-бежевий	169	На тонком	420	https://raw.githubusercontent.com/Richy5959/lastochka_phono/main/catalog_photos/data/2 - bras_bralets/Б101-150/131_10.jpg, https://raw.githubusercontent.com/Richy5959/lastochka_phono/main/catalog_photos/data/2 - bras_bralets/Б101-150/131_11.jpg, https://raw.githubusercontent.com/Richy5959/lastochka_phono/main/catalog_photos/data/2 - bras_bralets/Б101-150/131_12.jpg, https://raw.githubusercontent.com/Richy5959/lastochka_phono/main/catalog_photos/data/2 - bras_bralets/Б101-150/131_13.jpg	80C чорно-бежевий, 85C чорно-бежевий	1
Б134	Бузковий бюст Anfen у чашці 75С. Код: Б134	#919	бузковий	67	На тонком	280	https://raw.githubusercontent.com/Richy5959/lastochka_phono/main/catalog_photos/data/2 - bras_bralets/Б101-150/134_3.jpg, https://raw.githubusercontent.com/Richy5959/lastochka_phono/main/catalog_photos/data/2 - bras_bralets/Б101-150/134_4.jpg, https://raw.githubusercontent.com/Richy5959/lastochka_phono/main/catalog_photos/data/2 - bras_bralets/Б101-150/Б134_2.jpg	75С бузковий	3
Б139	Ажурний бюстик пушап чашка B. Код: Б139	#2344	бежевий	148.26	Пуш-ап	420	https://raw.githubusercontent.com/Richy5959/lastochka_phono/main/catalog_photos/data/2 - bras_bralets/Б101-150/139_20.jpg, https://raw.githubusercontent.com/Richy5959/lastochka_phono/main/catalog_photos/data/2 - bras_bralets/Б101-150/139_21.jpg, https://raw.githubusercontent.com/Richy5959/lastochka_phono/main/catalog_photos/data/2 - bras_bralets/Б101-150/139_23.jpg, https://raw.githubusercontent.com/Richy5959/lastochka_phono/main/catalog_photos/data/2 - bras_bralets/Б101-150/139_24.jpg, https://raw.githubusercontent.com/Richy5959/lastochka_phono/main/catalog_photos/data/2 - bras_bralets/Б101-150/139_25.jpg, https://raw.githubusercontent.com/Richy5959/lastochka_phono/main/catalog_photos/data/2 - bras_bralets/Б101-150/139_26.jpg	85В бежевий	1
Б144	Бюстик без поролону чашка Е сірого кольору. Код: Б144	#2103	темно-сірий	181.24	м'яка	390	https://raw.githubusercontent.com/Richy5959/lastochka_phono/main/catalog_photos/data/2 - bras_bralets/Б101-150/144_20.jpg, https://raw.githubusercontent.com/Richy5959/lastochka_phono/main/catalog_photos/data/2 - bras_bralets/Б101-150/144_21.jpg, https://raw.githubusercontent.com/Richy5959/lastochka_phono/main/catalog_photos/data/2 - bras_bralets/Б101-150/144_5.jpg	100E темно-сірий	1
Б147	Рожевий погруддя з атласною стрічкою, пуш-ап чашка B	#2827	рожевий	50	Пуш-ап	90	https://raw.githubusercontent.com/Richy5959/lastochka_phono/main/catalog_photos/data/2 - bras_bralets/Б101-150/Б147_1.jpg, https://raw.githubusercontent.com/Richy5959/lastochka_phono/main/catalog_photos/data/2 - bras_bralets/Б101-150/Б147_2.jpg	75В рожевий, 80В рожевий	2
Б148	Погруддя з пуш-ап чашкою A, мереживо зверху чашки	#3863	малиновий	49	Пуш-ап	90	https://raw.githubusercontent.com/Richy5959/lastochka_phono/main/catalog_photos/data/2 - bras_bralets/Б101-150/Б148_1.jpg, https://raw.githubusercontent.com/Richy5959/lastochka_phono/main/catalog_photos/data/2 - bras_bralets/Б101-150/Б148_2.jpg	75A малиновий, 80A малиновий	2
Б150	Бюстик пушап чашка, шість кольорів. Код: Б150	#K0488	пудра	134.6	Пуш-ап	370	https://raw.githubusercontent.com/Richy5959/lastochka_phono/main/catalog_photos/data/2 - bras_bralets/Б101-150/150_20.jpg, https://raw.githubusercontent.com/Richy5959/lastochka_phono/main/catalog_photos/data/2 - bras_bralets/Б101-150/150_21.jpg, https://raw.githubusercontent.com/Richy5959/lastochka_phono/main/catalog_photos/data/2 - bras_bralets/Б101-150/150_22.jpg, https://raw.githubusercontent.com/Richy5959/lastochka_phono/main/catalog_photos/data/2 - bras_bralets/Б101-150/150_23.jpg, https://raw.githubusercontent.com/Richy5959/lastochka_phono/main/catalog_photos/data/2 - bras_bralets/Б101-150/150_24.jpg, https://raw.githubusercontent.com/Richy5959/lastochka_phono/main/catalog_photos/data/2 - bras_bralets/Б101-150/150_25.jpg, https://raw.githubusercontent.com/Richy5959/lastochka_phono/main/catalog_photos/data/2 - bras_bralets/Б101-150/150_26.jpg	80В пудра, 85В пудра	5
Б152	Двоколірний погруддя анжеліка з пушап, на чашку А/В. Код: Б152	#X152	молочно-бежевий	138.1	Пуш-ап	350	https://raw.githubusercontent.com/Richy5959/lastochka_phono/main/catalog_photos/data/2 - bras_bralets/Б151-200/152_20.jpg, https://raw.githubusercontent.com/Richy5959/lastochka_phono/main/catalog_photos/data/2 - bras_bralets/Б151-200/152_21.jpg, https://raw.githubusercontent.com/Richy5959/lastochka_phono/main/catalog_photos/data/2 - bras_bralets/Б151-200/152_22.jpg, https://raw.githubusercontent.com/Richy5959/lastochka_phono/main/catalog_photos/data/2 - bras_bralets/Б151-200/152_23.jpg	85B молочно-бежевий	2
Б153	Гладкий бюстик чашка E plus, 2 кольори. Код: Б153	#1997-2	бежевий	193.2	На плотном	440	https://raw.githubusercontent.com/Richy5959/lastochka_phono/main/catalog_photos/data/2 - bras_bralets/Б151-200/153_20.jpg, https://raw.githubusercontent.com/Richy5959/lastochka_phono/main/catalog_photos/data/2 - bras_bralets/Б151-200/153_21.jpg, https://raw.githubusercontent.com/Richy5959/lastochka_phono/main/catalog_photos/data/2 - bras_bralets/Б151-200/153_22.jpg, https://raw.githubusercontent.com/Richy5959/lastochka_phono/main/catalog_photos/data/2 - bras_bralets/Б151-200/153_23.jpg, https://raw.githubusercontent.com/Richy5959/lastochka_phono/main/catalog_photos/data/2 - bras_bralets/Б151-200/153_24.jpg, https://raw.githubusercontent.com/Richy5959/lastochka_phono/main/catalog_photos/data/2 - bras_bralets/Б151-200/153_25.jpg	105E бежевий	1
Б154	Бюстик на поролоні чашка С, чотири кольори. Код: Б154	#6067	чорно-бежевий	159.57	На тонком	390	https://raw.githubusercontent.com/Richy5959/lastochka_phono/main/catalog_photos/data/2 - bras_bralets/Б151-200/154_20.jpg, https://raw.githubusercontent.com/Richy5959/lastochka_phono/main/catalog_photos/data/2 - bras_bralets/Б151-200/154_21.jpg, https://raw.githubusercontent.com/Richy5959/lastochka_phono/main/catalog_photos/data/2 - bras_bralets/Б151-200/154_22.jpg	85С чорно-бежевий	1
Б156	Чорний бюстик з чашками, що дихають, на чашку B. Код: Б156	#017	чорний	138.6	На тонком	320	https://raw.githubusercontent.com/Richy5959/lastochka_phono/main/catalog_photos/data/2 - bras_bralets/Б151-200/156_20.jpg, https://raw.githubusercontent.com/Richy5959/lastochka_phono/main/catalog_photos/data/2 - bras_bralets/Б151-200/156_21.jpg, https://raw.githubusercontent.com/Richy5959/lastochka_phono/main/catalog_photos/data/2 - bras_bralets/Б151-200/156_22.jpg, https://raw.githubusercontent.com/Richy5959/lastochka_phono/main/catalog_photos/data/2 - bras_bralets/Б151-200/156_23.jpg	85B чорний, 90B чорний	1
Б166	Бюстгальтер гладкий зі стрепами, 3-ка, два кольори. Код: Б166	#2284С	білий	124.4	Пуш-ап	370	https://raw.githubusercontent.com/Richy5959/lastochka_phono/main/catalog_photos/data/2 - bras_bralets/Б151-200/166_20.jpg, https://raw.githubusercontent.com/Richy5959/lastochka_phono/main/catalog_photos/data/2 - bras_bralets/Б151-200/166_21.jpg, https://raw.githubusercontent.com/Richy5959/lastochka_phono/main/catalog_photos/data/2 - bras_bralets/Б151-200/166_22.jpg, https://raw.githubusercontent.com/Richy5959/lastochka_phono/main/catalog_photos/data/2 - bras_bralets/Б151-200/166_23.jpg	90C білий, 95C білий	1
Б170	Ажурний бюстик чашка D в 2 кольорах. Код: Б170	#8243	бежевий	181	На тонком	430	https://raw.githubusercontent.com/Richy5959/lastochka_phono/main/catalog_photos/data/2 - bras_bralets/Б151-200/170_20.jpg, https://raw.githubusercontent.com/Richy5959/lastochka_phono/main/catalog_photos/data/2 - bras_bralets/Б151-200/170_21.jpg, https://raw.githubusercontent.com/Richy5959/lastochka_phono/main/catalog_photos/data/2 - bras_bralets/Б151-200/170_22.jpg	80D бежевий	1
Б174	Гладкий молочний бюстик на коректорі. Код: Б174	#9709	молочний	155.25	Пуш-ап	370	https://raw.githubusercontent.com/Richy5959/lastochka_phono/main/catalog_photos/data/2 - bras_bralets/Б151-200/174_20.jpg, https://raw.githubusercontent.com/Richy5959/lastochka_phono/main/catalog_photos/data/2 - bras_bralets/Б151-200/174_21.jpg, https://raw.githubusercontent.com/Richy5959/lastochka_phono/main/catalog_photos/data/2 - bras_bralets/Б151-200/174_22.jpg	85B молочний	3
Б183	Контейнер для прання бюстгальтерів Bra Baby (Бра Бейбі, Бра Бебі)	#439	рожевий	43	---	110	https://raw.githubusercontent.com/Richy5959/lastochka_phono/main/catalog_photos/data/2 - bras_bralets/Б151-200/Б183_0.jpg, https://raw.githubusercontent.com/Richy5959/lastochka_phono/main/catalog_photos/data/2 - bras_bralets/Б151-200/Б183_1.jpg, https://raw.githubusercontent.com/Richy5959/lastochka_phono/main/catalog_photos/data/2 - bras_bralets/Б151-200/Б183_2.jpg	рожевий	1
Б184	Мішечок чохол контейнер для прання нижньої білизни		мікс кольорів	40	---	100	https://raw.githubusercontent.com/Richy5959/lastochka_phono/main/catalog_photos/data/2 - bras_bralets/Б151-200/Б184_0.jpg, https://raw.githubusercontent.com/Richy5959/lastochka_phono/main/catalog_photos/data/2 - bras_bralets/Б151-200/Б184_1.jpg, https://raw.githubusercontent.com/Richy5959/lastochka_phono/main/catalog_photos/data/2 - bras_bralets/Б151-200/Б184_2.jpg, https://raw.githubusercontent.com/Richy5959/lastochka_phono/main/catalog_photos/data/2 - bras_bralets/Б151-200/Б184_3.jpg, https://raw.githubusercontent.com/Richy5959/lastochka_phono/main/catalog_photos/data/2 - bras_bralets/Б151-200/Б184_4.jpg, https://raw.githubusercontent.com/Richy5959/lastochka_phono/main/catalog_photos/data/2 - bras_bralets/Б151-200/Б184_5.jpg, https://raw.githubusercontent.com/Richy5959/lastochka_phono/main/catalog_photos/data/2 - bras_bralets/Б151-200/Б184_6.jpg, https://raw.githubusercontent.com/Richy5959/lastochka_phono/main/catalog_photos/data/2 - bras_bralets/Б151-200/Б184_7.jpg	1	1
Б185	Бюстик на чашку з невеликим пушап, два кольори. Код: Б185	#72108	чорно-бежевий, білий	147	Пуш-ап	390	https://raw.githubusercontent.com/Richy5959/lastochka_phono/main/catalog_photos/data/2 - bras_bralets/Б151-200/185_20.jpg, https://raw.githubusercontent.com/Richy5959/lastochka_phono/main/catalog_photos/data/2 - bras_bralets/Б151-200/185_21.jpg, https://raw.githubusercontent.com/Richy5959/lastochka_phono/main/catalog_photos/data/2 - bras_bralets/Б151-200/185_22.jpg, https://raw.githubusercontent.com/Richy5959/lastochka_phono/main/catalog_photos/data/2 - bras_bralets/Б151-200/185_23.jpg, https://raw.githubusercontent.com/Richy5959/lastochka_phono/main/catalog_photos/data/2 - bras_bralets/Б151-200/185_24.jpg, https://raw.githubusercontent.com/Richy5959/lastochka_phono/main/catalog_photos/data/2 - bras_bralets/Б151-200/185_25.jpg	80B чорно-бежевий, 75B білий, 80B білий, 85B білий	1
Б207	Бюстгальтер тонкий поролон 3-ка. Код: Б207	#7777	бежевий	49	На тонком	190	https://raw.githubusercontent.com/Richy5959/lastochka_phono/main/catalog_photos/data/2 - bras_bralets/Б201-250/Б207_1.jpg, https://raw.githubusercontent.com/Richy5959/lastochka_phono/main/catalog_photos/data/2 - bras_bralets/Б201-250/Б207_2.jpg	85С бежевий	1
Б236	Гладкий бюстик у чашці С. Код: Б236	#8431	бордо	87	На плотном	290	https://raw.githubusercontent.com/Richy5959/lastochka_phono/main/catalog_photos/data/2 - bras_bralets/Б201-250/236_10.jpg, https://raw.githubusercontent.com/Richy5959/lastochka_phono/main/catalog_photos/data/2 - bras_bralets/Б201-250/236_11.jpg, https://raw.githubusercontent.com/Richy5959/lastochka_phono/main/catalog_photos/data/2 - bras_bralets/Б201-250/236_12.jpg, https://raw.githubusercontent.com/Richy5959/lastochka_phono/main/catalog_photos/data/2 - bras_bralets/Б201-250/Б236_1.jpg, https://raw.githubusercontent.com/Richy5959/lastochka_phono/main/catalog_photos/data/2 - bras_bralets/Б201-250/Б236_4.jpg	80С бордо	3
Б240	Ажурне погруддя з гелевим пушком, чашка С. Код: Б240	#В15	чорний	50	Пуш-ап	190	https://raw.githubusercontent.com/Richy5959/lastochka_phono/main/catalog_photos/data/2 - bras_bralets/Б201-250/Б240_1.jpg, https://raw.githubusercontent.com/Richy5959/lastochka_phono/main/catalog_photos/data/2 - bras_bralets/Б201-250/Б240_2.jpg	85C чорний	2
Б250	Гладкий бюстгальтер пуш-ап чашка, пудра. Код: Б250	#8194	пудра	90	Пуш-ап	320	https://raw.githubusercontent.com/Richy5959/lastochka_phono/main/catalog_photos/data/2 - bras_bralets/Б201-250/250_20.jpg, https://raw.githubusercontent.com/Richy5959/lastochka_phono/main/catalog_photos/data/2 - bras_bralets/Б201-250/250_21.jpg, https://raw.githubusercontent.com/Richy5959/lastochka_phono/main/catalog_photos/data/2 - bras_bralets/Б201-250/250_22.jpg, https://raw.githubusercontent.com/Richy5959/lastochka_phono/main/catalog_photos/data/2 - bras_bralets/Б201-250/250_23.jpg	80В пудра	1
Б263	Бюстик тонкий поролон чашка C. Код: Б263	#6025	чорно-бежевий	90	На тонком	420	https://raw.githubusercontent.com/Richy5959/lastochka_phono/main/catalog_photos/data/2 - bras_bralets/Б251-300/263_20.jpg, https://raw.githubusercontent.com/Richy5959/lastochka_phono/main/catalog_photos/data/2 - bras_bralets/Б251-300/263_21.jpg, https://raw.githubusercontent.com/Richy5959/lastochka_phono/main/catalog_photos/data/2 - bras_bralets/Б251-300/263_22.jpg, https://raw.githubusercontent.com/Richy5959/lastochka_phono/main/catalog_photos/data/2 - bras_bralets/Б251-300/263_23.jpg	75С чорно-бежевий	3
Б264	Бюстик тонкий поролон без кісточок, чашка В. Код: Б264	#8198	червоний	100	На тонком	320	https://raw.githubusercontent.com/Richy5959/lastochka_phono/main/catalog_photos/data/2 - bras_bralets/Б251-300/264_20.jpg	85В червоний	2
Б265	Бюстик без поролону чашка, бордо. Код: Б265	#12755-1	бордо	100	м'яка	350	https://raw.githubusercontent.com/Richy5959/lastochka_phono/main/catalog_photos/data/2 - bras_bralets/Б251-300/265_20.jpg, https://raw.githubusercontent.com/Richy5959/lastochka_phono/main/catalog_photos/data/2 - bras_bralets/Б251-300/265_21.jpg, https://raw.githubusercontent.com/Richy5959/lastochka_phono/main/catalog_photos/data/2 - bras_bralets/Б251-300/265_22.jpg	75C бордо	3
Б280	Бежевий бюстгальтер із коректором, чашка В. Код: Б280	#729	бежевий	67	Пуш-ап	290	https://raw.githubusercontent.com/Richy5959/lastochka_phono/main/catalog_photos/data/2 - bras_bralets/Б251-300/Б280.jpg	85В бежевий	1
Б286	Бюстик у чашці У гель пушап. Код: Б286	#B900	сливовий	86	Пуш-ап	330	https://raw.githubusercontent.com/Richy5959/lastochka_phono/main/catalog_photos/data/2 - bras_bralets/Б251-300/286.jpg, https://raw.githubusercontent.com/Richy5959/lastochka_phono/main/catalog_photos/data/2 - bras_bralets/Б251-300/Б286_3.jpg, https://raw.githubusercontent.com/Richy5959/lastochka_phono/main/catalog_photos/data/2 - bras_bralets/Б251-300/Б286_4.jpg, https://raw.githubusercontent.com/Richy5959/lastochka_phono/main/catalog_photos/data/2 - bras_bralets/Б251-300/Б286_5.jpg, https://raw.githubusercontent.com/Richy5959/lastochka_phono/main/catalog_photos/data/2 - bras_bralets/Б251-300/Б286_6.jpg, https://raw.githubusercontent.com/Richy5959/lastochka_phono/main/catalog_photos/data/2 - bras_bralets/Б251-300/Б286_7.jpg, https://raw.githubusercontent.com/Richy5959/lastochka_phono/main/catalog_photos/data/2 - bras_bralets/Б251-300/Б286_8.jpg	85B сливовий	6
Б287	Бюстик пудра великий пуш-ап чашка В. Код: Б287	#5853	пудра, червоний	120	Пуш-ап	320	https://raw.githubusercontent.com/Richy5959/lastochka_phono/main/catalog_photos/data/2 - bras_bralets/Б251-300/287_0.jpg, https://raw.githubusercontent.com/Richy5959/lastochka_phono/main/catalog_photos/data/2 - bras_bralets/Б251-300/287_1.jpg, https://raw.githubusercontent.com/Richy5959/lastochka_phono/main/catalog_photos/data/2 - bras_bralets/Б251-300/287_2.jpg, https://raw.githubusercontent.com/Richy5959/lastochka_phono/main/catalog_photos/data/2 - bras_bralets/Б251-300/287_3.jpg, https://raw.githubusercontent.com/Richy5959/lastochka_phono/main/catalog_photos/data/2 - bras_bralets/Б251-300/287_4.jpg, https://raw.githubusercontent.com/Richy5959/lastochka_phono/main/catalog_photos/data/2 - bras_bralets/Б251-300/287_5.jpg	85B пудра, 85B червоний	5
Б288	Бюстик у формі квітки, чашка С, три кольори. Код: Б288	#8487	бордо, пудра	70	На тонком	320	https://raw.githubusercontent.com/Richy5959/lastochka_phono/main/catalog_photos/data/2 - bras_bralets/Б251-300/288_0.jpg, https://raw.githubusercontent.com/Richy5959/lastochka_phono/main/catalog_photos/data/2 - bras_bralets/Б251-300/288_1.jpg, https://raw.githubusercontent.com/Richy5959/lastochka_phono/main/catalog_photos/data/2 - bras_bralets/Б251-300/288_7.jpg, https://raw.githubusercontent.com/Richy5959/lastochka_phono/main/catalog_photos/data/2 - bras_bralets/Б251-300/288_8.jpg	75C бордо, 80C пудра, 85C пудра, 90C пудра	4
Б289	Бюстик балконет чашка, три кольори. Код: Б289	#992	білий, пудра	106	На тонком	380	https://raw.githubusercontent.com/Richy5959/lastochka_phono/main/catalog_photos/data/2 - bras_bralets/Б251-300/289_0.jpg, https://raw.githubusercontent.com/Richy5959/lastochka_phono/main/catalog_photos/data/2 - bras_bralets/Б251-300/289_1.jpg, https://raw.githubusercontent.com/Richy5959/lastochka_phono/main/catalog_photos/data/2 - bras_bralets/Б251-300/289_10.jpg, https://raw.githubusercontent.com/Richy5959/lastochka_phono/main/catalog_photos/data/2 - bras_bralets/Б251-300/289_2.jpg, https://raw.githubusercontent.com/Richy5959/lastochka_phono/main/catalog_photos/data/2 - bras_bralets/Б251-300/289_3.jpg, https://raw.githubusercontent.com/Richy5959/lastochka_phono/main/catalog_photos/data/2 - bras_bralets/Б251-300/289_4.jpg, https://raw.githubusercontent.com/Richy5959/lastochka_phono/main/catalog_photos/data/2 - bras_bralets/Б251-300/289_5.jpg, https://raw.githubusercontent.com/Richy5959/lastochka_phono/main/catalog_photos/data/2 - bras_bralets/Б251-300/289_6.jpg, https://raw.githubusercontent.com/Richy5959/lastochka_phono/main/catalog_photos/data/2 - bras_bralets/Б251-300/289_7.jpg, https://raw.githubusercontent.com/Richy5959/lastochka_phono/main/catalog_photos/data/2 - bras_bralets/Б251-300/289_8.jpg, https://raw.githubusercontent.com/Richy5959/lastochka_phono/main/catalog_photos/data/2 - bras_bralets/Б251-300/289_9.jpg	75B білий, 80B білий, 85B білий, 85B пудра	2
Б290	Білий мереживний бралетт M, L, XL. Код: Б290	#8075	білий	100	На тонком	320	https://raw.githubusercontent.com/Richy5959/lastochka_phono/main/catalog_photos/data/2 - bras_bralets/Б251-300/290_0.jpg, https://raw.githubusercontent.com/Richy5959/lastochka_phono/main/catalog_photos/data/2 - bras_bralets/Б251-300/290_1.jpg, https://raw.githubusercontent.com/Richy5959/lastochka_phono/main/catalog_photos/data/2 - bras_bralets/Б251-300/290_3.jpg	M білий, L білий, XL білий	3
Б304	Чорний бюстик без поролону на чашку D. Код: Б304	#2193	чорний	160	На тонком	370	https://raw.githubusercontent.com/Richy5959/lastochka_phono/main/catalog_photos/data/2 - bras_bralets/Б301-350/304_10.jpg, https://raw.githubusercontent.com/Richy5959/lastochka_phono/main/catalog_photos/data/2 - bras_bralets/Б301-350/304_11.jpg, https://raw.githubusercontent.com/Richy5959/lastochka_phono/main/catalog_photos/data/2 - bras_bralets/Б301-350/304_12.jpg	90D чорний	1
Б316	Бюстгальтер чашка В. Код: Б316	#1747	синій	109	Пуш-ап	310	https://raw.githubusercontent.com/Richy5959/lastochka_phono/main/catalog_photos/data/2 - bras_bralets/Б301-350/Б316_1.jpg, https://raw.githubusercontent.com/Richy5959/lastochka_phono/main/catalog_photos/data/2 - bras_bralets/Б301-350/Б316_2.jpg, https://raw.githubusercontent.com/Richy5959/lastochka_phono/main/catalog_photos/data/2 - bras_bralets/Б301-350/Б316_3.jpg, https://raw.githubusercontent.com/Richy5959/lastochka_phono/main/catalog_photos/data/2 - bras_bralets/Б301-350/Б316_4.jpg, https://raw.githubusercontent.com/Richy5959/lastochka_phono/main/catalog_photos/data/2 - bras_bralets/Б301-350/Б316_5.jpg, https://raw.githubusercontent.com/Richy5959/lastochka_phono/main/catalog_photos/data/2 - bras_bralets/Б301-350/Б316_7.jpg	80B синій, 85B синій	3
Б321	Бюстики у чашці А без пуша. Код: Б321	#6237, 6252	персиковий	60	На тонком	210	https://raw.githubusercontent.com/Richy5959/lastochka_phono/main/catalog_photos/data/2 - bras_bralets/Б301-350/Б321.jpg	70А персиковий	2
Б340	Бралет кольору бордо на кісточці, M, L, XL. Код: Б340	#1767	бордо	93	м'яка	350	https://raw.githubusercontent.com/Richy5959/lastochka_phono/main/catalog_photos/data/2 - bras_bralets/Б301-350/Б340_0.jpg	L бордо	1
Б343	Чорний бюстик без поролону на чашку С. Код: Б343	#3-470С	чорний	91.4	м'яка	280	Нет фото	80С чорний	1
Б346	Бюстик на чашку фуксію кольору D. Код: Б346	#6081-1	фуксія	100	На тонком	380	https://raw.githubusercontent.com/Richy5959/lastochka_phono/main/catalog_photos/data/2 - bras_bralets/Б301-350/346_0.jpg, https://raw.githubusercontent.com/Richy5959/lastochka_phono/main/catalog_photos/data/2 - bras_bralets/Б301-350/346_1.jpg, https://raw.githubusercontent.com/Richy5959/lastochka_phono/main/catalog_photos/data/2 - bras_bralets/Б301-350/346_2.jpg, https://raw.githubusercontent.com/Richy5959/lastochka_phono/main/catalog_photos/data/2 - bras_bralets/Б301-350/346_3.jpg, https://raw.githubusercontent.com/Richy5959/lastochka_phono/main/catalog_photos/data/2 - bras_bralets/Б301-350/346_4.jpg	90D фуксія, 100D фуксія	1
Б351	Шикарний бюст на пушап коректорі чашка В. Код: Б351	#18060	червоний	156.94	Пуш-ап	420	https://raw.githubusercontent.com/Richy5959/lastochka_phono/main/catalog_photos/data/2 - bras_bralets/Б351-400/351_0.jpg, https://raw.githubusercontent.com/Richy5959/lastochka_phono/main/catalog_photos/data/2 - bras_bralets/Б351-400/351_1.jpg, https://raw.githubusercontent.com/Richy5959/lastochka_phono/main/catalog_photos/data/2 - bras_bralets/Б351-400/351_2.jpg	80B червоний, 85B червоний	1
Б352	Бюстик у чашці G, два кольори. Код: Б352	#2036	чорний, темно-сірий	210	м'яка	440	https://raw.githubusercontent.com/Richy5959/lastochka_phono/main/catalog_photos/data/2 - bras_bralets/Б351-400/352_0.jpg, https://raw.githubusercontent.com/Richy5959/lastochka_phono/main/catalog_photos/data/2 - bras_bralets/Б351-400/352_1.jpg, https://raw.githubusercontent.com/Richy5959/lastochka_phono/main/catalog_photos/data/2 - bras_bralets/Б351-400/352_2.jpg	105G чорний, 105G сірий, с.110G сірий	4
Б353	Бюстик пушап чашка У 2х кольорах. Код: Б353	#6316	чорно-бежевий, білий	177.7	Пуш-ап	420	https://raw.githubusercontent.com/Richy5959/lastochka_phono/main/catalog_photos/data/2 - bras_bralets/Б351-400/353_0.jpg, https://raw.githubusercontent.com/Richy5959/lastochka_phono/main/catalog_photos/data/2 - bras_bralets/Б351-400/353_1.jpg, https://raw.githubusercontent.com/Richy5959/lastochka_phono/main/catalog_photos/data/2 - bras_bralets/Б351-400/353_2.jpg	80B чорно-бежевий, 85B чорно-бежевий, 75B білий, 80B білий	1
Б360	Бежевий бюстгальтер чашка D. Код: Б360	#107	бежевий	212.1	На тонком	440	https://raw.githubusercontent.com/Richy5959/lastochka_phono/main/catalog_photos/data/2 - bras_bralets/Б351-400/360_0.jpg, https://raw.githubusercontent.com/Richy5959/lastochka_phono/main/catalog_photos/data/2 - bras_bralets/Б351-400/360_1.jpg, https://raw.githubusercontent.com/Richy5959/lastochka_phono/main/catalog_photos/data/2 - bras_bralets/Б351-400/360_2.jpg	85D бежевий, 90D бежевий, 105D бежевий	2
Б361	Шикарний бюст для пишних грудей, чашка D. Код: Б361	#378л	чорно-бежевий, молочний	210	На тонком	450	https://raw.githubusercontent.com/Richy5959/lastochka_phono/main/catalog_photos/data/2 - bras_bralets/Б351-400/361_1.jpg, https://raw.githubusercontent.com/Richy5959/lastochka_phono/main/catalog_photos/data/2 - bras_bralets/Б351-400/361_2.jpg, https://raw.githubusercontent.com/Richy5959/lastochka_phono/main/catalog_photos/data/2 - bras_bralets/Б351-400/361_3.jpg, https://raw.githubusercontent.com/Richy5959/lastochka_phono/main/catalog_photos/data/2 - bras_bralets/Б351-400/361_4.jpg	90D чорно-бежевий, 100D чорно-бежевий, 90D молочний, 95D молочний, 100D молочний	3
Б362	Бюстгальтер спейсер чашка Е, два кольори. Код: Б362	#8217	молочний, чорний	212.5	м'яка	460	https://raw.githubusercontent.com/Richy5959/lastochka_phono/main/catalog_photos/data/2 - bras_bralets/Б351-400/362_10.jpg, https://raw.githubusercontent.com/Richy5959/lastochka_phono/main/catalog_photos/data/2 - bras_bralets/Б351-400/362_4.jpg, https://raw.githubusercontent.com/Richy5959/lastochka_phono/main/catalog_photos/data/2 - bras_bralets/Б351-400/362_5.jpg, https://raw.githubusercontent.com/Richy5959/lastochka_phono/main/catalog_photos/data/2 - bras_bralets/Б351-400/362_6.jpg, https://raw.githubusercontent.com/Richy5959/lastochka_phono/main/catalog_photos/data/2 - bras_bralets/Б351-400/362_7.jpg, https://raw.githubusercontent.com/Richy5959/lastochka_phono/main/catalog_photos/data/2 - bras_bralets/Б351-400/362_8.jpg, https://raw.githubusercontent.com/Richy5959/lastochka_phono/main/catalog_photos/data/2 - bras_bralets/Б351-400/362_9.jpg	100Е молочний, 110Е молочний, 110Е чорний	1
Б363	Пушап бюстик-анжеліка на чашку, два кольори B. Код: Б363	#8072	молочний, чорний	151.2	Пуш-ап	380	https://raw.githubusercontent.com/Richy5959/lastochka_phono/main/catalog_photos/data/2 - bras_bralets/Б351-400/363_0.jpg, https://raw.githubusercontent.com/Richy5959/lastochka_phono/main/catalog_photos/data/2 - bras_bralets/Б351-400/363_1.jpg	80B молочний, 85B молочний, 80B чорний	4
Б365	Чорно-леопардовий бюстик на чашку D. Код: Б365	#80002	леопард	289.1	На тонкому	580	https://raw.githubusercontent.com/Richy5959/lastochka_phono/main/catalog_photos/data/2 - bras_bralets/Б351-400/365_0.jpg, https://raw.githubusercontent.com/Richy5959/lastochka_phono/main/catalog_photos/data/2 - bras_bralets/Б351-400/365_1.jpg, https://raw.githubusercontent.com/Richy5959/lastochka_phono/main/catalog_photos/data/2 - bras_bralets/Б351-400/365_2.jpg, https://raw.githubusercontent.com/Richy5959/lastochka_phono/main/catalog_photos/data/2 - bras_bralets/Б351-400/365_3.jpg	95D леопард	2
Б369	Бюстик без поролону у чашках С та D, 3 кольори. Код: Б369	#356	червоний	230	м'яка	460	https://raw.githubusercontent.com/Richy5959/lastochka_phono/main/catalog_photos/data/2 - bras_bralets/Б351-400/369_0.jpg, https://raw.githubusercontent.com/Richy5959/lastochka_phono/main/catalog_photos/data/2 - bras_bralets/Б351-400/369_1.jpg, https://raw.githubusercontent.com/Richy5959/lastochka_phono/main/catalog_photos/data/2 - bras_bralets/Б351-400/369_2.jpg, https://raw.githubusercontent.com/Richy5959/lastochka_phono/main/catalog_photos/data/2 - bras_bralets/Б351-400/369_3.jpg, https://raw.githubusercontent.com/Richy5959/lastochka_phono/main/catalog_photos/data/2 - bras_bralets/Б351-400/369_4.jpg, https://raw.githubusercontent.com/Richy5959/lastochka_phono/main/catalog_photos/data/2 - bras_bralets/Б351-400/369_5.jpg	75D червоний	2
Б373	Чорно-бежевий пушап бюстик чашка В. Код: Б373	#2362	чорно-бежевий	163.8	Пуш-ап	420	https://raw.githubusercontent.com/Richy5959/lastochka_phono/main/catalog_photos/data/2 - bras_bralets/Б351-400/373_0.jpg, https://raw.githubusercontent.com/Richy5959/lastochka_phono/main/catalog_photos/data/2 - bras_bralets/Б351-400/373_1.jpg	75В чорно-бежевий, 80В чорно-бежевий	3
Б374	Білий бюстик на поролоні чашка С. Код: Б374	#2375	білий	147	Поролон	420	https://raw.githubusercontent.com/Richy5959/lastochka_phono/main/catalog_photos/data/2 - bras_bralets/Б351-400/374_0.jpg, https://raw.githubusercontent.com/Richy5959/lastochka_phono/main/catalog_photos/data/2 - bras_bralets/Б351-400/374_1.jpg	80С білий	1
Б375	Білий бюстик на поролоні чашка С. Код: Б375	#7240	білий	132.3	Поролон	420	https://raw.githubusercontent.com/Richy5959/lastochka_phono/main/catalog_photos/data/2 - bras_bralets/Б351-400/375_0.jpg, https://raw.githubusercontent.com/Richy5959/lastochka_phono/main/catalog_photos/data/2 - bras_bralets/Б351-400/375_1.jpg	75С білий	1
Б376	Бежевий гладкий бюстик чашка С. Код: Б376	#7259	бежевий	161.7	Поролон	420	https://raw.githubusercontent.com/Richy5959/lastochka_phono/main/catalog_photos/data/2 - bras_bralets/Б351-400/376_1.jpg, https://raw.githubusercontent.com/Richy5959/lastochka_phono/main/catalog_photos/data/2 - bras_bralets/Б351-400/376_2.jpg, https://raw.githubusercontent.com/Richy5959/lastochka_phono/main/catalog_photos/data/2 - bras_bralets/Б351-400/376_3.jpg	90С бежевий, 95С бежевий	1
Б379	Розкішний бюстик чашка В, 4 кольори. Код: Б379	#18803	червоний	142.8	Поролон	420	https://raw.githubusercontent.com/Richy5959/lastochka_phono/main/catalog_photos/data/2 - bras_bralets/Б351-400/379_0.jpg, https://raw.githubusercontent.com/Richy5959/lastochka_phono/main/catalog_photos/data/2 - bras_bralets/Б351-400/379_1.jpg, https://raw.githubusercontent.com/Richy5959/lastochka_phono/main/catalog_photos/data/2 - bras_bralets/Б351-400/379_2.jpg	80В червоний	6
Б384	Бюстик без кісточок чашка, два кольори. Код: Б384	#2226	молочний, чорний	168.08	Поролон	380	https://raw.githubusercontent.com/Richy5959/lastochka_phono/main/catalog_photos/data/2 - bras_bralets/Б351-400/384_0.jpg, https://raw.githubusercontent.com/Richy5959/lastochka_phono/main/catalog_photos/data/2 - bras_bralets/Б351-400/384_1.jpg, https://raw.githubusercontent.com/Richy5959/lastochka_phono/main/catalog_photos/data/2 - bras_bralets/Б351-400/384_2.jpg, https://raw.githubusercontent.com/Richy5959/lastochka_phono/main/catalog_photos/data/2 - bras_bralets/Б351-400/384_3.jpg	85В молочний, 85В чорний	8
Б385	Бюстик з пушапом чашка В, два кольори. Код: Б385	#6102	білий	155.63	Пуш-ап	420	https://raw.githubusercontent.com/Richy5959/lastochka_phono/main/catalog_photos/data/2 - bras_bralets/Б351-400/385.jpg	85В білий	5
Б387	Білий бюстик чашка поролон. Код: Б387	#6020	білий	149.4	Поролон	420	https://raw.githubusercontent.com/Richy5959/lastochka_phono/main/catalog_photos/data/2 - bras_bralets/Б351-400/387.jpg	85В білий	2
Б388	Білий бюстик Кубок з невеликим коректором. Код: Б388	#2321	білий	171	Пуш-ап	420	https://raw.githubusercontent.com/Richy5959/lastochka_phono/main/catalog_photos/data/2 - bras_bralets/Б351-400/388_0.jpg	75C білий	4
Б389	Бюстик у чашці B без поролону. Код: Б389	#2372	бежевий, молочний,чорний	157	м'яка	430	Нет фото	85В бежевий, 85В молочний, 90В чорний	7
Б389	Бюстик у чашці C без поролону. Код: Б389	#2372-1	бежевий, молочний,чорний	157	м'яка	430	Нет фото	90С бежевий, 95С бежевий, 85С молочний, 85С чорний, 90С чорний, 95С чорний	4
Б389	Бюстик у чашці D без поролону. Код: Б389	#2372-2	бежевий	157	м'яка	430	Нет фото	80D бежевий	1