ID Товара,Артикул / Модель,Остаток,Цена,Путь к фото,Название UA,Название RU,
67,С6,777,200,data/1 - sets/С1-50/С6.png,Красно-золотой комплект чашка В. Код: С6,Красно-золотой комплект чашка В. Код: С6,
1821,С170,777,420.0,data/1 - sets/С151-200/С170_3.jpg,"Кружевной комплект цвета мята, L. Код: С170","Кружевной комплект цвета мята, L. Код: С170",
55,Б46,777,120.0,data/2 - bras_bralets/Б1-50/46.JPG,"Бюстгальтер кружевной &quot;Галина&quot; в чашке С, белый","Бюстгальтер кружевной &quot;Галина&quot; в чашке С, белый",
56,Б45,777,120.0,data/2 - bras_bralets/Б1-50/45.JPG,"Бюстгальтер кружевной &quot;Галина&quot; в чашке С, чёрный","Бюстгальтер кружевной &quot;Галина&quot; в чашке С, чёрный",
57,Б49,777,60.0,data/2 - bras_bralets/Б1-50/49.JPG,Белый бюстгальтер с пуш-ап в чашке 80С. Код: Б49,Белый бюстгальтер с пуш-ап в чашке 80С. Код: Б49,
2957,С55,777,900.0,data/1 - sets/С51-100/55_22.jpg,Черный гладкий комплект Victoria\,Черный гладкий комплект Victoria\,
2956,С54,777,1250.0,data/1 - sets/С51-100/54_10.jpg,Черный комплект Victoria\,Черный комплект Victoria\,
1074,Н46,777,20.0,data/tights_socks/Н46.jpg,Чёрные мужские носки гладкие &quot;Классик&quot;,Чёрные мужские носки гладкие &quot;Классик&quot;,
52,Б43,777,100.0,data/2 - bras_bralets/Б1-50/43.JPG,"Бежевый бюстгальтер Astoria кружевной, в чашке 85B","Бежевый бюстгальтер Astoria кружевной, в чашке 85B",
628,Н27,777,23.0,data/tights_socks/Н27.jpg,"Детские махровые носочки, с 3 до 6 лет","Детские махровые носочки, с 3 до 6 лет",
1077,Н42,777,20.0,data/tights_socks/Н42.jpg,"Белые мужские носки &quot;Укороченные&quot; р.27, 29","Белые мужские носки &quot;Укороченные&quot; р.27, 29",
632,А33,777,130.0,data/a/A33.png,Ажурные акриловые чулки. Код: А33,Ажурные акриловые чулки. Код: А33,
1064,Н53,777,20.0,data/tights_socks/Н53.jpg,"Черные женские носки укороченные &quot;Классик&quot;, р.23-25","Черные женские носки укороченные &quot;Классик&quot;, р.23-25",
708,С24,777,260.0,data/1 - sets/С1-50/С24_1.jpg,"Комплект с пуш-апом, чашка С. Код: С24","Комплект с пуш-апом, чашка С. Код: С24",
60,Д15,777,200.0,data/4 - pajamas/Д1-50/Д15_0.jpg,"Комплект нижнего белья Indena в полоску, р.XL","Комплект нижнего белья Indena в полоску, р.XL",
66,С5,777,90.0,data/1 - sets/С1-50/С5.png,"Комплект женского белья, голубой, в чашке 90B","Комплект женского белья, голубой, в чашке 90B",
61,Д16,777,200.0,data/4 - pajamas/Д1-50/Д16.jpg,Комплект Indena в горошек 2XL. Код: Д16,Комплект Indena в горошек 2XL. Код: Д16,
761,Б164,777,170.0,data/2 - bras_bralets/Б151-200/Б164.jpg,Бюстгальтер в чашке 75A с пуш-ап. Код: Б164,Бюстгальтер в чашке 75A с пуш-ап. Код: Б164,
2544,Л21,1,2100.0,data/9 - lingerie/Л21_0.jpg,Элитное женское белье ручной работы. Код модели: Л21,Элитное женское белье ручной работы. Код модели: Л21,
1723,Б18,777,250.0,data/2 - bras_bralets/Б1-50/Б18_1.jpg,Бюстгальтер Diorella в чашке 110F. Код: Б18,Бюстгальтер Diorella в чашке 110F. Код: Б18,
2529,Л2,1,2100.0,data/9 - lingerie/Л2_0.jpg,Комплект белья по индивидуальным меркам. Код: Л2,Комплект белья по индивидуальным меркам. Код: Л2,
1818,С174,777,460.0,data/1 - sets/С151-200/С174_2.jpg,Комплект в чашке 90D черного цвета. Код: С174,Комплект в чашке 90D черного цвета. Код: С174,
1817,С173,777,520.0,data/1 - sets/С151-200/С173_3.jpg,Комплект в чашке 85D черного цвета. Код: С173,Комплект в чашке 85D черного цвета. Код: С173,
2393,Б339,777,230.0,data/2 - bras_bralets/Б301-350/Б339_1.jpg,Гладкий бюст с корректором чашка 85В. Код: Б339,Гладкий бюст с корректором чашка 85В. Код: Б339,
2392,Б332,777,245.0,data/2 - bras_bralets/Б301-350/Б332_2.jpg,Бюст цвета пудра пуш-ап чашка 85В. Код: Б332,Бюст цвета пудра пуш-ап чашка 85В. Код: Б332,
86,Б165,777,180.0,data/2 - bras_bralets/Б151-200/Б165_2.jpg,"Бюстгальтер в чашке 70А, в цветочек. Код: Б165","Бюстгальтер в чашке 70А, в цветочек. Код: Б165",
3170,А5,777,330.0,data/6 - erotic/1-50/5_5.jpg,"Комплект в сеточку, черный, M. Код: А5","Комплект в сеточку, черный, M. Код: А5",
88,Б9,777,180.0,data/2 - bras_bralets/Б1-50/Б9.png,Белый бюстгальтер Diorella в чашке 80С. Код: Б9,Белый бюстгальтер Diorella в чашке 80С. Код: Б9,
1067,Н55,777,20.0,data/tights_socks/Н55.jpg,"Бордовые женские носочки &quot;Классик&quot;, р.23-25.","Бордовые женские носочки &quot;Классик&quot;, р.23-25.",
92,Б123,777,90.0,data/2 - bras_bralets/Б101-150/Б123_1.jpg,Зеленый бюстгальтер пуш-ап в чашке 80В. Код: Б123,Зеленый бюстгальтер пуш-ап в чашке 80В. Код: Б123,
1066,Н52,777,58.0,data/tights_socks/Н52_1.jpg,"Носки &quot;Трекинговые&quot; р.25, 29","Носки &quot;Трекинговые&quot; р.25, 29",
1065,Н54,777,20.0,data/tights_socks/Н54_1.jpg,"Носочки женские серии &quot;Панда&quot;, р.23-25","Носочки женские серии &quot;Панда&quot;, р.23-25",
100,Б4,777,90.0,data/2 - bras_bralets/Б1-50/Б4.png,Ажурный бюст Diorella в чашке 70В. Код: Б4,Ажурный бюст Diorella в чашке 70В. Код: Б4,
3006,Д48,777,330.0,data/4 - pajamas/Д1-50/48_094 мята штапель.jpg,Мятный комплект: топик и шорты из штапеля. Код: Д48,Мятный комплект: топик и шорты из штапеля. Код: Д48,
102,Б28,777,210.0,data/2 - bras_bralets/Б1-50/Б28_3.jpg,Белый бюст Diorella в мягкой чашке 85DD. Код Б28,Белый бюст Diorella в мягкой чашке 85DD. Код Б28,
103,Б14,777,100.0,data/2 - bras_bralets/Б1-50/Б14.png,Белый бюст с мягкой чашкой 85D. Код: Б14,Белый бюст с мягкой чашкой 85D. Код: Б14,
2398,Т397,77,50.0,data/3 - panties/Т351-400/Т397.jpg,Коттоновые трусики слипы. Код: Т397,Коттоновые трусики слипы. Код: Т397,
2612,С60,777,480.0,data/1 - sets/С51-100/C60_6.jpg,Изумрудный комплект в чашке 80В. Код: С60,Изумрудный комплект в чашке 80В. Код: С60,
580,К6,777,85.0,data/tights_socks/К6_conte_kids.png,"Детские колготки Конте-Кидз: Class, Bravo, Tip-Top. Разные размеры и расцветки","Детские колготки Конте-Кидз: Class, Bravo, Tip-Top. Разные размеры и расцветки",
414,К34,777,90.0,data/tights_socks/К34_gatta-funny.jpg,"Колготки Gatta Funny (20 den), р.4, бежевые","Колготки Gatta Funny (20 den), р.4, бежевые",
110,Б7,777,280.0,data/2 - bras_bralets/Б1-50/Б7.png,"Красный бюст Angela, в чашке 80B. Код: Б7","Красный бюст Angela, в чашке 80B. Код: Б7",
3313,С8,777,550.0,data/1 - sets/С1-50/8_14.jpg,Белый комплект без косточки чашка 75В. Код: С8,Белый комплект без косточки чашка 75В. Код: С8,
585,А24,777,130.0,data/6 - erotic/1-50/A24_1.png,Красный кружевной комплект белья. Код: А24,Красный кружевной комплект белья. Код: А24,
2532,Л5,1,2200.0,data/9 - lingerie/Л5_0.jpg,Нижнее белье ручной работы Харьков. Код модели: Л5,Нижнее белье ручной работы Харьков. Код модели: Л5,
115,Н11,777,20.0,data/tights_socks/Н11.jpg,Белые женские носки 37-42 размера,Белые женские носки 37-42 размера,
116,Н7,777,20.0,data/tights_socks/Н7.png,Спортивные белые носки Adidas,Спортивные белые носки Adidas,
117,Н4,777,15.0,data/tights_socks/Н4.png,"Носки мужские &quot;Житомир Классик&quot;, цвет бежевый","Носки мужские &quot;Житомир Классик&quot;, цвет бежевый",
118,Н9,777,15.0,data/tights_socks/Н9.jpg,Носки детские &quot;СТИЛЬ&quot; (2-4),Носки детские &quot;СТИЛЬ&quot; (2-4),
119,К17,777,35.0,data/tights_socks/K17.png,"&quot;Elizabeth&quot; (40 den) BIKINI CHARM, чёрные, р.2, 3, 4","&quot;Elizabeth&quot; (40 den) BIKINI CHARM, чёрные, р.2, 3, 4",
120,К15,777,35.0,data/tights_socks/K16.png,"&quot;Elizabeth&quot; (40 den) с эффектом утяжки, чёрные","&quot;Elizabeth&quot; (40 den) с эффектом утяжки, чёрные",
122,К16,777,35.0,data/tights_socks/K15.png,"&quot;Elizabeth&quot; (40 den) с эффектом утяжки, бежевые","&quot;Elizabeth&quot; (40 den) с эффектом утяжки, бежевые",
123,К13,777,33.0,data/tights_socks/K13.png,"&quot;Elizabeth&quot; (20 den) с эффектом утяжки, бежевые","&quot;Elizabeth&quot; (20 den) с эффектом утяжки, бежевые",
124,К12,777,33.0,data/tights_socks/K12.png,"&quot;Elizabeth&quot; (20 den) с эффектом утяжки, чёрные","&quot;Elizabeth&quot; (20 den) с эффектом утяжки, чёрные",
125,К14,777,29.0,data/tights_socks/K14.png,"&quot;Elizabeth&quot; (20 den) с заниженной талией, р.4, бежевые","&quot;Elizabeth&quot; (20 den) с заниженной талией, р.4, бежевые",
127,К11,777,29.0,data/tights_socks/K11.png,"&quot;Elizabeth&quot; (20 den) с кружевными бикини, чёрные","&quot;Elizabeth&quot; (20 den) с кружевными бикини, чёрные",
128,К10,777,27.0,data/tights_socks/K10.png,"&quot;Elizabeth&quot; (20 den) с эластичным поясом T-BAND, бежевые","&quot;Elizabeth&quot; (20 den) с эластичным поясом T-BAND, бежевые",
129,К9,777,27.0,data/tights_socks/K9.png,"&quot;Elizabeth&quot; (20 den) с эластичным поясом T-BAND, чёрные","&quot;Elizabeth&quot; (20 den) с эластичным поясом T-BAND, чёрные",
684,К19,777,65.0,data/tights_socks/К19.jpg,"Колготки детские &quot;Ласочка&quot;, размер: 92-98","Колготки детские &quot;Ласочка&quot;, размер: 92-98",
131,Н20,777,7.0,data/tights_socks/Н20.png,"Капроновые носочки c узорами (30 den), с лайкрой","Капроновые носочки c узорами (30 den), с лайкрой",
132,Н19,777,8.0,data/tights_socks/Н19.png,"Носки Elizabeth (30den) широкая резинка, невидимый мысок","Носки Elizabeth (30den) широкая резинка, невидимый мысок",
133,Н18,777,8.0,data/tights_socks/Н18.png,"Носки Elizabeth (30den) широкая резинка, чёрные","Носки Elizabeth (30den) широкая резинка, чёрные",
134,К53,777,35.0,"data/tights_socks/K53,55,57.png","&quot;Elizabeth&quot; (40 den) с шортиками, бежевые","&quot;Elizabeth&quot; (40 den) с шортиками, бежевые",
135,К52,777,35.0,"data/tights_socks/K52,54,56.png","&quot;Elizabeth&quot; (40 den) с шортиками, чёрные","&quot;Elizabeth&quot; (40 den) с шортиками, чёрные",
136,К59,777,23.0,data/tights_socks/K59.png,"Колготки &quot;Руслана&quot; (30 den) с шортиками, бежевые, р.5","Колготки &quot;Руслана&quot; (30 den) с шортиками, бежевые, р.5",
137,К58,777,23.0,data/tights_socks/K58.png,"Колготки &quot;Руслана&quot; (30 den) с шортиками, чёрные, р.5","Колготки &quot;Руслана&quot; (30 den) с шортиками, чёрные, р.5",
138,К7,777,85.0,data/tights_socks/К7_gatta_happySсhool.png,"Детские колготы Gatta Happy Sсhool, р.116-122","Детские колготы Gatta Happy Sсhool, р.116-122",
139,К50,777,80.0,data/tights_socks/К50_leggins_viva.jpg,Леггинсы детские для девочек ТМ «CONTE-KIDS»,Леггинсы детские для девочек ТМ «CONTE-KIDS»,
140,К47,777,45.0,data/tights_socks/К47_gatta_гольфы.png,"Гольфы женские Gatta, разные модели","Гольфы женские Gatta, разные модели",
141,К46,777,85.0,data/tights_socks/К46_gabriella_gabi.jpg,"Детские колготки Gabriella Gabi, рост 110-122, белые","Детские колготки Gabriella Gabi, рост 110-122, белые",
143,К45,777,85.0,data/tights_socks/К45_gabriella_Beti.jpg,"Узорчатые колготки Gabriella Beti, рост 110-122, белые","Узорчатые колготки Gabriella Beti, рост 110-122, белые",
144,К44,777,85.0,data/tights_socks/К44_gabriella_melange.jpg,"Колготки из микрофибры (60 den) Gabriella Melange, 110-122 см, графит","Колготки из микрофибры (60 den) Gabriella Melange, 110-122 см, графит",
145,К43,777,85.0,data/tights_socks/К43_gabriella_microfibre.png,"Колготки Gabriella Microfibre, рост 128-134, бирюзовые","Колготки Gabriella Microfibre, рост 128-134, бирюзовые",
146,К49,777,75.0,data/tights_socks/К49_mona_amfora.png,"Колготки MONA AMFORA (20 den), р.4, цвет асфальт","Колготки MONA AMFORA (20 den), р.4, цвет асфальт",
148,К51,777,40.0,data/tights_socks/К51_1_Gatta_Leggins_det.png,"Детские леггинсы-капри Gatta,  разные размеры и цвета","Детские леггинсы-капри Gatta,  разные размеры и цвета",
149,К41,777,85.0,data/tights_socks/К41_gatta_alice.jpg,"Детские колготки Gatta Alice, белые, размер 116-126 (A)","Детские колготки Gatta Alice, белые, размер 116-126 (A)",
150,К40,777,60.0,data/tights_socks/К40_miosenso_cabaret.png,"Колготки Mio Senso &quot;Cabaret rete&quot; (черная сетка), разм.1/2","Колготки Mio Senso &quot;Cabaret rete&quot; (черная сетка), разм.1/2",
151,К39,777,150.0,data/tights_socks/К39_Verticale.jpg,"Колготки Conte Verticale, р.4, цвет: чёрный","Колготки Conte Verticale, р.4, цвет: чёрный",
152,К38,777,160.0,data/tights_socks/К38_LINDA.jpg,"Колготки Conte Linda, р.4, цвета: чёрные, серые","Колготки Conte Linda, р.4, цвета: чёрные, серые",
153,К37,777,100.0,data/tights_socks/К37_conte_denise.png,"Колготки Conte Denise, размер 4, серые оттенки","Колготки Conte Denise, размер 4, серые оттенки",
154,К21,777,80.0,data/tights_socks/К21_conte_tango.png,"Колготки Conte Tango 40 den, р.4, цвет белый","Колготки Conte Tango 40 den, р.4, цвет белый",
156,К36,777,90.0,data/tights_socks/К36_gatta_nadette.jpg,"Gatta Nadette 20 den, принт &quot;сеточка&quot;, nero, р. 2, 3, 4","Gatta Nadette 20 den, принт &quot;сеточка&quot;, nero, р. 2, 3, 4",
157,К27,777,90.0,data/tights_socks/К27_gabriella-puntina-tre.jpg,"Фантазийные Gabriella Puntina TRE (20 den), р.2","Фантазийные Gabriella Puntina TRE (20 den), р.2",
158,К35,777,90.0,data/tights_socks/К35_gabriella-bacara.jpg,"Gabriella Bacara (20 den), чёрные, р.2, 4","Gabriella Bacara (20 den), чёрные, р.2, 4",
159,К33,777,90.0,data/tights_socks/К33_gabriella-kabaret.jpg,"Gabriella Kabaret 151, белая сетка, р. 1/2","Gabriella Kabaret 151, белая сетка, р. 1/2",
160,К32,777,90.0,data/tights_socks/К32_gatta-noelia.jpg,"Gatta Noelia, светло-серые, размер 2","Gatta Noelia, светло-серые, размер 2",
161,К29,777,90.0,data/tights_socks/К29_miss.png,"Gabriella Miss (20 den), белые, р. 2","Gabriella Miss (20 den), белые, р. 2",
162,К31,777,90.0,data/tights_socks/К31_gatta-gabby.jpg,"Фантазийные Gatta Gabby №6 (20 den), чёрные, р.3","Фантазийные Gatta Gabby №6 (20 den), чёрные, р.3",
163,К30,777,90.0,data/tights_socks/К30_gabriella_elena.jpg,"Фантазийные Gabriella Elena, р. 4, бежевые","Фантазийные Gabriella Elena, р. 4, бежевые",
165,К26,777,90.0,data/tights_socks/К26_gabriella-reni.jpg,"Gabriella Reni, черные (nero), размер 1/2","Gabriella Reni, черные (nero), размер 1/2",
166,К25,777,90.0,data/tights_socks/К25_gabriella-lara.jpg,"Gabriella Lara, черные (nero), размер 1/2","Gabriella Lara, черные (nero), размер 1/2",
167,К24,777,90.0,data/tights_socks/К24_gabriella_julia.jpg,"Gabriella Julia (20 den), р.4, темно-серые; бежевые","Gabriella Julia (20 den), р.4, темно-серые; бежевые",
3117,С321,777,620.0,data/1 - sets/С301-350/321_3.jpg,Шикарный комплект пушап анжелика чашка 85С. Код: С321,Шикарный комплект пушап анжелика чашка 85С. Код: С321,
169,К22,777,200.0,data/tights_socks/К22_gabriella-punto.jpg,"Gabriella Punto, черные в серый горошек, размер 2","Gabriella Punto, черные в серый горошек, размер 2",
2944,А65,777,150.0,data/6 - erotic/51-100/A65_12.jpg,Эротические трусики с бусинами красные. Код: А65,Эротические трусики с бусинами красные. Код: А65,
3670,Б51,777,450.0,data/2 - bras_bralets/Б51-100/51_20.jpg,Черный бюстгальтер спейсер в чашке 80D. Код: Б51,Черный бюстгальтер спейсер в чашке 80D. Код: Б51,
1616,Б219,777,170.0,data/2 - bras_bralets/Б201-250/Б219_1.jpg,Черный бюстгальтер в чашке 70A. Код: Б219,Черный бюстгальтер в чашке 70A. Код: Б219,
178,Б54,777,200.0,data/2 - bras_bralets/Б51-100/54_1.png,Красивый бюстгальтер Diorella в чашке 75C. Код: Б54,Красивый бюстгальтер Diorella в чашке 75C. Код: Б54,
181,К5,777,100.0,data/tights_socks/К5.jpg,"Леггинсы зимние Lady Classic 450 ден, р.3","Леггинсы зимние Lady Classic 450 ден, р.3",
2613,С60,777,480.0,data/1 - sets/С51-100/C60_8.jpg,Красный нарядный комплект чашка 75C. Код: С60,Красный нарядный комплект чашка 75C. Код: С60,
184,К2,777,140.0,data/tights_socks/К2.jpg,"Колготки Gabriella Arctic 500 den,  размер 2, grey, nero","Колготки Gabriella Arctic 500 den,  размер 2, grey, nero",
1725,Б94,777,250.0,data/2 - bras_bralets/Б51-100/Б94_1.jpg,Бордовый бюст Diorella в чашке 75C. Код: Б94,Бордовый бюст Diorella в чашке 75C. Код: Б94,
186,Н1314,777,6.5,"data/tights_socks/Н13,14.jpg","Носки женские капроновые (40 den), чёрные","Носки женские капроновые (40 den), чёрные",
187,Н3,777,15.0,data/tights_socks/Н3.jpg,"Носки мужские &quot;Классик&quot; (27 р.), чёрные","Носки мужские &quot;Классик&quot; (27 р.), чёрные",
188,Н5,777,15.0,data/tights_socks/Н5.jpg,"Носки мужские &quot;Житомир&quot; (27-29 р.), чёрные","Носки мужские &quot;Житомир&quot; (27-29 р.), чёрные",
189,Н6,777,25.0,data/tights_socks/Н6.png,"Носки мужские махра &quot;Слава&quot;, цвета: черный, серый","Носки мужские махра &quot;Слава&quot;, цвета: черный, серый",
190,Н10,777,15.0,data/tights_socks/Н10.jpg,"Носки женские &quot;ИРА&quot; бамбук в полоску, р. 36-41","Носки женские &quot;ИРА&quot; бамбук в полоску, р. 36-41",
191,Н12,777,15.0,data/tights_socks/Н12.jpg,"Носки подростковые, разные размеры и расцветки","Носки подростковые, разные размеры и расцветки",
192,Н17,777,20.0,data/tights_socks/Н17.jpg,"Носочки детские махровые, размер: 17-22","Носочки детские махровые, размер: 17-22",
193,Н16,777,17.0,data/tights_socks/Н16.jpg,"Носочки детские из ангоры с махрой, р. 16-20","Носочки детские из ангоры с махрой, р. 16-20",
194,Н15,777,17.0,data/tights_socks/Н15.jpg,Носки шерстяные с махрой &quot;Ангора&quot;,Носки шерстяные с махрой &quot;Ангора&quot;,
685,К18,777,100.0,data/tights_socks/К18.jpg,"Тёплые колготки (1600 den), одноразмерные (2-3 р.), чёрные","Тёплые колготки (1600 den), одноразмерные (2-3 р.), чёрные",
751,Б89,777,220.0,data/2 - bras_bralets/Б51-100/Б89_1.jpg,Белый бюстгальтер в чашке 80E. Код: Б89,Белый бюстгальтер в чашке 80E. Код: Б89,
748,Б86,777,220.0,data/2 - bras_bralets/Б51-100/Б86.jpg,Черно-белый бюст Diorella в чашке 75D. Код: Б86,Черно-белый бюст Diorella в чашке 75D. Код: Б86,
3642,Б354,777,420.0,data/2 - bras_bralets/Б351-400/354_0.jpg,Черный бюстик чашка 90D. Код: Б354,Черный бюстик чашка 90D. Код: Б354,
747,Б85,777,330.0,data/2 - bras_bralets/Б51-100/Б85.jpg,Белый бюстик Diorella в чашке 80C. Код: Б85,Белый бюстик Diorella в чашке 80C. Код: Б85,
204,Т72,777,20.0,data/panties/Т72-2.jpg,"Трусики подростковые, разм.42-46 (S), разные цвета","Трусики подростковые, разм.42-46 (S), разные цвета",#N/A
745,Б83,777,200.0,data/2 - bras_bralets/Б51-100/Б83_1.jpg,Белый бюстик Diorella в чашке 75C. Код: Б83,Белый бюстик Diorella в чашке 75C. Код: Б83,
206,Т70-4,777,25.0,data/panties/Т70-4.jpg,"Трусы х/б для мальчиков 3-6 лет, серо-голубые","Трусы х/б для мальчиков 3-6 лет, серо-голубые",
207,Т70-3,777,25.0,data/panties/Т70-3.jpg,"Трусы х/б для мальчиков 3-6 лет, голубые","Трусы х/б для мальчиков 3-6 лет, голубые",
208,Т70-2,777,25.0,data/panties/Т70-2.jpg,"Трусы х/б для мальчиков 3-6 лет, бирюзовые","Трусы х/б для мальчиков 3-6 лет, бирюзовые",
209,Т70-1,777,25.0,data/panties/Т70-1.jpg,"Трусы х/б для мальчиков 3-6 лет, сине-красные","Трусы х/б для мальчиков 3-6 лет, сине-красные",
210,Т74,777,35.0,data/panties/Т74.jpg,Боксёры для мальчиков 9-14 лет,Боксёры для мальчиков 9-14 лет,
744,Б82,777,330.0,data/2 - bras_bralets/Б51-100/Б82_1.jpg,Черно-золотой бюст Diorella в чашке 75C. Код: Б82,Черно-золотой бюст Diorella в чашке 75C. Код: Б82,
739,Т99,777,25.0,data/panties/Т99_1.png,Белые ажурные стринги с выбитым узором,Белые ажурные стринги с выбитым узором,
741,Т101,777,25.0,data/panties/Т101.png,Ажурные cтринги Lormar,Ажурные cтринги Lormar,
742,Т102,777,20.0,data/panties/Т103.png,"Женские трусики стринги вязка с узором, р.44-48","Женские трусики стринги вязка с узором, р.44-48",
743,Б81,777,190.0,data/2 - bras_bralets/Б51-100/Б81_1.jpg,Красивый бюстгальтер в чашке 75C. Код: Б81,Красивый бюстгальтер в чашке 75C. Код: Б81,
754,Б92,777,250.0,data/2 - bras_bralets/Б51-100/Б92_1.jpg,Красный бюстгальтер Diorella в чашке 90C,Красный бюстгальтер Diorella в чашке 90C,
755,Б93,777,240.0,data/2 - bras_bralets/Б51-100/Б93_1.jpg,Черно-бордовый бюст Diorella в чашке 80C. Код: Б93,Черно-бордовый бюст Diorella в чашке 80C. Код: Б93,
238,Т57,777,35.0,data/panties/Т57.png,"Трусики &quot;звёздочка&quot;, размер 44-46 (M)","Трусики &quot;звёздочка&quot;, размер 44-46 (M)",
3416,Т32,77,180.0,data/3 - panties/Т1-50/32_7.jpg,"Черные высокие стринги-утяжка, L, XL, 2XL. Код: Т32","Черные высокие стринги-утяжка, L, XL, 2XL. Код: Т32",
2605,С293,777,470.0,data/1 - sets/С251-300/С293_9.jpg,Молочный комплект на корректоре 85В. Код: С293,Молочный комплект на корректоре 85В. Код: С293,
2982,Т64,777,95.0,data/3 - panties/Т51-100/64_0.jpg,"Белые бразильяны из хлопка, гладенькие. Т64","Белые бразильяны из хлопка, гладенькие. Т64",
762,Б161,777,170.0,data/2 - bras_bralets/Б151-200/Б161_1.jpg,Светло-зеленый бюстик в чашке 75B. Код: Б161,Светло-зеленый бюстик в чашке 75B. Код: Б161,
757,Б95,777,260.0,data/2 - bras_bralets/Б51-100/Б95_2.jpg,Чёрно-коралловый бюст Diorella в чашке 75D. Код: Б95,Чёрно-коралловый бюст Diorella в чашке 75D. Код: Б95,
758,Б96,777,320.0,data/2 - bras_bralets/Б51-100/Б96_1.jpg,Голубой бюстик Diorella в чашке D. Код: Б96,Голубой бюстик Diorella в чашке D. Код: Б96,
2608,С57,777,480.0,data/1 - sets/С51-100/С57_9.jpg,Комплект бордо в чашке 90D. Код: С57,Комплект бордо в чашке 90D. Код: С57,
3397,Д68,777,390.0,data/4 - pajamas/51-100/68_31.jpg,Красный комплект: брюки и футболка. Код: Д68,Красный комплект: брюки и футболка. Код: Д68,
256,Т60,777,50.0,data/panties/Т60_1.jpg,"Женские панталоны х/б, разные цвета","Женские панталоны х/б, разные цвета",
2607,С293,777,570.0,data/1 - sets/С251-300/С293_6.jpg,"Комплект цвета пудра на корректоре, чашка 85В. Код: С293","Комплект цвета пудра на корректоре, чашка 85В. Код: С293",
259,П3,777,120.0,data/platki/П4.jpg,Платок атласный 80*80 см. Код: П3,Платок атласный 80*80 см. Код: П3,
261,П2,777,140.0,data/platki/П7.jpg,Платок жатка 100*100 см. Код: П2,Платок жатка 100*100 см. Код: П2,
2984,С155,777,480.0,data/1 - sets/С151-200/155_0.jpg,"Кружевной комплект цвета мята, М. Код: С155","Кружевной комплект цвета мята, М. Код: С155",
268,П5,777,95.0,data/platki/П23.jpg,Шифоновый платок 70*70 см. Код: П5,Шифоновый платок 70*70 см. Код: П5,
2606,С293,777,470.0,data/1 - sets/С251-300/С293_2.jpg,Черный шикарный комплект пуш-ап чашка 85В. Код: С293,Черный шикарный комплект пуш-ап чашка 85В. Код: С293,
271,Т6,777,50.0,data/panties/Т6-1.png,"Стринги х/б &quot;Николетта&quot;, белые","Стринги х/б &quot;Николетта&quot;, белые",
272,Т6,777,50.0,data/panties/Т6-2.png,"Стринги х/б &quot;Николетта&quot;, в цветочек","Стринги х/б &quot;Николетта&quot;, в цветочек",
273,Т6,777,50.0,data/panties/Т6-3.png,"Стринги х/б &quot;Николетта&quot;, клетка","Стринги х/б &quot;Николетта&quot;, клетка",
274,Т7,777,50.0,data/panties/Т7-1.png,"Стринги х/б &quot;Николетта&quot; (S, M, L, XL), в горошек","Стринги х/б &quot;Николетта&quot; (S, M, L, XL), в горошек",
275,Т7,777,50.0,data/panties/Т7-2.png,"Стринги х/б &quot;Николетта&quot; (S, M, L, XL), в полоску","Стринги х/б &quot;Николетта&quot; (S, M, L, XL), в полоску",
276,Т7,777,50.0,data/panties/Т7-3.png,"Стринги х/б &quot;Николетта&quot; (S, M, L, XL), голубые","Стринги х/б &quot;Николетта&quot; (S, M, L, XL), голубые",
772,Б147,777,90.0,data/2 - bras_bralets/Б101-150/Б147_1.jpg,"Бюст с атласной лентой, пуш-ап чашка 80B. Код: Б147","Бюст с атласной лентой, пуш-ап чашка 80B. Код: Б147",
770,Б149,777,90.0,data/2 - bras_bralets/Б101-150/Б149_1.jpg,"Синий бюстгальтер, пуш-ап чашка 80A. Код: Б149","Синий бюстгальтер, пуш-ап чашка 80A. Код: Б149",
771,Б148,777,90.0,data/2 - bras_bralets/Б101-150/Б148_2.jpg,"Бюст с пуш-ап чашкой A, кружево сверху. Код: Б148","Бюст с пуш-ап чашкой A, кружево сверху. Код: Б148",
740,Т100,777,25.0,data/panties/Т100.png,Бежевые ажурные стринги с выбитым узором,Бежевые ажурные стринги с выбитым узором,
281,Т3,777,50.0,data/panties/Т3-1.png,Женские х/б трусики Nicoletta &quot;Звёздочка&quot;. Код: Т3,Женские х/б трусики Nicoletta &quot;Звёздочка&quot;. Код: Т3,
282,Т3,777,50.0,data/panties/Т3-2.png,Женские х/б трусики Nicoletta &quot;Морские&quot;. Код: Т3,Женские х/б трусики Nicoletta &quot;Морские&quot;. Код: Т3,
283,Т3,777,50.0,data/panties/Т3-3.png,Женские х/б трусики Nicoletta &quot;в сердечко&quot;. Код: Т3,Женские х/б трусики Nicoletta &quot;в сердечко&quot;. Код: Т3,
284,Т4,777,45.0,data/panties/Т4-1.png,"Женские трусики х/б (M, L, XL), &quot;Сицилия&quot;","Женские трусики х/б (M, L, XL), &quot;Сицилия&quot;",
285,Т4,777,45.0,data/panties/Т4-2.png,Трусики х/б &quot;маленькая Италия&quot;. Код: Т4,Трусики х/б &quot;маленькая Италия&quot;. Код: Т4,
286,Т4,777,45.0,data/panties/Т4-3.png,"Женские трусики х/б, &quot;Адриана&quot;. Код: Т4","Женские трусики х/б, &quot;Адриана&quot;. Код: Т4",
287,Т5,777,45.0,data/panties/Т5-1.png,"Женские х/б трусики XL, &quot;Кэприсия&quot;","Женские х/б трусики XL, &quot;Кэприсия&quot;",
288,Т5,777,45.0,data/panties/Т5-2.png,Женские х/б трусики XL &quot;Мэринелла&quot;,Женские х/б трусики XL &quot;Мэринелла&quot;,
289,Т5,777,45.0,data/panties/Т5-3.png,"Женские х/б трусики (M, L, XL), &quot;Паолина&quot;","Женские х/б трусики (M, L, XL), &quot;Паолина&quot;",
3141,КУ70,12,295.0,data/5 - swim/51-100/70_1.jpg,Желтый молодежный купальник S-M. Код: КУ70,Желтый молодежный купальник S-M. Код: КУ70,
2611,С60,777,480.0,data/1 - sets/С51-100/C60_1.jpg,"Нарядный комплект в чашке 85В, сливовый. Код: С60","Нарядный комплект в чашке 85В, сливовый. Код: С60",
2610,Б2,777,230.0,data/2 - bras_bralets/Б1-50/Б2_0.jpg,Молочный бюстгальтер Fnniss чашка 95С. Код: Б2,Молочный бюстгальтер Fnniss чашка 95С. Код: Б2,
3261,КУ27,24,820.0,data/5 - swim/КУ1-50/27_0.jpg,Ярко-зеленый раздельный купальник с пушап. Код: КУ27,Ярко-зеленый раздельный купальник с пушап. Код: КУ27,
296,Т17,777,45.0,data/panties/Т17-7.png,"Трусики в мелкий горошек, р.L, разные цвета","Трусики в мелкий горошек, р.L, разные цвета",
301,Т12,777,50.0,data/panties/Т12_0.png,"Леопардовые х/б стринги (L), разные цвета","Леопардовые х/б стринги (L), разные цвета",
321,Т29,777,75.0,data/panties/Т29_1.jpg,Белые трусики с кружевными вставками 4XL,Белые трусики с кружевными вставками 4XL,
3415,Т30,77,280.0,data/3 - panties/Т1-50/30_5.jpg,"Боди со стрингами с коррекцией, черный. Код: Т30","Боди со стрингами с коррекцией, черный. Код: Т30",
323,Т14,777,75.0,data/panties/Т14_1.jpg,"Чёрные трусики (кружево под резинкой), 3XL, 4XL","Чёрные трусики (кружево под резинкой), 3XL, 4XL",
324,Т15,777,75.0,data/panties/Т15_1.png,"Трусики с кружевом под резинкой, 3XL, белые/черные","Трусики с кружевом под резинкой, 3XL, белые/черные",
330,Т51,777,30.0,data/panties/Т51.png,"Трусики стринги х/б, р. S, M, L. Разные цвета.","Трусики стринги х/б, р. S, M, L. Разные цвета.",
752,Б90,777,330.0,data/2 - bras_bralets/Б51-100/Б90_1.jpg,Сиреневый бюст Diorella в чашке 75C. Код: Б90,Сиреневый бюст Diorella в чашке 75C. Код: Б90,
333,Т45,777,25.0,data/panties/Т45-2.png,Трусики детские на мальчика 4-5 лет,Трусики детские на мальчика 4-5 лет,
2408,Т43,777,90.0,data/3 - panties/Т1-50/Т43.jpg,Мужские семейные трусы 5XL. Код: Т43,Мужские семейные трусы 5XL. Код: Т43,
2946,Б35,777,280.0,data/2 - bras_bralets/Б1-50/35_0.jpg,Белый бюстальтер чашка 75С тонкий поролон. Код: Б35,Белый бюстальтер чашка 75С тонкий поролон. Код: Б35,
2409,Т39,777,110.0,data/3 - panties/Т1-50/39_2.jpg,"Мужские новогодние трусы, XL. Код: Т39","Мужские новогодние трусы, XL. Код: Т39",
2411,Ш4,777,1350.0,data/8 - shubki/Ш1-50/Ш4/Ш4_0_бел.jpg,Белая шубка для невесты. Код: Ш4,Белая шубка для невесты. Код: Ш4,
2410,С25,777,300.0,data/1 - sets/С1-50/С25_0.png,"Очаровательный кружевной комплект, два цвета. Код: С25","Очаровательный кружевной комплект, два цвета. Код: С25",
2412,Ш4,777,1350.0,data/8 - shubki/Ш1-50/Ш4/Ш4_0_черн.jpg,Черная шубка-кардиган под шиншиллу. Код: Ш4,Черная шубка-кардиган под шиншиллу. Код: Ш4,
2413,Ш3,777,1650.0,data/8 - shubki/Ш1-50/Ш3/Ш3_5_бел.jpg,Короткая шубка с капюшоном &quot;авто-леди&quot;. Код: Ш3,Короткая шубка с капюшоном &quot;авто-леди&quot;. Код: Ш3,
346,Т46,777,50.0,data/panties/Т46.jpg,Трусы плавки мужские х/б. Код: Т46,Трусы плавки мужские х/б. Код: Т46,
2642,С291,777,350.0,data/1 - sets/С251-300/С291_7.jpg,"Гладкий комплект на пушапе, чашка 80В. Код: С291","Гладкий комплект на пушапе, чашка 80В. Код: С291",
2603,Б338,777,280.0,data/2 - bras_bralets/Б301-350/Б338_1.jpg,Белый бюстик пуш-ап чашка 85В. Код: Б338,Белый бюстик пуш-ап чашка 85В. Код: Б338,
2604,С293,777,470.0,data/1 - sets/С251-300/С293_12.jpg,Персиковый комплект на корректоре чашка 85В. Код: С293,Персиковый комплект на корректоре чашка 85В. Код: С293,
2601,С214,777,450.0,data/1 - sets/С201-250/С214_11.jpg,"Сиреневый комплект без косточки, 90С. Код: С214","Сиреневый комплект без косточки, 90С. Код: С214",
2429,Т40,777,95.0,data/3 - panties/Т1-50/Т40.jpg,Трусы боксеры Under Armour XL. Код: Т40,Трусы боксеры Under Armour XL. Код: Т40,
2581,С31,777,430.0,data/1 - sets/С1-50/С31_0.jpg,Велюровый комплект цвета бордо чашка 85В. Код: С31,Велюровый комплект цвета бордо чашка 85В. Код: С31,
2585,С32,777,440.0,data/1 - sets/С1-50/С32_2.jpg,Белый пуш-ап комплект чашка 80В. Код: С32,Белый пуш-ап комплект чашка 80В. Код: С32,
2586,С34,777,440.0,data/1 - sets/С1-50/С34_0.jpg,Серый пуш-ап комплект чашка 85В. Код: С34,Серый пуш-ап комплект чашка 85В. Код: С34,
361,Т59-1,777,25.0,data/panties/Т5911.jpg,Трусики стринги бежевые (Т59-1),Трусики стринги бежевые (Т59-1),
362,Т59-2,777,25.0,data/panties/Т5921.jpg,Трусики стринги (Т59-2),Трусики стринги (Т59-2),
363,Т59-3,777,25.0,data/panties/Т5932.jpg,Трусики стринги бежевые (Т59-3),Трусики стринги бежевые (Т59-3),
364,Т59-10,777,25.0,data/panties/Т5942.jpg,Трусики стринги белые (Т59-10),Трусики стринги белые (Т59-10),
366,Т59-5,777,25.0,data/panties/Т5951.jpg,Трусики стринги (Т59-5),Трусики стринги (Т59-5),
367,Т59-6,777,25.0,data/panties/Т5964.jpg,Трусики стринги (Т59-6),Трусики стринги (Т59-6),
368,Т59-7,777,25.0,data/panties/Т59-7-1.jpg,Трусики стринги красные с блёстками (Т59-7),Трусики стринги красные с блёстками (Т59-7),
369,Т59-8,777,25.0,data/panties/Т59-8-1.jpg,Трусики стринги синие с блёстками (Т59-8),Трусики стринги синие с блёстками (Т59-8),
370,Т59-9,777,25.0,data/panties/Т59-9-1.jpg,Трусики стринги (Т59-9),Трусики стринги (Т59-9),
371,Т59-11,777,25.0,data/panties/Т59111.jpg,Трусики стринги бежевые (Т59-11),Трусики стринги бежевые (Т59-11),
372,Т59-12,777,30.0,data/panties/Т59122.jpg,Шортики американка женские,Шортики американка женские,
373,Т59-13,777,25.0,data/panties/Т59-13-1.jpg,"Трусики-стринги прозрачные, разные расцветки","Трусики-стринги прозрачные, разные расцветки",
374,Т59-14,777,25.0,data/panties/Т59141.jpg,Трусики стринги голубые (Т59-14),Трусики стринги голубые (Т59-14),
376,Б57,777,180.0,data/2 - bras_bralets/Б51-100/57.jpg,Белый бюстгальтер Diorella в чашке 75C. Код: Б57,Белый бюстгальтер Diorella в чашке 75C. Код: Б57,
377,Б58,777,180.0,data/2 - bras_bralets/Б51-100/58.jpg,Чёрный бюст Diorella в чашке 70C. Код: Б58,Чёрный бюст Diorella в чашке 70C. Код: Б58,
378,Т78,777,55.0,data/panties/Т78_2_2.png,"Кружевные трусики американка х/б, р. XL","Кружевные трусики американка х/б, р. XL",
381,Т81,777,50.0,data/panties/Т81_2_2.png,"Трусики кружевные спереди, х/б, размеры L, XL, 2XL","Трусики кружевные спереди, х/б, размеры L, XL, 2XL",
1727,С107,777,480.0,data/1 - sets/С101-150/C107_0.jpg,Черно-бежевый комплект 85B. Код: С107,Черно-бежевый комплект 85B. Код: С107,
390,Т87,777,75.0,data/panties/Т87.png,"Мужские боксеры (баталы) 5XL, 6XL, 7XL","Мужские боксеры (баталы) 5XL, 6XL, 7XL",
393,Т86,777,75.0,data/panties/Т86_1.png,"Боксеры стрейчевые бамбук (клетка), 4XL","Боксеры стрейчевые бамбук (клетка), 4XL",
2515,С57,777,580.0,data/1 - sets/С51-100/С57_14.jpg,Светло-сиреневый комплект в чашке 95D. Код: С57,Светло-сиреневый комплект в чашке 95D. Код: С57,
2582,С55,777,900.0,data/1 - sets/С51-100/С55_1.jpg,Комплект копия Victoria\,Комплект копия Victoria\,
2514,С56,777,290.0,data/1 - sets/С51-100/56_3.jpg,Белый атласный комплект. Код: С56,Белый атласный комплект. Код: С56,
2487,Д27,777,750.0,data/4 - pajamas/Д1-50/27_black.jpg,"Халат кимоно &quot;Крылья ангела&quot;, черный. Код: Д27","Халат кимоно &quot;Крылья ангела&quot;, черный. Код: Д27",
397,П1,777,120.0,data/platki/П6.jpg,Платок атласный 80*80 см. Код: П1,Платок атласный 80*80 см. Код: П1,
2450,Т388,77,150.0,data/3 - panties/Т351-400/388_2.jpg,"Трусики бикини, черные, XL. Код: Т388","Трусики бикини, черные, XL. Код: Т388",
2453,Т366,77,135.0,data/3 - panties/Т351-400/Т366.jpg,Черные трусики бикини S. Код: Т366,Черные трусики бикини S. Код: Т366,
2456,Б179,777,230.0,data/2 - bras_bralets/Б151-200/Б179_0.jpg,Бюст для кормления в чашке 85С. Код: Б179,Бюст для кормления в чашке 85С. Код: Б179,
3173,А13,777,210.0,data/6 - erotic/1-50/13_0.jpg,"Трусики с открытым доступом &quot;Бантики&quot;, черные. Код: А13","Трусики с открытым доступом &quot;Бантики&quot;, черные. Код: А13",
405,П4,777,95.0,data/platki/П20.jpg,Платок шифон 70*70 см. Код: П4,Платок шифон 70*70 см. Код: П4,
406,П6,777,95.0,data/platki/П24.jpg,Шифоновый платок 70*70 см. Код: П6,Шифоновый платок 70*70 см. Код: П6,
408,П7,777,95.0,data/platki/П26.jpg,Шифоновый платок 70*70 см. Код: П7,Шифоновый платок 70*70 см. Код: П7,
409,П8,777,95.0,data/platki/П27.jpg,Шифоновый платок 70*70 см. Код: П8,Шифоновый платок 70*70 см. Код: П8,
2512,С55,777,900.0,data/1 - sets/С51-100/С55_6.jpg,Комплект Victoria\,Комплект Victoria\,
3169,А4,777,380.0,data/6 - erotic/1-50/4_2.jpg,"Черный кружевной комплект, L. Код: А4","Черный кружевной комплект, L. Код: А4",
1068,Н51,777,20.0,data/tights_socks/Н51_2.jpg,"Чёрные мужские носки &quot;Спорт&quot; р. 25, 29","Чёрные мужские носки &quot;Спорт&quot; р. 25, 29",
2349,С11,777,799.0,data/1 - sets/С1-50/С11_0.jpg,Литой комплект Victoria\,Литой комплект Victoria\,
422,Т90,777,65.0,data/panties/T90.png,"Плавки х/б &quot;Пети Бато&quot; (Франция), размер М","Плавки х/б &quot;Пети Бато&quot; (Франция), размер М",
423,Т91,777,65.0,data/panties/T91_2.jpg,"Плавки подростковые х/б (Германия), размер L","Плавки подростковые х/б (Германия), размер L",
424,Т92,777,90.0,data/panties/T92.png,"Женские трусы с утяжкой живота, белые","Женские трусы с утяжкой живота, белые",
690,Т56,777,35.0,data/panties/Т56.png,"Трусики-слипы &quot;Лео&quot;, размер 44-46 (M)","Трусики-слипы &quot;Лео&quot;, размер 44-46 (M)",
2980,Б101,777,180.0,data/2 - bras_bralets/Б101-150/101_2.jpg,"Черный топ со стразами, без вкладыша. Б101","Черный топ со стразами, без вкладыша. Б101",
428,Т96,777,150.0,data/panties/T96.png,"Трусы утяжка бежевые &quot;с цветочком&quot; (Германия), р.5-6XL","Трусы утяжка бежевые &quot;с цветочком&quot; (Германия), р.5-6XL",
429,Т97,777,160.0,data/panties/T97_1.png,"Трусы с утяжкой (Германия), белые, бежевые, р.100","Трусы с утяжкой (Германия), белые, бежевые, р.100",
431,Б61,777,400.0,data/2 - bras_bralets/Б51-100/61_20.jpg,Сиреневые бюстики на чашку 85D. Код: Б61,Сиреневые бюстики на чашку 85D. Код: Б61,
432,Б62,777,200.0,data/2 - bras_bralets/Б51-100/62_4.jpg,"Женский бежевый топ, чашка С. Код: Б62","Женский бежевый топ, чашка С. Код: Б62",
2563,Т144,77,180.0,data/3 - panties/Т101-150/Т144_1.jpg,"Белые трусики бразильяны, M. Код: Т144","Белые трусики бразильяны, M. Код: Т144",
2977,Т58,777,140.0,data/3 - panties/Т51-100/58_2.jpg,"Боксёры бамбук In.Incont, XL. Код: Т58","Боксёры бамбук In.Incont, XL. Код: Т58",
440,А9,777,230.0,data/6 - erotic/1-50/A9_4.png,"Эротический костюм боди сетка, черный. Код: А9","Эротический костюм боди сетка, черный. Код: А9",
441,А12,777,55.0,data/a/A12_1.png,Чулки-сетка. Код: А12,Чулки-сетка. Код: А12,
2993,Т311,77,130.0,data/3 - panties/Т301-350/311_1.jpg,"Трусики Anttifu, 2XL. Код: Т311","Трусики Anttifu, 2XL. Код: Т311",
2969,С143,777,480.0,data/1 - sets/С101-150/143_0.jpg,Черно-серый комплект в чашке 80D. Код: С143,Черно-серый комплект в чашке 80D. Код: С143,
2903,С111,777,452.0,data/1 - sets/С101-150/111_5.jpg,Красивый черно-бежевый комплект чашка 85В. Код: С111,Красивый черно-бежевый комплект чашка 85В. Код: С111,
2904,Б72,777,370.0,data/2 - bras_bralets/Б51-100/72_2.jpg,Белый бюст чашка 80Е без поролона. Код: Б72,Белый бюст чашка 80Е без поролона. Код: Б72,
2905,Б73,777,350.0,data/2 - bras_bralets/Б51-100/73_2.jpg,"Бюст в чашке 100Е без поролона, два цвета. Код: Б73","Бюст в чашке 100Е без поролона, два цвета. Код: Б73",
2906,Б74,777,345.0,data/2 - bras_bralets/Б51-100/74_0.jpg,Бюст чашка 80Е без поролона на подкладке. Код: Б74,Бюст чашка 80Е без поролона на подкладке. Код: Б74,
3392,Б126,777,370.0,data/2 - bras_bralets/Б101-150/126_12.jpg,Черно-бежевый бюстик с корректором чашка 85В. Код: Б126,Черно-бежевый бюстик с корректором чашка 85В. Код: Б126,
3086,С116,777,850.0,data/1 - sets/С101-150/116_21.jpg,Черный кожаный пуш-ап комплект со стрепами 85В. Код: С116,Черный кожаный пуш-ап комплект со стрепами 85В. Код: С116,
3348,С124,777,390.0,data/1 - sets/С101-150/124_10.jpg,Черный эластичный комплект белья. Код: С124,Черный эластичный комплект белья. Код: С124,
2911,Б134,777,280.0,data/2 - bras_bralets/Б101-150/134_4.jpg,Черный бюстик Anfen чашка С. Код: Б134,Черный бюстик Anfen чашка С. Код: Б134,
2912,Т33,77,160.0,data/3 - panties/Т1-50/33_0.jpg,"Белые стринги Annajolly, M. Код: Т33","Белые стринги Annajolly, M. Код: Т33",
1397,А133,777,150.0,data/a/А133_1.jpg,Эротические чулки с шикарным узором. Код: А133,Эротические чулки с шикарным узором. Код: А133,
466,А2,777,230.0,data/6 - erotic/1-50/A2_4.png,Эротический костюм-чулки. Код: А2,Эротический костюм-чулки. Код: А2,
2991,С175,777,550.0,data/1 - sets/С151-200/175_0.jpg,Молочный комплект чашка С. Код: С175,Молочный комплект чашка С. Код: С175,
2600,С57,777,450.0,data/1 - sets/С51-100/С57_15.jpg,Черный комплект в чашке 90D. Код: С57,Черный комплект в чашке 90D. Код: С57,
1194,К86,777,40.0,data/tights_socks/K86.jpg,Упаковка (2 пары) шелковистых носков с лайкрой &quot;Интуиция&quot; (15 den),Упаковка (2 пары) шелковистых носков с лайкрой &quot;Интуиция&quot; (15 den),
3127,С221,777,400.0,data/1 - sets/С201-250/221_0.jpg,"Белый комплект в рубчик, L. Код: С221","Белый комплект в рубчик, L. Код: С221",
3131,КУ22,24,250.0,data/5 - swim/КУ1-50/22_0.jpg,"Пляжные плавки с высокой талией, р. 38, 42. Код: КУ22","Пляжные плавки с высокой талией, р. 38, 42. Код: КУ22",
3129,КУ21,24,250.0,data/5 - swim/КУ1-50/21_1.jpg,"Пляжные трусики чаечки черные, р. 36, 38, 40, 42, 44. Код: КУ21","Пляжные трусики чаечки черные, р. 36, 38, 40, 42, 44. Код: КУ21",
3769,КУ44,9,250.0,data/5 - swim/КУ1-50/44_8.jpg,Женские пляжные трусики чаечки. Код: КУ44,Женские пляжные трусики чаечки. Код: КУ44,
3132,КУ68,6,700.0,data/5 - swim/51-100/68_0.jpg,Розовый раздельный купальник с высокой талией. Код: КУ68,Розовый раздельный купальник с высокой талией. Код: КУ68,
3133,КУ69,12,395.0,data/5 - swim/51-100/69_2.jpg,Сексуальный яркий зеленый купальник S-M. Код: КУ69,Сексуальный яркий зеленый купальник S-M. Код: КУ69,
3134,КУ69,12,395.0,data/5 - swim/51-100/69_5.jpg,Сексуальный яркий фиолетовый купальник S-M. Код: КУ69,Сексуальный яркий фиолетовый купальник S-M. Код: КУ69,
3135,КУ69,12,395.0,data/5 - swim/51-100/69_3.jpg,Сексуальный яркий розовый купальник S-M. Код: КУ69,Сексуальный яркий розовый купальник S-M. Код: КУ69,
3136,КУ69,12,395.0,data/5 - swim/51-100/69_4.jpg,Сексуальный яркий красный купальник S-M. Код: КУ69,Сексуальный яркий красный купальник S-M. Код: КУ69,
3137,КУ69,12,395.0,data/5 - swim/51-100/69_1.jpg,Сексуальный яркий оранжевый купальник S-M. Код: КУ69,Сексуальный яркий оранжевый купальник S-M. Код: КУ69,
3138,КУ69,12,395.0,data/5 - swim/51-100/69_0.jpg,Сексуальный черный купальник S-M. Код: КУ69,Сексуальный черный купальник S-M. Код: КУ69,
3139,КУ70,12,295.0,data/5 - swim/51-100/70_2.jpg,Нежно розовый молодежный купальник S-M. Код: КУ70,Нежно розовый молодежный купальник S-M. Код: КУ70,
3140,КУ70,12,295.0,data/5 - swim/51-100/70_0.jpg,Голубой молодежный купальник S-M. Код: КУ70,Голубой молодежный купальник S-M. Код: КУ70,
3244,Д58,777,650.0,data/4 - pajamas/51-100/58_1.jpg,"Женская черная шелковая пижама, S. Код: Д58","Женская черная шелковая пижама, S. Код: Д58",
3142,С315,777,980.0,data/1 - sets/С301-350/315_0.jpg,"Красный эротический комплект тройка, L. Код: С315","Красный эротический комплект тройка, L. Код: С315",
3143,С316,777,980.0,data/1 - sets/С301-350/316_0.jpg,"Эротический комплект тройка, L, XL. Код: С316","Эротический комплект тройка, L, XL. Код: С316",
3120,Т291,77,120.0,data/3 - panties/Т251-300/291_2.jpg,"Хлопковые трусики, 2XL, 3XL (50, 52). Код: Т291","Хлопковые трусики, 2XL, 3XL (50, 52). Код: Т291",
3121,С309,777,880.0,data/1 - sets/С301-350/309.jpg,"Комплект эротический, размер L. Код: С309","Комплект эротический, размер L. Код: С309",
3122,С310,777,880.0,data/1 - sets/С301-350/310_0.jpg,"Эротический боди из резинок, размер L. Код: С310","Эротический боди из резинок, размер L. Код: С310",
3123,С311,777,880.0,data/1 - sets/С301-350/311_0.jpg,"Эротический комплект тройка, размер M. Код: С311","Эротический комплект тройка, размер M. Код: С311",
3124,С312,777,980.0,data/1 - sets/С301-350/312_0.jpg,"Эротический комплект тройка, размер L. Код: С312","Эротический комплект тройка, размер L. Код: С312",
3125,С313,777,880.0,data/1 - sets/С301-350/313_0.jpg,"Эротический комплект в сеточку, размер L. Код: С313","Эротический комплект в сеточку, размер L. Код: С313",
3126,С314,777,880.0,data/1 - sets/С301-350/314_0.jpg,"Черный эротический комплект-тройка, размер M. Код: С314","Черный эротический комплект-тройка, размер M. Код: С314",
1094,К77,777,250.0,data/jeggings/K77.jpg,Премиум лосины (хлопок) с широкой резинкой XL/2XL. Код: К77,Премиум лосины (хлопок) с широкой резинкой XL/2XL. Код: К77,
1095,К78,777,230.0,data/jeggings/K78.jpg,Брюки женские с карманами S/M. Код: К78,Брюки женские с карманами S/M. Код: К78,
1096,К79,777,180.0,data/jeggings/K79.jpg,Бесшовные джеггинсы больших размеров 50-58,Бесшовные джеггинсы больших размеров 50-58,
1097,К80,777,180.0,data/jeggings/K80.jpg,"Джеггинсы со стразами, р.46-52. Код: К80","Джеггинсы со стразами, р.46-52. Код: К80",
1098,К81,777,190.0,data/jeggings/K81.jpg,Бесшовные джеггинсы в горошек с прострочкой,Бесшовные джеггинсы в горошек с прострочкой,
1099,К82,777,190.0,data/jeggings/K82.jpg,Бесшовные джеггинсы со строчкой. Код: К82,Бесшовные джеггинсы со строчкой. Код: К82,
1100,К83,777,170.0,data/jeggings/K83.jpg,"Однотонные бесшовные лосины, широкий пояс","Однотонные бесшовные лосины, широкий пояс",
1101,К84,777,170.0,data/jeggings/K84_2.jpg,Женские джинсы 98% коттон,Женские джинсы 98% коттон,
2970,С144,777,480.0,data/1 - sets/С101-150/144_0.jpg,"Комплект большой пушап чашка 85В, черный. Код: С144","Комплект большой пушап чашка 85В, черный. Код: С144",
1106,Б169,777,170.0,data/2 - bras_bralets/Б151-200/Б169.jpg,Гладкий бюстгальтер в пуш-ап чашке 80A. Код: Б169,Гладкий бюстгальтер в пуш-ап чашке 80A. Код: Б169,
2615,Б293,777,345.0,data/2 - bras_bralets/Б251-300/Б293_10.jpg,Молочный бюстгальтер чашка 95D. Код: Б293,Молочный бюстгальтер чашка 95D. Код: Б293,
2811,Д32,777,550.0,data/4 - pajamas/Д1-50/634 бордо велюр.jpg,Велюровая майка и шортики цвета бордо. Код: Д32,Велюровая майка и шортики цвета бордо. Код: Д32,
2902,С152,777,430.0,data/1 - sets/С151-200/152_13.jpg,"Комплект с литым бюстом чашка В, изумрудный. Код: С152","Комплект с литым бюстом чашка В, изумрудный. Код: С152",
1116,YT1,777,500.0,data/YourTouch/YT1_1.jpg,Бюстгальтер &quot;Madonna&quot; в чашке 80В,Бюстгальтер &quot;Madonna&quot; в чашке 80В,
1117,YT2,777,250.0,data/YourTouch/YT2_2.jpg,"Трусики-хипстеры &quot;Madonna&quot;, M","Трусики-хипстеры &quot;Madonna&quot;, M",
3322,Д60,777,1380.0,data/4 - pajamas/51-100/60_мал.jpg,"Костюм трехнитка Barbie, малиновый, М. Код: Д60","Костюм трехнитка Barbie, малиновый, М. Код: Д60",
3382,С217,777,520.0,data/1 - sets/С201-250/217_17.jpg,"Комплект тонкий поролон чашка 80В, молочный. Код: С217","Комплект тонкий поролон чашка 80В, молочный. Код: С217",
2922,С115,777,850.0,data/1 - sets/С101-150/115_2.jpg,Черный кожаный комплект в чашке 85С. Код: С115,Черный кожаный комплект в чашке 85С. Код: С115,
540,Н21,777,6.5,data/tights_socks/Н21.jpg,"Капроновые носки Soli (20 den), без лайкры","Капроновые носки Soli (20 den), без лайкры",
541,Н22,777,12.0,data/tights_socks/Н22.jpg,Гольфы Elizbabeth (30 den) капроновые с лайкрой,Гольфы Elizbabeth (30 den) капроновые с лайкрой,
542,К57,777,35.0,data/tights_socks/K57.jpg,"&quot;Elizabeth&quot; (40 den) HIPSTER WAIST с заниженной талией, бежевые","&quot;Elizabeth&quot; (40 den) HIPSTER WAIST с заниженной талией, бежевые",
543,К60,777,48.0,data/tights_socks/K60.jpg,"&quot;Elizabeth&quot; (80 den) с эффектом утяжки, р.5, бежевые","&quot;Elizabeth&quot; (80 den) с эффектом утяжки, р.5, бежевые",
544,К55,777,35.0,data/tights_socks/K55.jpg,"&quot;Elizabeth&quot; (40 den) с эластичным поясом T-BAND, бежевые","&quot;Elizabeth&quot; (40 den) с эластичным поясом T-BAND, бежевые",
545,К54,777,35.0,data/tights_socks/K54.jpg,"&quot;Elizabeth&quot; (40 den) с эластичным поясом T-BAND, 5 размер, чёрные","&quot;Elizabeth&quot; (40 den) с эластичным поясом T-BAND, 5 размер, чёрные",
546,К56,777,35.0,data/tights_socks/K56.jpg,"Elizabeth 40 den Bikini Charm, Бежевый, р. 2, 3, 4","Elizabeth 40 den Bikini Charm, Бежевый, р. 2, 3, 4",
547,Н23,777,10.0,data/tights_socks/Н23.jpg,"Носки микрофибра Elizabeth (40den), уплотненный мысок","Носки микрофибра Elizabeth (40den), уплотненный мысок",
548,Н24,777,25.0,data/tights_socks/Н25.jpg,Носки мужские махровые &quot;Naige&quot;,Носки мужские махровые &quot;Naige&quot;,
549,Н25,777,25.0,data/tights_socks/Н24_2.jpg,Носки женские махровые &quot;Корона&quot;,Носки женские махровые &quot;Корона&quot;,
3538,Б16,777,380.0,data/2 - bras_bralets/Б1-50/16_21.jpg,Бежевый бюстик чашка 85В. Код: Б16,Бежевый бюстик чашка 85В. Код: Б16,
552,Б64,777,70.0,data/2 - bras_bralets/Б51-100/64_3.jpg,Бюстгальтер со съемным пуш-ап в чашке 80B,Бюстгальтер со съемным пуш-ап в чашке 80B,
582,К1,777,100.0,data/tights_socks/К1.jpg,"Колготки Gatta Rosalia 100 den, р.2 (S), чёрные","Колготки Gatta Rosalia 100 den, р.2 (S), чёрные",
629,Н26,777,23.0,data/tights_socks/Н26.jpg,Зимние махровые носки &quot;Котики&quot;,Зимние махровые носки &quot;Котики&quot;,
555,Н28,777,25.0,data/tights_socks/Н28.jpg,Махровые женские носочки на зиму &quot;Бантики&quot;,Махровые женские носочки на зиму &quot;Бантики&quot;,
556,Н29,777,17.0,data/tights_socks/Н29.jpg,"Носки короткие стрейчевые, спортивные носки","Носки короткие стрейчевые, спортивные носки",
557,Н30-1,777,17.0,data/tights_socks/Н30_1.jpg,"Шикарные женские гольфы, размер 35-40","Шикарные женские гольфы, размер 35-40",
558,Н30-2,777,17.0,data/tights_socks/Н30_2.jpg,Шикарные женские/подростковые гольфы,Шикарные женские/подростковые гольфы,
559,Н31,777,17.0,data/tights_socks/Н31.jpg,Качественные гольфы на девочку 5-7 лет,Качественные гольфы на девочку 5-7 лет,
560,Н32,777,17.0,data/tights_socks/Н32.jpg,"Яркие женские носки в полоску, (бамбук) размер 37-42","Яркие женские носки в полоску, (бамбук) размер 37-42",
561,Н33,777,17.0,data/tights_socks/Н33.jpg,"Носки с оленями женские на весну/осень, р.36-42","Носки с оленями женские на весну/осень, р.36-42",
1085,С30,777,200.0,data/1 - sets/С1-50/С30_5.jpg,Комплект белья в пуш-ап чашке B. Код: С30,Комплект белья в пуш-ап чашке B. Код: С30,
1088,Б173,777,280.0,data/2 - bras_bralets/Б151-200/Б173.jpg,Бюст в чашке 75С. Код: Б173,Бюст в чашке 75С. Код: Б173,
1089,Б107,777,440.0,data/2 - bras_bralets/Б101-150/107_7.jpg,Бежевый бюст мягкая чашка D. Код: Б107,Бежевый бюст мягкая чашка D. Код: Б107,
1308,К88,777,200.0,data/tights_socks/K88.jpg,Колготки Innamore Microfibra 100 den Nero. Код: K88,Колготки Innamore Microfibra 100 den Nero. Код: K88,
1082,К42,777,60.0,data/tights_socks/К42_Nikola_leggins.png,Красивые детские леггинсы Mona Nikola leggins,Красивые детские леггинсы Mona Nikola leggins,
1745,Т190,77,157.0,data/trusiki/Т190_1.jpg,"Трусики бразилиан Jasmine &quot;Hypnotic&quot;, р.S. Код: Т190","Трусики бразилиан Jasmine &quot;Hypnotic&quot;, р.S. Код: Т190",
1076,Н44,777,20.0,data/tights_socks/Н44_2.jpg,Тёмно-серые мужские носки &quot;Классик&quot; р.27,Тёмно-серые мужские носки &quot;Классик&quot; р.27,
1075,Н45,777,20.0,data/tights_socks/Н45.jpg,Светло-серые мужские носки &quot;Классик&quot; р.29,Светло-серые мужские носки &quot;Классик&quot; р.29,
1072,Н47,777,25.0,data/tights_socks/Н47.jpg,Чёрные мужские махровые носки &quot;Классик&quot;,Чёрные мужские махровые носки &quot;Классик&quot;,
1069,Н50,777,20.0,data/tights_socks/Н50_2.jpg,Серые мужские носки сетка &quot;Классик&quot; р.27,Серые мужские носки сетка &quot;Классик&quot; р.27,
1070,Н49,777,20.0,data/tights_socks/Н49.jpg,"Чёрные мужские носки сетка &quot;Классик&quot; р. 25, 27","Чёрные мужские носки сетка &quot;Классик&quot; р. 25, 27",
1071,Н48,777,25.0,data/tights_socks/Н48_2.jpg,"Чёрные мужские махровые носки &quot;Элегант&quot; р.27, 31","Чёрные мужские махровые носки &quot;Элегант&quot; р.27, 31",
1742,Т307,77,159.0,data/3 - panties/Т301-350/307_1.jpg,Трусики-бразилиан Jasmine Debby. Код: Т307,Трусики-бразилиан Jasmine Debby. Код: Т307,
1740,Т193,77,159.0,data/trusiki/Т193_1.jpg,"Трусики бразилиан Jasmine &quot;Bonita&quot;, М. Код: Т193","Трусики бразилиан Jasmine &quot;Bonita&quot;, М. Код: Т193",
1073,Н43,777,20.0,data/tights_socks/Н43.jpg,Бежевые мужские носки гладкие &quot;Классик&quot; р.29,Бежевые мужские носки гладкие &quot;Классик&quot; р.29,
1054,Т181,777,35.0,data/trusiki/Т181_1.jpg,Хлопковые трусики на детей 2-3 лет. Код: Т181,Хлопковые трусики на детей 2-3 лет. Код: Т181,
1739,Т191,77,157.0,data/trusiki/Т191_1.jpg,Трусики слипы Jasmine &quot;Elegant&quot;. Код: Т191,Трусики слипы Jasmine &quot;Elegant&quot;. Код: Т191,
1386,С42,777,300.0,data/1 - sets/С1-50/С42_4.jpg,Розовый комплект в чашке 90С. Код: С42,Розовый комплект в чашке 90С. Код: С42,
1747,Т194,77,159.0,data/trusiki/Т194_1.jpg,"Белые трусики Jasmine &quot;Arlena&quot;, р.М. Код: Т194","Белые трусики Jasmine &quot;Arlena&quot;, р.М. Код: Т194",
1741,Т204,77,149.0,data/3 - panties/Т201-250/Т204_3.jpg,"Трусики-стринг Jasmine Carin, M. Код: Т204","Трусики-стринг Jasmine Carin, M. Код: Т204",
1748,Т195,77,159.0,data/trusiki/Т195_1.jpg,Трусики Jasmine &quot;Stacy&quot; 3XL. Код: Т195,Трусики Jasmine &quot;Stacy&quot; 3XL. Код: Т195,
1749,Т197,77,89.0,data/trusiki/Т197_2.jpg,Черные трусики стринги Jasmine &quot;Rita&quot;. Код: Т197,Черные трусики стринги Jasmine &quot;Rita&quot;. Код: Т197,
1035,Т196,77,89.0,data/trusiki/Т196_2.jpg,Черные трусики стринг Jasmine &quot;Venus&quot;. Код: Т196,Черные трусики стринг Jasmine &quot;Venus&quot;. Код: Т196,
1750,Т198,77,117.0,data/trusiki/Т198_1.jpg,"Бесшовные трусики стринги Jasmine &quot;Nelly&quot;, S. Код: Т198","Бесшовные трусики стринги Jasmine &quot;Nelly&quot;, S. Код: Т198",
1751,С164,777,380.0,data/sets_of_underwear/С164_1.jpg,Хит! Спортивный комплект в чашке 75В. Код: С164,Хит! Спортивный комплект в чашке 75В. Код: С164,
2204,Б311,777,190.0,data/2 - bras_bralets/Б301-350/Б311_0.jpg,Топ спортивный на чашку В и С. Код: Б311,Топ спортивный на чашку В и С. Код: Б311,
1044,Т172,777,60.0,data/trusiki/Т172_1.jpg,Мальчуковые плавки IN.INCONT. Код: Т172,Мальчуковые плавки IN.INCONT. Код: Т172,
1045,Т173,777,60.0,data/trusiki/Т173_1.jpg,Мальчуковые боксёрки INCONT на 2-4 года. Код: Т173,Мальчуковые боксёрки INCONT на 2-4 года. Код: Т173,
2967,С141,777,540.0,data/1 - sets/С101-150/141_6.jpg,"Пуш-ап комплект чашка 85В, цвет какао. Код: С141","Пуш-ап комплект чашка 85В, цвет какао. Код: С141",
1738,Т189,77,250.0,data/3 - panties/Т151-200/Т189_4.jpg,"Трусики-стринги Jasmine Romantic, S. Код: Т189","Трусики-стринги Jasmine Romantic, S. Код: Т189",
2896,Б88,777,220.0,data/2 - bras_bralets/Б51-100/88_0.jpg,Бюстгальтер-стрэп с чокером. Код: Б88,Бюстгальтер-стрэп с чокером. Код: Б88,
635,А8,777,210.0,data/6 - erotic/1-50/8_2.jpg,Чулки черные с силиконовым фиксатором. Код: А8,Чулки черные с силиконовым фиксатором. Код: А8,
1401,А120,777,95.0,data/a/A120_3.jpg,Эротические чулки. Код: А120,Эротические чулки. Код: А120,
639,А31,777,95.0,data/a/A31_2.png,Эротические трусики с подвязками. Код: А31,Эротические трусики с подвязками. Код: А31,
640,А32,777,150.0,data/6 - erotic/1-50/A32_0.jpg,Черные трусики-стринги с поясом для чулок. Код: А32,Черные трусики-стринги с поясом для чулок. Код: А32,
2510,С21,777,460.0,data/1 - sets/С1-50/С21_0.jpg,Комплект бордо в чашке 80С. Код: С21,Комплект бордо в чашке 80С. Код: С21,
2509,Д33,777,450.0,data/4 - pajamas/Д1-50/Д33_1.jpg,"Бархатная пижама Cottonhill Турция, M. Код: Д33","Бархатная пижама Cottonhill Турция, M. Код: Д33",
2508,Д33,777,450.0,data/4 - pajamas/Д1-50/Д33_3.jpg,"Серая бархатная пижама Cottonhill, XL. Код: Д33","Серая бархатная пижама Cottonhill, XL. Код: Д33",
2507,Д33,777,450.0,data/4 - pajamas/Д1-50/Д33_4.jpg,"Черная бархатная пижама Cottonhill Турция, L. Код: Д33","Черная бархатная пижама Cottonhill Турция, L. Код: Д33",
2506,Т369,77,100.0,data/3 - panties/Т351-400/Т369_1.jpg,"Бесшовные трусики бразильяны, M. Код: Т369","Бесшовные трусики бразильяны, M. Код: Т369",
2579,Д6,777,450.0,data/4 - pajamas/Д1-50/Д6_красн_646.jpg,"Красный велюровый пеньюар, р.40-42. Код: Д6","Красный велюровый пеньюар, р.40-42. Код: Д6",
2504,С256,777,580.0,data/1 - sets/С251-300/С256_11.jpg,"Дерзкий комплект цвета бордо, чашка 80В. Код: С256","Дерзкий комплект цвета бордо, чашка 80В. Код: С256",
2502,Д32,777,550.0,data/4 - pajamas/Д1-50/Д32_пинк2_634.jpg,Велюровая майка и шортики без кружева. Код: Д32,Велюровая майка и шортики без кружева. Код: Д32,
2498,Д30,777,380.0,data/4 - pajamas/Д1-50/30_8.jpg,Изысканный халатик для дома. Код: Д30,Изысканный халатик для дома. Код: Д30,
2497,Д30,777,380.0,data/4 - pajamas/Д1-50/Д30_черн_крас_622.jpg,Изысканный халатик-миди для дома. Код: Д30,Изысканный халатик-миди для дома. Код: Д30,
2496,Д29,777,185.0,data/4 - pajamas/Д1-50/Д29_фиолет_611.jpg,Атласная фиолетовая пижамка: майка и шортики. Код: Д29,Атласная фиолетовая пижамка: майка и шортики. Код: Д29,
2495,Д29,777,185.0,data/4 - pajamas/Д1-50/Д29_розов_611.jpg,Атласная розовая пижамка: майка и шортики. Код: Д29,Атласная розовая пижамка: майка и шортики. Код: Д29,
2494,Д29,777,185.0,data/4 - pajamas/Д1-50/Д29_темсин_611.jpg,Атласная синяя пижамка: майка и шортики. Код: Д29,Атласная синяя пижамка: майка и шортики. Код: Д29,
2493,Д29,777,185.0,data/4 - pajamas/Д1-50/Д29_черн_611.jpg,Атласная черная пижамка: майка и шортики. Код: Д29,Атласная черная пижамка: майка и шортики. Код: Д29,
2492,Д29,777,185.0,data/4 - pajamas/Д1-50/Д29_красн_611.jpg,Атласная красная пижамка: майка и шортики. Код: Д29,Атласная красная пижамка: майка и шортики. Код: Д29,
2491,Д29,777,185.0,data/4 - pajamas/Д1-50/Д29_бордо_611.jpg,Атласная пижамка бордо: майка и шортики. Код: Д29,Атласная пижамка бордо: майка и шортики. Код: Д29,
2490,Д10,777,250.0,data/4 - pajamas/Д1-50/Д10_красн_черный_борт.jpg,Женский красный халат-кимоно из атласа. Код: Д10,Женский красный халат-кимоно из атласа. Код: Д10,
2489,Д10,777,250.0,data/4 - pajamas/Д1-50/Д10_черн_бордо_борт.jpg,Женский черный халат-кимоно из атласа. Код: Д10,Женский черный халат-кимоно из атласа. Код: Д10,
3063,А147,777,190.0,data/6 - erotic/А101-150/147_0.jpg,Черные наклейки на грудь. А147,Черные наклейки на грудь. А147,
2486,Д1,777,550.0,data/4 - pajamas/Д1-50/Д1_крас.jpg,Красный велюровый халатик. Код: Д1,Красный велюровый халатик. Код: Д1,
2485,Д26,777,500.0,data/4 - pajamas/Д1-50/26_3.jpg,Черный прозрачный кружевной халат. Код: Д26,Черный прозрачный кружевной халат. Код: Д26,
2484,Д2,777,450.0,data/4 - pajamas/Д1-50/Д2_пудра_049.jpg,Велюровая пудровая пижамка мраморный велюр. Код: Д2,Велюровая пудровая пижамка мраморный велюр. Код: Д2,
2483,Д2,777,450.0,data/4 - pajamas/Д1-50/Д2_вишня_049.jpg,Велюровая пижама цвета вишня мраморный велюр. Код: Д2,Велюровая пижама цвета вишня мраморный велюр. Код: Д2,
2482,С28,777,560.0,data/1 - sets/С1-50/28_3.jpg,Черный женский комплект чашка 95D. Код: С28,Черный женский комплект чашка 95D. Код: С28,
3542,Б347,777,440.0,data/2 - bras_bralets/Б301-350/347_0.jpg,Красный бюстик анжелика пушап чашка 85С. Код: Б347,Красный бюстик анжелика пушап чашка 85С. Код: Б347,
2817,С68,777,620.0,data/1 - sets/С51-100/C68_1.jpg,Ажурный комплект без поролона чашка 90D. Код: С68,Ажурный комплект без поролона чашка 90D. Код: С68,
3172,А13,777,210.0,data/6 - erotic/1-50/13_3.jpg,"Трусики с открытым доступом &quot;Бантики&quot;, бордо, М. Код: А13","Трусики с открытым доступом &quot;Бантики&quot;, бордо, М. Код: А13",
683,К8,777,50.0,data/tights_socks/K8.png,"&quot;Elizabeth&quot; (100 den) с эффектом утяжки, размер 4, чёрные","&quot;Elizabeth&quot; (100 den) с эффектом утяжки, размер 4, чёрные",
691,А29,777,100.0,data/a/A29_1.png,Черные женские колготки Lady Sexy. Код: А29,Черные женские колготки Lady Sexy. Код: А29,
692,А37,777,150.0,data/6 - erotic/1-50/37_4.jpg,"Эротическое платье-сетка, черное. Код: А37","Эротическое платье-сетка, черное. Код: А37",
2891,Т47,77,250.0,data/3 - panties/Т1-50/47_5.jpg,"Кружевные стринги в стиле VS, M, L, XL. Код: Т47","Кружевные стринги в стиле VS, M, L, XL. Код: Т47",
2892,Б341,777,480.0,data/2 - bras_bralets/Б301-350/341_6.jpg,"Боди цвета бордо, размер M. Код: Б341","Боди цвета бордо, размер M. Код: Б341",
696,А38,777,230.0,data/6 - erotic/1-50/A38_0.jpg,Эротический костюм-сетка. Код: А38,Эротический костюм-сетка. Код: А38,
2499,Д13,777,290.0,data/4 - pajamas/Д1-50/Д13_крас_097.jpg,Красная атласная пижамка. Код: Д13,Красная атласная пижамка. Код: Д13,
2983,Т65,777,85.0,data/3 - panties/Т51-100/65_1.jpg,Белые кружевные стринги с высокой посадкой. Т65,Белые кружевные стринги с высокой посадкой. Т65,
701,К71,777,50.0,data/tights_socks/K71.jpg,"Elizabeth Prestige 40 den Classic, Капучино, р.3, 4, 5","Elizabeth Prestige 40 den Classic, Капучино, р.3, 4, 5",
704,К72,777,50.0,data/tights_socks/K72.jpg,"Elizabeth Prestige 40 den Classic, Бежевый, р.4","Elizabeth Prestige 40 den Classic, Бежевый, р.4",
705,К73,777,35.0,data/tights_socks/K73.jpg,"Elizabeth 40 den Vita Bassa, Мокка, р.4","Elizabeth 40 den Vita Bassa, Мокка, р.4",
706,К74,777,35.0,data/tights_socks/K74.jpg,"Elizabeth 40 den Vita Bassa, Капучино, р. 2, 3, 4","Elizabeth 40 den Vita Bassa, Капучино, р. 2, 3, 4",
709,К61,777,190.0,data/jeggings/К61_4.jpg,Гамаши под джинс на меху р.46-50. Код: К61,Гамаши под джинс на меху р.46-50. Код: К61,
710,К62,777,190.0,data/jeggings/К62_2.jpg,Гамаши под джинс (джеггинсы) на меху р.48-52,Гамаши под джинс (джеггинсы) на меху р.48-52,
711,К63,777,180.0,data/jeggings/К63_2.jpg,Теплые гамаши под джинс &quot;Махра&quot; (джеггинсы),Теплые гамаши под джинс &quot;Махра&quot; (джеггинсы),
712,К64,777,170.0,data/jeggings/К64_2.jpg,Модные джеггинсы р.46-54. Код: К64,Модные джеггинсы р.46-54. Код: К64,
713,К65,777,200.0,data/jeggings/К65.jpg,Гамаши под джинс &quot;Махра со стразами&quot; р.48-52,Гамаши под джинс &quot;Махра со стразами&quot; р.48-52,
714,К66,777,200.0,data/jeggings/К66_5.jpg,Крутые джеггинсы &quot;Махра&quot; р.46-50. Код: К66,Крутые джеггинсы &quot;Махра&quot; р.46-50. Код: К66,
715,К67,777,190.0,data/jeggings/К67.jpg,Женские гамаши под джинс &quot;Махра&quot;. Код: К67,Женские гамаши под джинс &quot;Махра&quot;. Код: К67,
716,К68,777,180.0,data/jeggings/К68_1.jpg,Гамаши под джинс весенние р.46-52. Код: К68,Гамаши под джинс весенние р.46-52. Код: К68,
717,К69,777,180.0,data/jeggings/K69_3.jpg,"Теплые гамаши под джинс Махра, р.46-52 (L- 4XL)","Теплые гамаши под джинс Махра, р.46-52 (L- 4XL)",
718,К70,777,100.0,data/jeggings/К70.jpg,"Лосины Бамбук 120den, р. L-2XL","Лосины Бамбук 120den, р. L-2XL",
719,Б47,777,130.0,data/2 - bras_bralets/Б1-50/47.JPG,Бюстгальтер W&amp;M\,Бюстгальтер W&amp;M\,
3180,А16,777,210.0,data/6 - erotic/1-50/16_1.jpg,"Белые трусики эротические &quot;Ромашки&quot;, М. Код: А16","Белые трусики эротические &quot;Ромашки&quot;, М. Код: А16",
721,Б65,777,170.0,data/2 - bras_bralets/Б51-100/65_1.jpg,Бюстгальтер с поролоновой чашкой 75С. Код: Б65,Бюстгальтер с поролоновой чашкой 75С. Код: Б65,
722,Б67,777,90.0,data/2 - bras_bralets/Б51-100/67_1.jpg,Розовый бюстгальтер с push-up чашкой B. Код: Б67,Розовый бюстгальтер с push-up чашкой B. Код: Б67,
725,Б69,777,70.0,data/2 - bras_bralets/Б51-100/69_1.jpg,"Бюст без поролона с х/б вставкой, чашка С и D","Бюст без поролона с х/б вставкой, чашка С и D",
3312,С8,777,550.0,data/1 - sets/С1-50/8_10.jpg,"Комплект без косточки чашка 85В, цвета изумруд. Код: С8","Комплект без косточки чашка 85В, цвета изумруд. Код: С8",
732,Б76,777,220.0,data/bras/Б76_1.jpg,Бюстгальтер Diorella в чашке 75D. Код: Б76,Бюстгальтер Diorella в чашке 75D. Код: Б76,
733,Б77,777,190.0,data/2 - bras_bralets/Б51-100/Б77_2.jpg,Чёрный бюстгальтер Diorella в чашке 75С. Код: Б77,Чёрный бюстгальтер Diorella в чашке 75С. Код: Б77,
734,Б78,777,200.0,data/2 - bras_bralets/Б51-100/Б78.jpg,Белый бюстгальтер в мягкой чашке 75С. Код: Б78,Белый бюстгальтер в мягкой чашке 75С. Код: Б78,
735,Б79,777,200.0,data/2 - bras_bralets/Б51-100/Б79.jpg,Бордовый бюстгальтер в мягкой чашке С. Код: Б79,Бордовый бюстгальтер в мягкой чашке С. Код: Б79,
736,Б80,777,300.0,data/2 - bras_bralets/Б51-100/Б80_2.jpg,Красный бюстгальтер в мягкой чашке 90D. Код: Б80,Красный бюстгальтер в мягкой чашке 90D. Код: Б80,
738,Т26,777,95.0,data/trusiki/Т26_5.jpg,Панталоны женские черные 3XL. Код: Т26,Панталоны женские черные 3XL. Код: Т26,
2594,Б296,777,345.0,data/2 - bras_bralets/Б251-300/Б296_2.jpg,Бюст цвета бордо в чашке 90E. Код: Б296,Бюст цвета бордо в чашке 90E. Код: Б296,
785,Б134,777,280.0,data/2 - bras_bralets/Б101-150/Б134_2.jpg,Сиреневый бюст Anfen в чашке 75С. Код: Б134,Сиреневый бюст Anfen в чашке 75С. Код: Б134,
3119,Т292,77,120.0,data/3 - panties/Т251-300/292.jpg,"Коттоновые трусики стринги, S, M, L. Код: Т292","Коттоновые трусики стринги, S, M, L. Код: Т292",
787,Б97,777,180.0,data/2 - bras_bralets/Б51-100/Б97_1.jpg,Кружевной бюст без поролона в чашке C. Код: Б97,Кружевной бюст без поролона в чашке C. Код: Б97,
788,Б103,777,150.0,data/2 - bras_bralets/Б101-150/Б103_1.jpg,Лифчик со съемным пуш-апом в чашке 75А. Код: Б103,Лифчик со съемным пуш-апом в чашке 75А. Код: Б103,
802,Б122,777,90.0,data/2 - bras_bralets/Б101-150/Б122_1.jpg,Зеленый бюстгальтер с пуш-апом в чашке В. Код: Б122,Зеленый бюстгальтер с пуш-апом в чашке В. Код: Б122,
803,Б121,777,90.0,data/2 - bras_bralets/Б101-150/Б121_1.jpg,Бюстгальтер с push-up в чашке В. Код: Б121,Бюстгальтер с push-up в чашке В. Код: Б121,
2593,Б276,777,285.0,data/2 - bras_bralets/Б251-300/Б276_0.jpg,Бюстгальтер черного цвета чашка 80D. Код: Б276,Бюстгальтер черного цвета чашка 80D. Код: Б276,
2592,Б265,777,260.0,data/2 - bras_bralets/Б251-300/Б266_1.jpg,Черный бюстик без поролона чашка 75E. Код: Б265,Черный бюстик без поролона чашка 75E. Код: Б265,
809,Б128,777,170.0,data/2 - bras_bralets/Б101-150/Б128_1.jpg,Сиреневый бюстгальтер с пуш-ап чашкой 85А. Код: Б128,Сиреневый бюстгальтер с пуш-ап чашкой 85А. Код: Б128,
2590,Б266,777,345.0,data/2 - bras_bralets/Б251-300/Б266_1.jpg,Черный бюстгальтер чашка 75D. Код: Б266,Черный бюстгальтер чашка 75D. Код: Б266,
3161,Б110,777,440.0,data/2 - bras_bralets/Б101-150/110_10.jpg,Бежевый бюстик Spacer на тонком поролоне чашка 80С. Код: Б110,Бежевый бюстик Spacer на тонком поролоне чашка 80С. Код: Б110,
2890,Т48,77,125.0,data/3 - panties/Т1-50/48_0.jpg,"Черные прозрачные трусики стринг, р.44-46. Код: Т48","Черные прозрачные трусики стринг, р.44-46. Код: Т48",
1746,Т192,77,280.0,data/3 - panties/Т151-200/Т192_1.jpg,"Черные трусики слипы Jasmine &quot;Seductive&quot;, 2XL. Код: Т192","Черные трусики слипы Jasmine &quot;Seductive&quot;, 2XL. Код: Т192",
2990,С166,777,550.0,data/1 - sets/С151-200/166_0.jpg,Шикарный комплект белья чашка 85С. Код: С166,Шикарный комплект белья чашка 85С. Код: С166,
3275,Б264,777,320.0,data/2 - bras_bralets/Б251-300/264_20.jpg,"Бюстик тонкий поролон без косточек, чашка 85В. Код: Б264","Бюстик тонкий поролон без косточек, чашка 85В. Код: Б264",
3168,А23,777,380.0,data/6 - erotic/1-50/23_0.jpg,"Черный эротический комплект тройка, M. Код: А23","Черный эротический комплект тройка, M. Код: А23",
819,Б115,777,180.0,data/2 - bras_bralets/Б101-150/Б115_0.jpg,Бежевый бюстгальтер Milavitsa 90D. Код: Б115,Бежевый бюстгальтер Milavitsa 90D. Код: Б115,
2588,С33,777,430.0,data/1 - sets/С1-50/С33_0.jpg,Красивый кружевной комплект L. Код: С33,Красивый кружевной комплект L. Код: С33,
841,Т159,777,40.0,data/trusiki/Т159_2.jpg,Мужские трусы плавки р. 46-50. Код: Т159,Мужские трусы плавки р. 46-50. Код: Т159,
853,Т130,777,45.0,data/trusiki/Т130_2.jpg,Женские хлопковые трусы-слип 46-50 &quot;Гипюр сзади&quot;. Код: Т130,Женские хлопковые трусы-слип 46-50 &quot;Гипюр сзади&quot;. Код: Т130,
855,Т123,777,40.0,data/trusiki/Т123_3.jpg,Хлопковые трусики &quot;Гипюровая полоса&quot;. Код: Т123,Хлопковые трусики &quot;Гипюровая полоса&quot;. Код: Т123,
860,Т93,777,40.0,data/trusiki/Т93_1.jpg,Кружевные женские трусы р.48-50. Код: Т93,Кружевные женские трусы р.48-50. Код: Т93,
861,Т154,777,40.0,data/trusiki/Т154_1.jpg,Трусы стринги &quot;Пятнистые&quot; р. 46-50. Код: Т154,Трусы стринги &quot;Пятнистые&quot; р. 46-50. Код: Т154,
863,Т151,777,45.0,data/trusiki/Т151_4.jpg,Гипюровые трусы шорты. Код: Т151,Гипюровые трусы шорты. Код: Т151,
872,Т140,777,40.0,data/trusiki/Т140_3.jpg,Трусики &quot;Caricias&quot;. Код: Т140,Трусики &quot;Caricias&quot;. Код: Т140,
875,Т137,777,40.0,data/trusiki/Т137_2.jpg,"Женские х/б трусы-слип, р.46-50. Код: Т137","Женские х/б трусы-слип, р.46-50. Код: Т137",
877,Т132,777,40.0,data/trusiki/Т132_2.jpg,"Трусики &quot;Гипюр&quot; белые, р.46-50. Код: Т132","Трусики &quot;Гипюр&quot; белые, р.46-50. Код: Т132",
2676,КУ33,3,750.0,data/5 - swim/КУ1-50/33_0.jpg,"Купальник раздельный розовый, р. 40. Код: КУ33","Купальник раздельный розовый, р. 40. Код: КУ33",
883,Т122,777,40.0,data/trusiki/Т122_4.jpg,Трусики х/б + гипюр &quot;Ромашка&quot;. Код: Т122,Трусики х/б + гипюр &quot;Ромашка&quot;. Код: Т122,
884,Т121,777,45.0,data/trusiki/Т121_2.jpg,Трусики х/б с гипюром разных цветов. Код: Т121,Трусики х/б с гипюром разных цветов. Код: Т121,
885,Т117,777,35.0,data/trusiki/Т117_4.jpg,Трусики бикини в полоску р. 46-48 (2XL). Код: Т117,Трусики бикини в полоску р. 46-48 (2XL). Код: Т117,
887,Т115,777,40.0,data/trusiki/Т115_4.jpg,"Однотонные, гипюровый кант, р.46-50. Код: Т115","Однотонные, гипюровый кант, р.46-50. Код: Т115",
892,А68,777,150.0,data/a/A68_3.png,Кружевной боди микрофибра. Код: А68,Кружевной боди микрофибра. Код: А68,
2971,С145,777,480.0,data/1 - sets/С101-150/145_0.jpg,"Черный комплект со стрингами, пушап 85В. Код: С145","Черный комплект со стрингами, пушап 85В. Код: С145",
2972,С146,777,480.0,data/1 - sets/С101-150/146_0.jpg,Комплект с дополнительными кружевными бретелями. Код: С146,Комплект с дополнительными кружевными бретелями. Код: С146,
2973,Т323,777,220.0,data/3 - panties/Т301-350/Т323.jpg,Боксёры Calvin Klein бамбук 2XL. Код: Т323,Боксёры Calvin Klein бамбук 2XL. Код: Т323,
2874,А65,777,150.0,data/6 - erotic/51-100/65_21.jpg,Эротические трусики с бусинами черно-красные. Код: А65,Эротические трусики с бусинами черно-красные. Код: А65,
2875,А65,777,95.0,data/6 - erotic/51-100/65_7.jpg,Трусики эротические с бусинами. Код: А65,Трусики эротические с бусинами. Код: А65,
898,А64,777,270.0,data/6 - erotic/51-100/A64_3.png,Чулки в сетку. Код: А64,Чулки в сетку. Код: А64,
2939,А66,777,150.0,data/6 - erotic/51-100/A66_0.jpg,"Эротические трусики с бусинками, черные. Код: А66","Эротические трусики с бусинками, черные. Код: А66",
900,А60с,777,150.0,data/a/A60_5.png,Синий эротический костюм сетка. Код: А60,Синий эротический костюм сетка. Код: А60,
901,А60р,777,150.0,data/a/A60_3.png,Розовый эротический костюм сетка. Код: А60,Розовый эротический костюм сетка. Код: А60,
902,А60ч,777,150.0,data/a/A60_1.png,Черный эротический костюм сетка. Код: А60,Черный эротический костюм сетка. Код: А60,
903,А60м,777,150.0,data/a/A60_4.png,Малиновый эротический костюм сетка. Код: А60,Малиновый эротический костюм сетка. Код: А60,
904,А60б,777,150.0,data/a/A60_2.png,Белый эротический костюм сетка. Код: А60,Белый эротический костюм сетка. Код: А60,
2978,Т62,777,140.0,data/3 - panties/Т51-100/62_3.jpg,"Боксёры бамбук Секс Камасутра, 3XL, 4XL. Код: Т62","Боксёры бамбук Секс Камасутра, 3XL, 4XL. Код: Т62",
906,А58,777,160.0,data/a/A58.png,Кружевной боди микрофибра. Код: А58,Кружевной боди микрофибра. Код: А58,
907,А57,777,160.0,data/a/A57_1.png,Костюм-чулки эротический. Код: А57,Костюм-чулки эротический. Код: А57,
908,А55,777,120.0,data/a/A55.png,Чулки в сетку. Код: А55,Чулки в сетку. Код: А55,
910,А54б,777,220.0,data/a/A54_1.png,"Белый пеньюар, 2XL. Код: А54","Белый пеньюар, 2XL. Код: А54",#N/A
2979,Б101,777,180.0,data/2 - bras_bralets/Б101-150/101_5.jpg,"Белый топ со стразами, без вкладыша. Б101","Белый топ со стразами, без вкладыша. Б101",
913,А51,777,250.0,data/6 - erotic/51-100/A51.png,Эротические чулки. Код: А51,Эротические чулки. Код: А51,
914,А50,777,170.0,data/a/A50_1.png,Женский костюм сетка боди. Код: А50,Женский костюм сетка боди. Код: А50,
2950,С134,777,450.0,data/1 - sets/С1-50/40_1.jpg,Комплект с вышивкой чашка 80С. Код: С134,Комплект с вышивкой чашка 80С. Код: С134,
2951,С119,777,450.0,data/1 - sets/С101-150/119_2.jpg,Белый комплект в чашке 75С плотный поролон. Код: С119,Белый комплект в чашке 75С плотный поролон. Код: С119,
2952,С135,777,450.0,data/1 - sets/С101-150/135_0.jpg,Белый комплект в чашке 80С корректор. Код: С135,Белый комплект в чашке 80С корректор. Код: С135,
2953,С132,777,450.0,data/1 - sets/С101-150/132_0.jpg,Комплект белый чашка 75С. Код: С132,Комплект белый чашка 75С. Код: С132,
2954,С133,777,450.0,data/1 - sets/С101-150/133.jpg,Комплект белый плотная чашка 80С. Код: С133,Комплект белый плотная чашка 80С. Код: С133,
1087,Б172,777,90.0,data/2 - bras_bralets/Б151-200/Б172.jpg,Ажурный бюстгальтер в чашке 80С. Код: Б172,Ажурный бюстгальтер в чашке 80С. Код: Б172,
924,Т161,777,80.0,data/panties/Т161_1.jpg,Белые трусики с кружевом по ножке 3XL. Код: Т161,Белые трусики с кружевом по ножке 3XL. Код: Т161,
925,Т36,777,80.0,data/panties/Т36_1.jpg,"Белые трусики с кружевными вставками 6XL, 7XL. Код: Т36","Белые трусики с кружевными вставками 6XL, 7XL. Код: Т36",
926,Т162,777,80.0,data/panties/Т162_2.jpg,Черные трусики с кружевными вставками 5XL. Код: Т162,Черные трусики с кружевными вставками 5XL. Код: Т162,
2722,Б342,777,250.0,data/2 - bras_bralets/Б301-350/342_2.jpg,Белый бюстик без поролона чашка 75D. Код: Б342,Белый бюстик без поролона чашка 75D. Код: Б342,
933,Т168,777,60.0,data/panties/Т168_1.jpg,"Трусики стринги с кружевом XL, разные цвета. Код: Т168","Трусики стринги с кружевом XL, разные цвета. Код: Т168",
2992,Т310,77,130.0,data/3 - panties/Т301-350/310_0.jpg,"Трусики Anttifu, все расцветки. Код: Т310","Трусики Anttifu, все расцветки. Код: Т310",
1181,А95,777,300.0,data/a/A95_1.jpg,Модный комплект с пуш-ап чашкой B80. Код: А95,Модный комплект с пуш-ап чашкой B80. Код: А95,
2913,Т34,77,120.0,data/3 - panties/Т1-50/34_0.jpg,"Белые бразильяны Annajolly, S. Код: Т34","Белые бразильяны Annajolly, S. Код: Т34",
2914,С99,777,420.0,data/1 - sets/С51-100/99_2.jpg,"Прозрачный боди с перьями, два цвета. Код: С99","Прозрачный боди с перьями, два цвета. Код: С99",
2934,Б44,777,420.0,data/2 - bras_bralets/Б1-50/44_0.jpg,Белый бюстгальтер в чашке 75С. Код: Б44,Белый бюстгальтер в чашке 75С. Код: Б44,
2916,С102,777,1250.0,data/1 - sets/С101-150/102_3.jpg,Гладкий комплект Victoria\,Гладкий комплект Victoria\,
2917,Т69,77,95.0,data/3 - panties/Т51-100/69_0.jpg,Трусики эротические с брюликом. Код: Т69,Трусики эротические с брюликом. Код: Т69,
2918,С118,777,850.0,data/1 - sets/С101-150/118_0.jpg,Комплект Mandhari чашка 85D на поролоне. Код: С118,Комплект Mandhari чашка 85D на поролоне. Код: С118,
2919,С115,777,850.0,data/1 - sets/С101-150/115_0.jpg,Красный кожаный комплект в чашке С. Код: С115,Красный кожаный комплект в чашке С. Код: С115,
986,А49,777,170.0,data/a/A49_1.png,Костюм-сетка. Код: А49,Костюм-сетка. Код: А49,
2929,Т54,77,105.0,data/3 - panties/Т51-100/54_0.jpg,"Трусики женские, 3XL, 5XL. Код: Т54","Трусики женские, 3XL, 5XL. Код: Т54",
1009,А112,777,300.0,data/a/A112_1.jpg,Черный комплект женского белья D90. Код: А112,Черный комплект женского белья D90. Код: А112,
1080,Т187,77,119.0,data/trusiki/Т187_2.jpg,Белые трусики стринги Jasmine &quot;Kristy&quot;. Код: Т187,Белые трусики стринги Jasmine &quot;Kristy&quot;. Код: Т187,
3027,Б289,777,380.0,data/2 - bras_bralets/Б251-300/289_0.jpg,Бюстик балконет чашка В цвета пудра. Код: Б289,Бюстик балконет чашка В цвета пудра. Код: Б289,
3005,Д27,777,520.0,data/4 - pajamas/Д1-50/27_темнозеленый.jpg,Халат темно-зеленый &quot;Крылья ангела&quot;. Код: Д27,Халат темно-зеленый &quot;Крылья ангела&quot;. Код: Д27,
2964,С139,777,670.0,data/1 - sets/С101-150/139_4.jpg,Красный пуш-ап комплект чашка 80В. Код: С139,Красный пуш-ап комплект чашка 80В. Код: С139,
2965,С138,777,590.0,data/1 - sets/С101-150/138_0.jpg,"Комплект чашка 80D, цвет морская волна. Код: С138","Комплект чашка 80D, цвет морская волна. Код: С138",
2966,С141,777,540.0,data/1 - sets/С101-150/141_4.jpg,Черно-бежевый пуш-ап комплект чашка В. Код: С141,Черно-бежевый пуш-ап комплект чашка В. Код: С141,
1043,Т171,777,65.0,data/trusiki/Т171_1.jpg,Подростковые плавки INDENA. Код: Т171,Подростковые плавки INDENA. Код: Т171,
2955,С54,777,1250.0,data/1 - sets/С51-100/54_1.jpg,Красный кружевной комплект Victoria\,Красный кружевной комплект Victoria\,
1182,YT5,777,299.0,data/YourTouch/YT5.jpg,"Кружевной бюстгальтер &quot;Gentle rose&quot;, р. L","Кружевной бюстгальтер &quot;Gentle rose&quot;, р. L",
2968,С174,777,500.0,data/1 - sets/С151-200/174_8.jpg,Белый шикарный комплект в чашке 90D. Код: С174,Белый шикарный комплект в чашке 90D. Код: С174,
2940,А67,777,100.0,data/6 - erotic/51-100/A67_0.jpg,"Эротические стринги с бусинами, два цвета. Код: А67","Эротические стринги с бусинами, два цвета. Код: А67",
3052,А69,777,699.0,data/6 - erotic/51-100/69_2.jpg,Эротический набор черного цвета. Код: А69,Эротический набор черного цвета. Код: А69,
2943,С122,777,599.0,data/1 - sets/С101-150/122.jpg,Черный комплект тройка размер S. Код: С122,Черный комплект тройка размер S. Код: С122,
2948,Б33,777,345.0,data/2 - bras_bralets/Б1-50/33_0.jpg,Белый бюстгальтер спейсер чашка 105F. Код: Б33,Белый бюстгальтер спейсер чашка 105F. Код: Б33,
1024,Б22,777,400.0,data/2 - bras_bralets/Б1-50/Б22.png,Хлопковый белый бюстгальтер Angela в чашке 75D,Хлопковый белый бюстгальтер Angela в чашке 75D,
1022,А86,777,300.0,data/1 - sets/С51-100/A86_5.png,Роскошный комплект с пуш-ап чашкой 80В. Код: А86,Роскошный комплект с пуш-ап чашкой 80В. Код: А86,
2930,Т52,77,85.0,data/3 - panties/Т51-100/52_0.jpg,"Трусики ANTTIFU, L, ХL, 2ХL. Код: Т52","Трусики ANTTIFU, L, ХL, 2ХL. Код: Т52",
2931,Т37,77,150.0,data/3 - panties/Т1-50/37_0.jpg,"Бежевые трусики утяжка, M. Код: Т37","Бежевые трусики утяжка, M. Код: Т37",
2932,Т38,77,120.0,data/3 - panties/Т1-50/38_1.jpg,"Черные трусики утяжка, размер free (46-50). Код: Т38","Черные трусики утяжка, размер free (46-50). Код: Т38",
2933,Б200,777,250.0,data/2 - bras_bralets/Б151-200/200_0.jpg,Бюстгальтер чашка 75С. Код: Б200,Бюстгальтер чашка 75С. Код: Б200,
3534,Б168,777,420.0,data/2 - bras_bralets/Б151-200/168_21.jpg,"Гладкий пушап бюстик чашка В, цвет капучино. Код: Б168","Гладкий пушап бюстик чашка В, цвет капучино. Код: Б168",
3150,С317,777,620.0,data/1 - sets/С301-350/317_0.jpg,Комплект чашка 80С цвета морской волны. Код: С317,Комплект чашка 80С цвета морской волны. Код: С317,
2937,С110,777,560.0,data/1 - sets/С101-150/110_0.jpg,"Комплект чашка С, со стрингами, два цвета. Код: С110","Комплект чашка С, со стрингами, два цвета. Код: С110",
2938,С120,777,640.0,data/1 - sets/С101-150/120_4.jpg,"Комплект со стразами 85С, белый. Код: С120","Комплект со стразами 85С, белый. Код: С120",
2963,С139,777,670.0,data/1 - sets/С101-150/139_5.jpg,"Пуш-ап комплект чашка 85В, цвет белый. Код: С139","Пуш-ап комплект чашка 85В, цвет белый. Код: С139",
3087,С287,777,560.0,data/1 - sets/С251-300/287_10.jpg,"Гладкий комплект пуш-ап чашка 85В, черный. Код: С287","Гладкий комплект пуш-ап чашка 85В, черный. Код: С287",
2898,Б55,777,239.0,data/2 - bras_bralets/Б51-100/55_0.jpg,Черный бюстгальтер без косточек чашка 85В. Код: Б55,Черный бюстгальтер без косточек чашка 85В. Код: Б55,
2899,Б56,777,220.0,data/2 - bras_bralets/Б51-100/56_0.jpg,Гладкий бюстик без бретелей и без косточек. Код: Б56,Гладкий бюстик без бретелей и без косточек. Код: Б56,
2900,С80,777,520.0,data/1 - sets/С51-100/80_0.jpg,Черный кожаный комплект пушап чашка В. Код: С80,Черный кожаный комплект пушап чашка В. Код: С80,
2901,С152,777,430.0,data/1 - sets/С151-200/152_12.jpg,"Комплект с литым бюстом, молочный. Код: С152","Комплект с литым бюстом, молочный. Код: С152",
1195,К87,777,28.0,data/tights_socks/K87.jpg,"Черные носки микрофибра &quot;Интуиция&quot; (50 den), 1 пара","Черные носки микрофибра &quot;Интуиция&quot; (50 den), 1 пара",
1744,Т188,77,157.0,data/trusiki/Т188_2.jpg,Трусики бразилиан Jasmine &quot;Intrigue&quot; XL. Код: Т188,Трусики бразилиан Jasmine &quot;Intrigue&quot; XL. Код: Т188,
1816,С173,777,520.0,data/1 - sets/С151-200/С173_4.jpg,Комплект в чашке D цвета бордо. Код: С173,Комплект в чашке D цвета бордо. Код: С173,
3545,С17,777,680.0,data/1 - sets/С1-50/17_22.jpg,Черный ажурный комплект в чашке D. Код: С17,Черный ажурный комплект в чашке D. Код: С17,
1814,С173,777,520.0,data/1 - sets/С151-200/С173_5.jpg,Комплект в чашке 100D цвета изумруд. Код: С173,Комплект в чашке 100D цвета изумруд. Код: С173,
2621,PR25,3,200.0,data/prokat/PR25.jpg,Костюм &quot;Мушкетер&quot;,Костюм &quot;Мушкетер&quot;,
1248,Б187,777,260.0,data/2 - bras_bralets/Б151-200/Б187_1.jpg,Бордовый бюстгальтер в чашке 95D. Код: Б187,Бордовый бюстгальтер в чашке 95D. Код: Б187,
2981,Т63,777,85.0,data/3 - panties/Т51-100/63_1.jpg,Бежевые трусики стринги бесшовные лазерки XL (52). Т63,Бежевые трусики стринги бесшовные лазерки XL (52). Т63,
2775,Б343,777,280.0,data/2 - bras_bralets/Б301-350/342_3.jpg,Черный бюстик без поролона чашка 80С. Код: Б343,Черный бюстик без поролона чашка 80С. Код: Б343,
1332,С67,777,450.0,data/1 - sets/С51-100/С67_4.jpg,Шикарный комплект белья в чашке 70С. Код: С67,Шикарный комплект белья в чашке 70С. Код: С67,
1228,Б183,777,110.0,data/2 - bras_bralets/Б151-200/Б183_0.jpg,"Контейнер для стирки бюстгальтеров Bra Baby (Бра Бейби, Бра Беби) Кривой Рог","Контейнер для стирки бюстгальтеров Bra Baby (Бра Бейби, Бра Беби) Кривой Рог",
1274,PR1,10,180.0,data/prokat/prokat_1_2.jpg,Карнавальный детский костюм &quot;Конфетка&quot;,Карнавальный детский костюм &quot;Конфетка&quot;,
1813,С172,777,460.0,data/1 - sets/С151-200/С172_1.jpg,Молочный комплект в чашке 80В. Код: С172,Молочный комплект в чашке 80В. Код: С172,
2988,С158,777,480.0,data/1 - sets/С151-200/158_0.jpg,Черный комплект чашка 80В. Код: С158,Черный комплект чашка 80В. Код: С158,
2523,Т309,77,85.0,data/3 - panties/Т301-350/Т309.jpg,"Трусики красные эротические, M. Код: Т309","Трусики красные эротические, M. Код: Т309",
1235,С45,777,320.0,data/sets_of_underwear/С45_1.jpg,Шоколадный комплект в чашке 75С. Код: С45,Шоколадный комплект в чашке 75С. Код: С45,
2698,С257,777,890.0,data/1 - sets/С251-300/257_35.jpg,Черный сексуальный комплект-тройка. Код: С257,Черный сексуальный комплект-тройка. Код: С257,
1482,Б203,777,270.0,data/2 - bras_bralets/Б201-250/Б203_1.jpg,БЕЛЫЙ бюстик в чашке 100Е. Код: Б203,БЕЛЫЙ бюстик в чашке 100Е. Код: Б203,
1426,С83,777,400.0,data/1 - sets/С51-100/С83_2.jpg,Белый кружевной комплект XL. Код: С83,Белый кружевной комплект XL. Код: С83,
2469,Б341,777,480.0,data/2 - bras_bralets/Б301-350/Б341_1.jpg,"Кружевное черное боди, размеры M. Код: Б341","Кружевное черное боди, размеры M. Код: Б341",
2072,С107,777,480.0,data/1 - sets/С101-150/С107_34.jpg,Крутой комплект в пуш-ап чашке 85B. Код: С107,Крутой комплект в пуш-ап чашке 85B. Код: С107,
1720,Б26,777,240.0,data/2 - bras_bralets/Б1-50/Б26_1.jpg,Бежевый бюстик Diorella в чашке 90E. Код: Б26,Бежевый бюстик Diorella в чашке 90E. Код: Б26,
3175,А13,777,210.0,data/6 - erotic/1-50/13_7.jpg,"Белые эротические трусики &quot;Бантики&quot;, М. Код: А13","Белые эротические трусики &quot;Бантики&quot;, М. Код: А13",
3167,А23,777,380.0,data/6 - erotic/1-50/23_1.jpg,"Красный эротический комплект тройка, XL. Код: А23","Красный эротический комплект тройка, XL. Код: А23",
2650,С123,777,430.0,data/1 - sets/С101-150/123_15.jpg,Хитовый белый комплект в чашке 80В. Код: С123,Хитовый белый комплект в чашке 80В. Код: С123,
2587,С33,777,430.0,data/1 - sets/С1-50/С33_5.jpg,Кружевной комплект черного цвета XL. Код: С33,Кружевной комплект черного цвета XL. Код: С33,
1262,Б191,777,380.0,data/2 - bras_bralets/Б151-200/Б191_1.jpg,Черный гладкий бюст TM Jasmine 75D. Код: Б191,Черный гладкий бюст TM Jasmine 75D. Код: Б191,
1273,Б184,777,100.0,data/2 - bras_bralets/Б151-200/Б184_0.jpg,Мешочек чехол контейнер для стирки нижнего белья,Мешочек чехол контейнер для стирки нижнего белья,
1275,PR2,10,200.0,data/prokat/prokat_2_2.jpg,Карнавальный детский костюм &quot;Фея&quot; / &quot;Мальвина&quot;,Карнавальный детский костюм &quot;Фея&quot; / &quot;Мальвина&quot;,
1276,PR3,10,180.0,data/prokat/prokat_3_2.jpg,Карнавальный детский костюм &quot;Зайка №1&quot;,Карнавальный детский костюм &quot;Зайка №1&quot;,
1277,PR4,10,200.0,data/prokat/prokat_4_2.jpg,Карнавальный костюм &quot;Ёлочка&quot;,Карнавальный костюм &quot;Ёлочка&quot;,
1278,PR5,10,150.0,data/prokat/prokat_5_2.jpg,Карнавальный костюм &quot;Грибочек&quot;,Карнавальный костюм &quot;Грибочек&quot;,
1279,PR6,10,150.0,data/prokat/prokat_6_2.jpg,Костюм для утренника &quot;Волк&quot;,Костюм для утренника &quot;Волк&quot;,
1280,PR7,10,250.0,data/prokat/prokat_7_1.jpg,Костюм на утренник &quot;Снегурочка №1&quot;,Костюм на утренник &quot;Снегурочка №1&quot;,
1281,PR8,10,200.0,data/prokat/prokat_8_1.jpg,Костюм &quot;Снегурочка №2&quot;,Костюм &quot;Снегурочка №2&quot;,
1282,PR9,10,150.0,data/prokat/prokat_9_1.jpg,Костюм для утренника &quot;Чародей&quot;,Костюм для утренника &quot;Чародей&quot;,
1283,PR10,10,200.0,data/prokat/prokat_10_1.jpg,Костюм карнавальный &quot;Скоморох&quot;,Костюм карнавальный &quot;Скоморох&quot;,
1284,PR11,10,200.0,data/prokat/prokat_11_1.jpg,Костюм карнавальный &quot;Красная шапочка №1&quot;,Костюм карнавальный &quot;Красная шапочка №1&quot;,
1285,PR12,10,180.0,data/prokat/prokat_12_1.jpg,Костюм карнавальный &quot;Осень&quot;,Костюм карнавальный &quot;Осень&quot;,
1286,PR13,10,200.0,data/prokat/prokat_13_1.jpg,Костюм на праздник &quot;Гномик&quot;,Костюм на праздник &quot;Гномик&quot;,
1287,PR14,10,200.0,data/prokat/prokat_14_1.jpg,Костюм на прокат &quot;Красная шапочка №2&quot;,Костюм на прокат &quot;Красная шапочка №2&quot;,
1288,PR15,10,200.0,data/prokat/prokat_15_1.jpg,Костюм на прокат &quot;Лиса&quot;,Костюм на прокат &quot;Лиса&quot;,
1289,PR16,10,250.0,data/prokat/prokat_16_3.jpg,Костюм детский &quot;Метелица&quot;,Костюм детский &quot;Метелица&quot;,
1290,PR17,10,200.0,data/prokat/prokat_17_1.jpg,Костюм для девочки &quot;Ночь&quot; / &quot;Звездочка&quot;,Костюм для девочки &quot;Ночь&quot; / &quot;Звездочка&quot;,
1291,PR18,10,150.0,data/prokat/prokat_18_1.jpg,Костюм для утренника &quot;Снежинка&quot;,Костюм для утренника &quot;Снежинка&quot;,
1292,PR19,10,200.0,data/prokat/prokat_19_2.jpg,Костюм &quot;Буратино&quot;,Костюм &quot;Буратино&quot;,
1293,PR20,10,180.0,data/prokat/prokat_20_1.jpg,Костюм &quot;Эльф&quot; / &quot;Принц&quot; (без крыльев),Костюм &quot;Эльф&quot; / &quot;Принц&quot; (без крыльев),
1294,PR21,10,200.0,data/prokat/prokat_21_2.jpg,Костюм &quot;Пёс Артемон&quot;,Костюм &quot;Пёс Артемон&quot;,
1295,PR22,10,150.0,data/prokat/prokat_22_1.jpg,Костюм &quot;Национальный&quot;,Костюм &quot;Национальный&quot;,
1296,PR23,10,250.0,data/prokat/prokat_23_1.jpg,Костюм маскарадный &quot;Бэтмэн&quot;,Костюм маскарадный &quot;Бэтмэн&quot;,
1307,К85,777,110.0,data/tights_socks/K85.jpg,"Телесные чулки &quot;Für DICH&quot; (15 den), р. 1/2, 3/4. Код: К85","Телесные чулки &quot;Für DICH&quot; (15 den), р. 1/2, 3/4. Код: К85",
1309,К89,777,220.0,data/tights_socks/K89.jpg,"Колготки Innamore Cotton 150 den Nero, р.6. Код: K89","Колготки Innamore Cotton 150 den Nero, р.6. Код: K89",
1310,К90,777,220.0,data/tights_socks/K90_1.jpg,"Леггинсы Innamore Cotton 150 den Nero, р.3. Код: K90","Леггинсы Innamore Cotton 150 den Nero, р.3. Код: K90",
1311,К91,777,220.0,data/tights_socks/K91.jpg,"Леггинсы Incanto Cotton 150 den, р.3. Код: K91","Леггинсы Incanto Cotton 150 den, р.3. Код: K91",
1312,К92,777,190.0,data/tights_socks/K92.jpg,Колготки Интуиция 100 den Nero. Код: K92,Колготки Интуиция 100 den Nero. Код: K92,
2425,Ш2,777,1990.0,data/8 - shubki/Ш1-50/Ш2/Ш2_0_пудра.jpg,Эко шуба под шиншиллу цвета пудра. Код: Ш2,Эко шуба под шиншиллу цвета пудра. Код: Ш2,
1323,YT30,777,450.0,data/YourTouch/YT30.jpg,Бюстгальтер 70E на косточке &quot;Provocation&quot;,Бюстгальтер 70E на косточке &quot;Provocation&quot;,
2595,Б247,777,280.0,data/2 - bras_bralets/Б201-250/Б247_1.jpg,Черно-бежевый бюстик 85В гелевый пушап. Код: Б247,Черно-бежевый бюстик 85В гелевый пушап. Код: Б247,
3171,А13,777,210.0,data/6 - erotic/1-50/13_4.jpg,"Розовые эротические трусики &quot;Бантики&quot;, размер М. Код: А13","Розовые эротические трусики &quot;Бантики&quot;, размер М. Код: А13",
1333,Т288,77,90.0,data/trusiki/Т288_2.jpg,"Трусики стринги Calvin Klein, разные цвета. Код: Т288","Трусики стринги Calvin Klein, разные цвета. Код: Т288",
1334,Т252,77,70.0,data/trusiki/Т252_1.jpg,Белые трусики с кружевом сзади. Код: Т252,Белые трусики с кружевом сзади. Код: Т252,
1335,Т251,77,70.0,data/trusiki/Т251_1.jpg,Трусики американки гипюровые XL. Код: Т251,Трусики американки гипюровые XL. Код: Т251,
1336,Т250,77,55.0,data/trusiki/Т250_1.jpg,"Трусики с кружевной резинкой, р. М. Код: Т250","Трусики с кружевной резинкой, р. М. Код: Т250",
1337,Т249,77,55.0,data/trusiki/Т249_1.jpg,Трусики шортики XL. Код: Т249,Трусики шортики XL. Код: Т249,
1339,Т247,77,80.0,data/trusiki/Т247_1.jpg,Неоновые гипюровые шортики 85% хлопок. Код: Т247,Неоновые гипюровые шортики 85% хлопок. Код: Т247,
1347,Т238,77,65.0,data/trusiki/Т238_1.jpg,"Неоновые трусики-американки с гипюром, р.L. Код: Т238","Неоновые трусики-американки с гипюром, р.L. Код: Т238",
1348,Т237,77,85.0,data/trusiki/Т237_2.jpg,Бесшовные трусики джинсовый принт. Код: Т:237,Бесшовные трусики джинсовый принт. Код: Т:237,
2550,Л27,1,2100.0,data/9 - lingerie/Л27_0.jpg,Шикарное женское белье на заказ Украина. Код: Л27,Шикарное женское белье на заказ Украина. Код: Л27,
1884,Т233,777,70.0,data/trusiki/Т233.jpg,Трусики бедровка кружевная резинка. Т233,Трусики бедровка кружевная резинка. Т233,
1354,Т256,77,30.0,data/trusiki/Т256.jpg,Шортики &quot;Холодное сердце&quot; 5-8 лет. Код: Т256,Шортики &quot;Холодное сердце&quot; 5-8 лет. Код: Т256,
1355,Т257,77,30.0,data/trusiki/Т257.jpg,Трусики детские с кружевом на 6-7 лет. Код: Т257,Трусики детские с кружевом на 6-7 лет. Код: Т257,
1356,Т258,77,60.0,data/trusiki/Т258.jpg,Трусики-утяжка бесшовные х/б. Код: Т258,Трусики-утяжка бесшовные х/б. Код: Т258,
1357,Т259,77,60.0,data/trusiki/Т259_0.jpg,Черные трусики утяжка. Код: Т259,Черные трусики утяжка. Код: Т259,
1358,Т260,77,45.0,data/trusiki/Т260_1.jpg,Трусики бамбук р. 46-48 &quot;Розы&quot;. Код: Т260,Трусики бамбук р. 46-48 &quot;Розы&quot;. Код: Т260,
1359,С70,777,380.0,data/1 - sets/С51-100/С70_1.jpg,Корсетный комплект в чашке 85В. Код: С70,Корсетный комплект в чашке 85В. Код: С70,
2551,Л28,1,1600.0,data/9 - lingerie/Л28_0.jpg,Пошив на заказ ажурного женского боди. Код модели: Л28,Пошив на заказ ажурного женского боди. Код модели: Л28,
2475,С253,777,470.0,data/1 - sets/С251-300/С253_1.jpg,Комплект пуш-ап чашка 80В. Код: С253,Комплект пуш-ап чашка 80В. Код: С253,
2477,С254,777,470.0,data/1 - sets/С251-300/С254_6.jpg,Комплект пуш-ап чашка 85В. Код: С254,Комплект пуш-ап чашка 85В. Код: С254,
1366,С74,777,300.0,data/1 - sets/С51-100/С74_1.jpg,Коралловый комплект в чашке 85С. Код: С74,Коралловый комплект в чашке 85С. Код: С74,
2887,С73,777,520.0,data/1 - sets/С51-100/73_3.jpg,"Черный комплект эко-кожа со стрэпами, пушап 75В","Черный комплект эко-кожа со стрэпами, пушап 75В",
2888,С73,777,750.0,data/1 - sets/С51-100/73_1.jpg,"Красный комплект эко-кожа со стрэпами, пушап чашка 80В","Красный комплект эко-кожа со стрэпами, пушап чашка 80В",
1389,Б34,777,240.0,data/2 - bras_bralets/Б1-50/Б34.png,Красивый бюстгальтер Diorella в чашке 75Е. Код: Б34,Красивый бюстгальтер Diorella в чашке 75Е. Код: Б34,
3641,Б353,777,420.0,data/2 - bras_bralets/Б351-400/353_0.jpg,Бюстик пушап чашка В в 2х цветах. Код: Б353,Бюстик пушап чашка В в 2х цветах. Код: Б353,
1393,Б17,777,240.0,data/2 - bras_bralets/Б1-50/Б17_2.jpg,Бюстгальтер Diorella в чашке 75D. Код: Б17,Бюстгальтер Diorella в чашке 75D. Код: Б17,
1395,Б10,777,280.0,data/2 - bras_bralets/Б1-50/Б10_1.jpg,Бюстгальтер Diorella в чашке 100G. Код: Б10,Бюстгальтер Diorella в чашке 100G. Код: Б10,
1399,А118,777,105.0,data/6 - erotic/А101-150/A118_4.jpg,Эротический пеньюар. Код: А118,Эротический пеньюар. Код: А118,
2897,Б180,777,250.0,data/2 - bras_bralets/Б151-200/180_4.jpg,Черный бюстгальтер-бабочка (fly bra). Код: Б180,Черный бюстгальтер-бабочка (fly bra). Код: Б180,
1402,А35,777,130.0,data/a/A35.png,Эротические чулки сетка. Код: А35,Эротические чулки сетка. Код: А35,
1405,А122,777,250.0,data/a/A122.jpg,Соблазнительные чулки. Код: А122,Соблазнительные чулки. Код: А122,
2893,Б84,777,250.0,data/2 - bras_bralets/Б51-100/84_0.jpg,Серо-розовый бюстгальтер чашка 90С. Код: Б84,Серо-розовый бюстгальтер чашка 90С. Код: Б84,
2894,С81,777,649.0,data/1 - sets/С51-100/81_4.jpg,Женский боди чашка 90С черный. Код: С81,Женский боди чашка 90С черный. Код: С81,
2895,Б91,777,345.0,data/2 - bras_bralets/Б51-100/91_1.jpg,Бюстгальтер Weiyesi в чашке 100F. Код: Б91,Бюстгальтер Weiyesi в чашке 100F. Код: Б91,
1413,А129,777,380.0,data/a/A129_0.jpg,Голубой кружевной комплект белья. Код: А129,Голубой кружевной комплект белья. Код: А129,#N/A
1414,А129,777,380.0,data/a/A129_4.jpg,Черный кружевной комплект белья. Код: А129,Черный кружевной комплект белья. Код: А129,
1415,А128,777,240.0,data/a/A128_3.jpg,Кружевной комбидрес. Код: А128,Кружевной комбидрес. Код: А128,
1416,А126,777,420.0,data/a/A126_0.jpg,Обалденный малиновый комплект. Код: А126,Обалденный малиновый комплект. Код: А126,
1418,А126,777,420.0,data/a/A126_4.jpg,Черно-бежевый комплект в чашке 85B. Код: А126,Черно-бежевый комплект в чашке 85B. Код: А126,
1891,А127,777,250.0,data/a/A127_1.jpg,Черный эротический комплект. Код: А127,Черный эротический комплект. Код: А127,
1893,А131,777,220.0,data/a/А131_1.jpg,Эротический костюм. Код: А131,Эротический костюм. Код: А131,
1892,А130,777,260.0,data/a/А130_1.jpg,Эротический костюм. Код: А130,Эротический костюм. Код: А130,
3228,Б118,777,40.0,data/2 - bras_bralets/Б101-150/118_10.jpg,"Черные бретели 1,2 см. Код: Б118","Черные бретели 1,2 см. Код: Б118",
1505,С95,777,380.0,data/1 - sets/С51-100/95_5.jpg,"Молочный комплект нижнего белья, L, XL. Код: С95","Молочный комплект нижнего белья, L, XL. Код: С95",
1424,С82,777,350.0,data/1 - sets/С51-100/С82.jpg,"Сиреневый комплект белья, 80С. Код: С82","Сиреневый комплект белья, 80С. Код: С82",
2558,С60,777,480.0,data/1 - sets/С51-100/C60_7.jpg,Черный комплект в чашках В и С. Код: С60,Черный комплект в чашках В и С. Код: С60,
1425,С52,777,380.0,data/1 - sets/С51-100/С52_0.png,"Красный кружевной комплект, XL. Код: С52","Красный кружевной комплект, XL. Код: С52",
2549,Л26,1,1800.0,data/9 - lingerie/Л26_0.jpg,Эксклюзивное белье ручной работы Днепропетровск. Код: Л26,Эксклюзивное белье ручной работы Днепропетровск. Код: Л26,
2434,Д23,777,900.0,data/4 - pajamas/Д1-50/Д23_3.jpg,"Женский комплект термобелья Columbia, S, M, L, XL, 2XL. Код: Д23","Женский комплект термобелья Columbia, S, M, L, XL, 2XL. Код: Д23",
1429,YT37,777,340.0,data/YourTouch/YT37.jpg,"Красный бюстгальтер Your Touch, 70C","Красный бюстгальтер Your Touch, 70C",
3424,Т149,77,160.0,data/3 - panties/Т101-150/149_20.jpg,"Черные трусики бикини, M. Код: Т149","Черные трусики бикини, M. Код: Т149",
2547,Л24,1,1500.0,data/9 - lingerie/Л24_0.jpg,Кружевное белье на заказ Запорожье. Код модели: Л24,Кружевное белье на заказ Запорожье. Код модели: Л24,
1515,С109,777,450.0,data/1 - sets/С101-150/С109_1.jpg,Бордовый комплект белья в чашке 90C. Код: С109,Бордовый комплект белья в чашке 90C. Код: С109,
1642,С137,777,320.0,data/1 - sets/С101-150/С137_1.jpg,"Белый комплект белья, пуш-ап 80В. Код: С137","Белый комплект белья, пуш-ап 80В. Код: С137",
2618,Б5,777,210.0,data/2 - bras_bralets/Б1-50/Б5_1.jpg,"Хлопковые бюстики без косточек, чашка А. Код: Б5","Хлопковые бюстики без косточек, чашка А. Код: Б5",
1443,Т261,777,65.0,data/3 - panties/Т251-300/Т261.jpg,Трусы мужские 5XL  &quot;Quan Tian&quot;. Код: Т261,Трусы мужские 5XL  &quot;Quan Tian&quot;. Код: Т261,
1787,Б245,777,170.0,data/2 - bras_bralets/Б201-250/Б245_1.jpg,Белый ажурный бюстик 70А. Код: Б245,Белый ажурный бюстик 70А. Код: Б245,
1449,Т277,77,80.0,data/trusiki/Т277.jpg,Кружевные трусики-чаечки. Код: Т277,Кружевные трусики-чаечки. Код: Т277,
1883,Т254,77,30.0,data/trusiki/Т254_3.jpg,Трусики &quot;Ласточки&quot;. Код: Т254,Трусики &quot;Ласточки&quot;. Код: Т254,
1887,Т280s,77,75.0,data/trusiki/Т280_0.jpeg,Спортивные стринги XL (р. 46-48). Код: Т280s,Спортивные стринги XL (р. 46-48). Код: Т280s,
1455,Т283,77,30.0,data/trusiki/Т283.jpg,Детские трусики &quot;Покемоны&quot;. Код: Т283,Детские трусики &quot;Покемоны&quot;. Код: Т283,
1457,Т285,77,30.0,data/trusiki/Т285.jpg,Детские трусики-шорты &quot;Белоснежка&quot;. Код: Т285,Детские трусики-шорты &quot;Белоснежка&quot;. Код: Т285,
1458,Т286,77,30.0,data/trusiki/Т286_1.jpg,Трусики-шортики &quot;Даша&quot;. Код: Т286,Трусики-шортики &quot;Даша&quot;. Код: Т286,
1464,Т279,77,70.0,data/trusiki/Т279_3.jpg,Трусики бразильяны хлопок 44-46. Код: Т279,Трусики бразильяны хлопок 44-46. Код: Т279,
1466,Т270,77,38.0,data/trusiki/Т270.jpg,Трусики стринги &quot;Огородик&quot;. Код: Т270,Трусики стринги &quot;Огородик&quot;. Код: Т270,
1802,С165,777,380.0,data/1 - sets/С151-200/С165_1.jpg,Розовый комплект в цветочек чашка 80С. Код: С165,Розовый комплект в цветочек чашка 80С. Код: С165,
1468,С91,777,440.0,data/1 - sets/С51-100/91_4.jpg,Малиновый кружевной комплект белья. Код: С91,Малиновый кружевной комплект белья. Код: С91,
1470,С93,777,400.0,data/1 - sets/С51-100/93_5.jpg,Тёмно-синий кружевной комплект S. Код: С93,Тёмно-синий кружевной комплект S. Код: С93,
1471,С94,777,400.0,data/1 - sets/С51-100/94_5.jpg,"Комплект кружевного белья, L, XL. Код: С94","Комплект кружевного белья, L, XL. Код: С94",
1473,С96,777,380.0,data/1 - sets/С51-100/C96_4.jpg,"Комплект кружевного белья, M, L, XL. Код: С96","Комплект кружевного белья, M, L, XL. Код: С96",
2545,Л22,1,1900.0,data/9 - lingerie/Л22_0.jpg,Сексуальное женское белье Киев. Код модели: Л22,Сексуальное женское белье Киев. Код модели: Л22,
2546,Л23,1,2100.0,data/9 - lingerie/Л23_0.jpg,Пошив эротического женского белья Кривой Рог. Код модели: Л23,Пошив эротического женского белья Кривой Рог. Код модели: Л23,
2533,Л6,1,1900.0,data/9 - lingerie/Л6_1.jpg,Кружевной комплект белья ручной работы. Код модели: Л6,Кружевной комплект белья ручной работы. Код модели: Л6,
2915,Б99,777,599.0,data/2 - bras_bralets/Б51-100/99_1.jpg,Черный корсет Victoria\,Черный корсет Victoria\,
1477,Т1,777,100.0,data/trusy/Т1_3.jpg,"Боксёры мужские &quot;Emporio Armani&quot;, L. Код: Т1","Боксёры мужские &quot;Emporio Armani&quot;, L. Код: Т1",
3543,Б348,777,380.0,data/2 - bras_bralets/Б301-350/348_3.jpg,Бюстик на пуш-ап поролоне на чашку 85В. Код: Б348,Бюстик на пуш-ап поролоне на чашку 85В. Код: Б348,
2382,С84,777,480.0,data/1 - sets/С51-100/С84_1.jpg,Синий комплект в чашке 85B. Код: С84,Синий комплект в чашке 85B. Код: С84,
2358,Д6,777,450.0,data/4 - pajamas/Д1-50/Д6_пинк2.jpg,Велюровый пеньюар. Код: Д6,Велюровый пеньюар. Код: Д6,
2359,Д4,777,660.0,data/4 - pajamas/Д1-50/Д4_бордо.jpg,"Велюровый халат в английском стиле, бордо. Код: Д4","Велюровый халат в английском стиле, бордо. Код: Д4",
2360,Д4,777,660.0,data/4 - pajamas/Д1-50/Д4_пинк2.jpg,"Велюровый халат в английском стиле, пинк. Код: Д4","Велюровый халат в английском стиле, пинк. Код: Д4",
2379,Д2,777,450.0,data/4 - pajamas/Д1-50/Д2_красный.jpg,Велюровая пижама красного цвета. Код: Д2,Велюровая пижама красного цвета. Код: Д2,
2373,Д2,777,450.0,data/4 - pajamas/Д1-50/Д2_черн_мрамор.jpg,Черная велюровая пижама. Код: Д2,Черная велюровая пижама. Код: Д2,
2374,Д2,777,450.0,data/4 - pajamas/Д1-50/Д2_терракот.jpg,Велюровая пижама терракот. Код: Д2,Велюровая пижама терракот. Код: Д2,
1729,Б223,777,190.0,data/2 - bras_bralets/Б201-250/Б223_6.jpg,Гладкий белый балконет с пуш-ап чашкой 70А. Код: Б223,Гладкий белый балконет с пуш-ап чашкой 70А. Код: Б223,
1552,С117,777,350.0,data/1 - sets/С101-150/С117_5.jpg,"Женский комплект Tommy Hilfiger, L. Код: С117","Женский комплект Tommy Hilfiger, L. Код: С117",
1509,С105,777,450.0,data/1 - sets/С101-150/105_21.jpg,Темно-синий кружевной комплект в чашке 75B. Код: С105,Темно-синий кружевной комплект в чашке 75B. Код: С105,
2467,Б340,777,350.0,data/2 - bras_bralets/Б301-350/Б340_0.jpg,"Бралетт цвета бордо на косточке, L. Код: Б340","Бралетт цвета бордо на косточке, L. Код: Б340",
3320,Д42,777,900.0,data/4 - pajamas/Д1-50/42_1.jpg,"Велюровый костюм брюки и джерси, S. Код: Д42","Велюровый костюм брюки и джерси, S. Код: Д42",
3174,А13,777,210.0,data/6 - erotic/1-50/13_2.jpg,"Трусики с открытым доступом &quot;Бантики&quot;, красные. Код: А13","Трусики с открытым доступом &quot;Бантики&quot;, красные. Код: А13",
1565,С114,777,350.0,data/1 - sets/С101-150/С114_1.jpg,"Комплект Calvin Klein Intense, S. Код: С114","Комплект Calvin Klein Intense, S. Код: С114",
2534,Л7,1,1900.0,data/9 - lingerie/Л7_0.jpg,Шикарное женское белье Украина. Код модели: Л7,Шикарное женское белье Украина. Код модели: Л7,
2518,Д29,777,185.0,data/4 - pajamas/Д1-50/Д29_фуксия_611.jpg,Атласная пижамка цвета фуксия. Код: Д29,Атласная пижамка цвета фуксия. Код: Д29,
2517,Д29,777,185.0,data/4 - pajamas/Д1-50/Д29_терракот_611.jpg,Атласная пижамка терракот: майка и шортики. Код: Д29,Атласная пижамка терракот: майка и шортики. Код: Д29,
1518,С113,777,420.0,data/1 - sets/С101-150/С113.jpg,Молочный комплект белья в чашке 90С. Код: С113,Молочный комплект белья в чашке 90С. Код: С113,
2243,С276,777,435.0,data/1 - sets/С251-300/С276_0.jpg,Комплект чашка В трансформер. Код: С276,Комплект чашка В трансформер. Код: С276,
2242,Б177,777,230.0,data/2 - bras_bralets/Б151-200/Б177_45.jpg,Бежевый лиф для кормящих в чашке С. Код: Б177,Бежевый лиф для кормящих в чашке С. Код: Б177,
2553,Л30,1,1900.0,data/9 - lingerie/Л30_2.jpg,Ручная работа - топовый комплект с поясом для чулок. Код: Л30,Ручная работа - топовый комплект с поясом для чулок. Код: Л30,
2552,Л29,1,1900.0,data/9 - lingerie/Л29_0.jpg,Кружевной комплект белья Ирпень. Код модели: Л29,Кружевной комплект белья Ирпень. Код модели: Л29,
2548,Л25,1,1800.0,data/9 - lingerie/Л25_0.jpg,Женский кружевной комплект на заказ Львов. Код модели: Л25,Женский кружевной комплект на заказ Львов. Код модели: Л25,
1525,Б204,777,280.0,data/2 - bras_bralets/Б201-250/204_3.jpg,Молочный ажурный бралетт L. Код: Б204,Молочный ажурный бралетт L. Код: Б204,
1555,Т289,77,65.0,data/trusy/Т289_1.jpg,Трусики коттоновые с кружевом сверху. Код: Т289,Трусики коттоновые с кружевом сверху. Код: Т289,
2424,Ш2,777,1990.0,data/8 - shubki/Ш1-50/Ш2/Ш2_0_серый.jpg,Экошуба средней длины под шиншиллу. Код: Ш2,Экошуба средней длины под шиншиллу. Код: Ш2,
1562,Б206,777,200.0,data/2 - bras_bralets/Б201-250/Б206_3.png,Бюстгальтер с силиконовой спинкой 80В. Код: Б206,Бюстгальтер с силиконовой спинкой 80В. Код: Б206,
1779,С150,777,400.0,data/1 - sets/С101-150/С150_2.png,"Комплект с литым бюстом в чашке 75В, цвет черный","Комплект с литым бюстом в чашке 75В, цвет черный",
2423,Ш2,777,1990.0,data/8 - shubki/Ш1-50/Ш2/Ш2_0_черный.jpg,Шубка средней длины под шиншиллу. Код: Ш2,Шубка средней длины под шиншиллу. Код: Ш2,
2421,Ш1,777,1850.0,data/8 - shubki/Ш1-50/Ш1/Ш1_0_серый.jpg,Шикарный серый полушубок с капюшоном. Код: Ш1,Шикарный серый полушубок с капюшоном. Код: Ш1,
2831,С261,777,520.0,data/1 - sets/С251-300/261_4.jpg,Черный комплект чашка С. Код: С261,Черный комплект чашка С. Код: С261,
2403,Д23,777,900.0,data/4 - pajamas/Д1-50/Д23_1.jpg,"Мужское термобелье Columbia, S, M, L, XL, 2XL. Код: Д23","Мужское термобелье Columbia, S, M, L, XL, 2XL. Код: Д23",
2404,Д23,777,900.0,data/4 - pajamas/Д1-50/Д23_0.jpg,"Мужское термобелье Columbia батал 3XL, 4XL, 5XL, 6XL. Код: Д23","Мужское термобелье Columbia батал 3XL, 4XL, 5XL, 6XL. Код: Д23",
2405,Д24,777,359.0,data/4 - pajamas/Д1-50/Д24_2.jpg,Мужские термо-кальсоны (подштанники) Calvin Klein. Код: Д24,Мужские термо-кальсоны (подштанники) Calvin Klein. Код: Д24,
2406,Д25,777,450.0,data/4 - pajamas/Д1-50/Д25_1.jpg,Мужские зимние подштанники Tommy Hilfiger. Код: Д25,Мужские зимние подштанники Tommy Hilfiger. Код: Д25,
2414,Ш3,777,1650.0,data/8 - shubki/Ш1-50/Ш3/Ш3_3_черный.jpg,Короткая черная шуба &quot;авто-леди&quot;. Код: Ш3,Короткая черная шуба &quot;авто-леди&quot;. Код: Ш3,
2407,Т44,777,200.0,data/3 - panties/Т1-50/Т44_1.jpg,"Трусы семейные Calvin Klein, 2XL. Код: Т44","Трусы семейные Calvin Klein, 2XL. Код: Т44",
2415,Ш3,777,1650.0,data/8 - shubki/Ш1-50/Ш3/Ш3_0_сирен.jpg,Шубка с капюшоном &quot;авто-леди&quot;. Код: Ш3,Шубка с капюшоном &quot;авто-леди&quot;. Код: Ш3,
2416,Ш3,777,1650.0,data/8 - shubki/Ш1-50/Ш3/Ш3_0_беж.jpg,Бежевая шубка с капюшоном &quot;Автоледи&quot;. Код: Ш3,Бежевая шубка с капюшоном &quot;Автоледи&quot;. Код: Ш3,
2417,Ш3,777,1650.0,data/8 - shubki/Ш1-50/Ш3/Ш3_0_серый.JPG,Серая шубка с капюшоном &quot;Автоледи&quot;. Код: Ш3,Серая шубка с капюшоном &quot;Автоледи&quot;. Код: Ш3,
2418,Ш5,777,1800.0,data/8 - shubki/Ш1-50/Ш5/Ш5_0_черн.jpg,"Полушубок без капюшона, два цвета. Код: Ш5","Полушубок без капюшона, два цвета. Код: Ш5",
1549,С59,777,350.0,data/sets_of_underwear/С59_5.png,Корсетный комплект в чашке 90С. Код: С59,Корсетный комплект в чашке 90С. Код: С59,
2422,Ш2,777,1990.0,data/8 - shubki/Ш1-50/Ш2/Ш2_0_белый.jpg,Шуба средней длины под шиншиллу. Код: Ш2,Шуба средней длины под шиншиллу. Код: Ш2,
3418,Т35,77,280.0,data/3 - panties/Т1-50/35_16.jpg,"Трусики-утяжки высокие, два цвета. Код: Т35","Трусики-утяжки высокие, два цвета. Код: Т35",
2989,С163,777,480.0,data/1 - sets/С151-200/163.jpg,Комплект бордо мягкая чашка 80С. Код: С163,Комплект бордо мягкая чашка 80С. Код: С163,
3160,Б75,777,400.0,data/2 - bras_bralets/Б51-100/75_2.jpg,"Бюстик на поролоне чашка 85D, молочный. Код: Б75","Бюстик на поролоне чашка 85D, молочный. Код: Б75",
2556,Л19,1,1900.0,data/9 - lingerie/Л19_2.jpg,Красный кружевной комплект с перьями. Код: Л19,Красный кружевной комплект с перьями. Код: Л19,
2554,Л8,1,1900.0,data/9 - lingerie/Л8_4.jpg,Кружевное белье ручной работы Херсон. Код: Л8,Кружевное белье ручной работы Херсон. Код: Л8,
2555,Л14,1,1800.0,data/9 - lingerie/Л14_2.jpg,Пошив кружевного белья на заказ Черкассы. Код: Л14,Пошив кружевного белья на заказ Черкассы. Код: Л14,
3177,А15,777,210.0,data/6 - erotic/1-50/15_0.jpg,"Красные трусики эротические с бусинами, XL. Код: А15","Красные трусики эротические с бусинами, XL. Код: А15",
3213,С281,777,460.0,data/1 - sets/С251-300/С281.jpg,Черный комплект без косточек чашка 85В. Код: С281,Черный комплект без косточек чашка 85В. Код: С281,
2927,Т53,77,90.0,data/3 - panties/Т51-100/53_0.jpg,"Трусики, ХL, 2ХL, 3ХL, 4ХL. Код: Т53","Трусики, ХL, 2ХL, 3ХL, 4ХL. Код: Т53",
1579,Т293,77,210.0,data/3 - panties/Т251-300/293_1.jpg,Бежевые утягивающие стринги 4XL. Код: Т293,Бежевые утягивающие стринги 4XL. Код: Т293,
1580,Т294,77,130.0,data/3 - panties/Т251-300/Т294_1.jpg,Качественные черные хлопковые трусики XL. Код: Т294,Качественные черные хлопковые трусики XL. Код: Т294,
1864,Т296,77,120.0,data/trusiki/Т296_1.jpg,Кружевные трусики стринги. Код: Т296,Кружевные трусики стринги. Код: Т296,
1811,Т316,777,80.0,data/3 - panties/Т301-350/Т316_0.jpg,"Трусики бикини 44, 46, 48. Код: Т316","Трусики бикини 44, 46, 48. Код: Т316",
1733,Т312,77,159.0,data/trusiki/Т312_1.jpg,"Хлопковые трусики с кружевом Jasmine Elise, р.М. Код: Т312","Хлопковые трусики с кружевом Jasmine Elise, р.М. Код: Т312",
2520,Д29,777,185.0,data/4 - pajamas/Д1-50/Д29_малина_611.jpg,Малиновая атласная пижамка: майка и шортики. Код: Д29,Малиновая атласная пижамка: майка и шортики. Код: Д29,
1967,Б266,777,345.0,data/2 - bras_bralets/Б251-300/Б266.jpg,Бюстгальтер без поролона чашка 80D. Код: Б266,Бюстгальтер без поролона чашка 80D. Код: Б266,
2516,Д9,777,395.0,data/4 - pajamas/Д1-50/Д9_розов.jpg,"Пеньюар нежно-розового цвета, 44-46 р. Код: Д9","Пеньюар нежно-розового цвета, 44-46 р. Код: Д9",
1588,Т297,77,120.0,data/trusiki/Т297_1.jpg,Трусики бразилианы с кружевом. Код: Т297,Трусики бразилианы с кружевом. Код: Т297,
1589,Т298,77,110.0,data/trusiki/Т298_1.jpg,Молодежные стринги с кружевом впереди. Код: Т298,Молодежные стринги с кружевом впереди. Код: Т298,
1590,Т299,77,120.0,data/trusiki/Т299_2.jpg,Молодежные трусики стринги. Код: Т299,Молодежные трусики стринги. Код: Т299,
1865,Т318,77,80.0,data/trusiki/Т318.jpg,Бесшовные трусики микрофибра. Код: Т318,Бесшовные трусики микрофибра. Код: Т318,
1717,Т300,77,120.0,data/trusiki/Т300_2.jpg,Трусики американки. Код: Т300,Трусики американки. Код: Т300,
1718,Т302,77,140.0,data/trusiki/Т302_1.jpg,Превосходные кружевные трусики 3XL. Код: Т302,Превосходные кружевные трусики 3XL. Код: Т302,
3305,С221,777,400.0,data/1 - sets/С201-250/221_7.jpg,"Комплект в рубчик цвета пудра, L. Код: С221","Комплект в рубчик цвета пудра, L. Код: С221",
1594,С126,777,290.0,data/1 - sets/С101-150/С126_1.jpg,Очаровательный черный комплект в чашке В. Код: С126,Очаровательный черный комплект в чашке В. Код: С126,
2557,Л20,1,1600.0,data/9 - lingerie/Л20_2.jpg,"Модный купальник ручной работы, любой цвет. Код: Л20","Модный купальник ручной работы, любой цвет. Код: Л20",
1597,С127,777,450.0,data/1 - sets/С101-150/С127_1.jpg,Прелестные бралетт и трусики-шорты. Код: С127,Прелестные бралетт и трусики-шорты. Код: С127,
1598,С127,777,450.0,data/1 - sets/С101-150/127_9.jpg,Комплект: бралетт и трусики-шорты. Код: С127,Комплект: бралетт и трусики-шорты. Код: С127,
1600,Т303,77,120.0,data/trusiki/Т303_1.jpg,Молодежные трусики XL. Код: Т303,Молодежные трусики XL. Код: Т303,
1607,Б212,777,220.0,data/2 - bras_bralets/Б201-250/Б212.jpg,Гладкий черный бюстик в чашке 95D. Код: Б212,Гладкий черный бюстик в чашке 95D. Код: Б212,
1609,Б214,777,180.0,data/2 - bras_bralets/Б201-250/Б214.jpg,КРАСНЫЙ бюстик в чашке 70А. Код: Б214,КРАСНЫЙ бюстик в чашке 70А. Код: Б214,
2572,Б181,777,170.0,data/2 - bras_bralets/Б151-200/Б181_0.jpg,Бюстгальтер для кормящих в чашке 70С и 70D. Код: Б181,Бюстгальтер для кормящих в чашке 70С и 70D. Код: Б181,
2576,Д34,777,450.0,data/4 - pajamas/Д1-50/Д34_пинк2.jpg,Велюровая пижама: футболка и шорты. Код: Д34,Велюровая пижама: футболка и шорты. Код: Д34,
2577,Д32,777,370.0,data/4 - pajamas/Д1-50/Д32_красн_634.jpg,Красный велюровые майка и шорты. Код: Д32,Красный велюровые майка и шорты. Код: Д32,
1615,Б163,777,170.0,data/2 - bras_bralets/Б151-200/Б163_1.jpg,"Бюстик в чашке 70A, белый. Код: Б163","Бюстик в чашке 70A, белый. Код: Б163",
1622,Т19,77,70.0,data/trusiki/Т19_5.jpg,"Красные трусики, р. M. Код: Т19","Красные трусики, р. M. Код: Т19",
2525,Б301,777,230.0,data/2 - bras_bralets/Б301-350/Б301.jpg,Гладкий белый бюстик на пушапе чашка 85В. Код: Б301,Гладкий белый бюстик на пушапе чашка 85В. Код: Б301,
1635,Т306,777,65.0,data/trusy/Т306.jpg,"Боксерки хлопок р.L, XL, 2XL, 3XL. Код: Т306","Боксерки хлопок р.L, XL, 2XL, 3XL. Код: Т306",
1636,Б220,777,30.0,data/bras/Б60_3.jpg,Бретели  силиконовые (прозрачные) 10 мм. Код: Б220,Бретели  силиконовые (прозрачные) 10 мм. Код: Б220,#N/A
1639,С136,777,420.0,data/1 - sets/С101-150/С136_36.jpg,Хит! Комплект черного цвета в чашке 85В. Код: С136,Хит! Комплект черного цвета в чашке 85В. Код: С136,
3179,А16,777,210.0,data/6 - erotic/1-50/16_0.jpg,"Красные трусики эротические &quot;Ромашки&quot;, М. Код: А16","Красные трусики эротические &quot;Ромашки&quot;, М. Код: А16",
1641,С84,777,480.0,data/1 - sets/С51-100/С84_9.jpg,Черный комплект белья в чашке 85B. Код: С84,Черный комплект белья в чашке 85B. Код: С84,
1734,Т313,77,179.0,data/trusiki/Т313_1.jpg,"Кружевные шорты Jasmine Promice, M. Код: Т313","Кружевные шорты Jasmine Promice, M. Код: Т313",
1731,Б228,777,270.0,data/2 - bras_bralets/Б201-250/Б228_1.jpg,Бордовый литой бюст без косточек в чашке 80В. Код: Б228,Бордовый литой бюст без косточек в чашке 80В. Код: Б228,
1652,Б224,777,210.0,data/2 - bras_bralets/Б201-250/Б224_1.jpg,Бежевый гладкий балконет пуш-ап 80В. Код: Б224,Бежевый гладкий балконет пуш-ап 80В. Код: Б224,
2647,С278,777,480.0,data/1 - sets/С251-300/278_4.jpg,Белый комплект пушап чашка 85В. Код: С278,Белый комплект пушап чашка 85В. Код: С278,
3004,С131,777,1550.0,data/1 - sets/С101-150/131_1.jpg,"Эротический комплект цвета бордо, XL (85В). Код: С131","Эротический комплект цвета бордо, XL (85В). Код: С131",
1662,Б232,777,240.0,data/bras/Б232_1.jpg,Черный бюст с пуш-ап чашкой 100D (4-ка). Код: Б232,Черный бюст с пуш-ап чашкой 100D (4-ка). Код: Б232,
1663,Б233,777,240.0,data/bras/Б233_1.jpg,Красный ажурный бюстгальтер в чашке 85D. Код: Б233,Красный ажурный бюстгальтер в чашке 85D. Код: Б233,
1743,Т186,77,159.0,data/trusiki/Т186_2.jpg,"Трусики стринги Jasmine Fantasy, М. Код: Т186","Трусики стринги Jasmine Fantasy, М. Код: Т186",
1665,Т308,77,159.0,data/trusiki/Т308_1.jpg,"Красные трусики-бразилиан Jasmine Jemima, S. Код: Т308","Красные трусики-бразилиан Jasmine Jemima, S. Код: Т308",
1666,Б234,777,399.0,data/2 - bras_bralets/Б201-250/234_1.jpg,Красный ажурный бралетт Jasmine JANN 75В. Код: Б234,Красный ажурный бралетт Jasmine JANN 75В. Код: Б234,
1670,С140,777,480.0,data/1 - sets/С101-150/С140_1.jpg,Молочный женский комплект в чашке D. Код: С140,Молочный женский комплект в чашке D. Код: С140,
1680,С142,777,450.0,data/1 - sets/С101-150/142_4.jpg,Молочный литой комплект в чашке 85В. Код: С142,Молочный литой комплект в чашке 85В. Код: С142,
1683,Б236,777,220.0,data/2 - bras_bralets/Б201-250/236_10.jpg,Черный гладкий бюстик в чашке 85С. Код: Б236,Черный гладкий бюстик в чашке 85С. Код: Б236,
1685,Б236,777,290.0,data/2 - bras_bralets/Б201-250/Б236_4.jpg,Бордовый гладкий бюст в чашке 80С. Код: Б236,Бордовый гладкий бюст в чашке 80С. Код: Б236,
1686,Б237,777,235.0,data/2 - bras_bralets/Б201-250/237_7.jpg,Бежевый бюстик мягкая чашка 95F. Код: Б237,Бежевый бюстик мягкая чашка 95F. Код: Б237,
1687,Б238,777,300.0,data/2 - bras_bralets/Б201-250/Б238_4.jpg,"Бюстгальтер в чашке 90Е, черный. Код: Б238","Бюстгальтер в чашке 90Е, черный. Код: Б238",
1688,С103,777,260.0,data/1 - sets/С101-150/С103_0.jpg,"Комплект реплика Calvin Klein, размер L. Код: С103","Комплект реплика Calvin Klein, размер L. Код: С103",
2375,Д2,777,450.0,data/4 - pajamas/Д1-50/Д2_черн_бел.jpg,Черная пижама с белым кружевом. Код: Д2,Черная пижама с белым кружевом. Код: Д2,
2376,Д2,777,450.0,data/4 - pajamas/Д1-50/Д2_пинк3.jpg,Пижама велюровая пинк мрамор. Код: Д2,Пижама велюровая пинк мрамор. Код: Д2,
2377,Д2,777,450.0,data/4 - pajamas/Д1-50/Д2_пинк4.jpg,Пижама пинк с черным кружевом. Код: Д2,Пижама пинк с черным кружевом. Код: Д2,
1699,Д13,777,290.0,data/4 - pajamas/Д1-50/Д13_роз.jpg,Атласная розовая пижамка: майка и шорты. Код: Д13,Атласная розовая пижамка: майка и шорты. Код: Д13,
3020,С200,777,560.0,data/1 - sets/С151-200/200.jpg,Черный комплект без косточек чашка 85В. Код: С200,Черный комплект без косточек чашка 85В. Код: С200,
2352,Д5,777,250.0,data/4 - pajamas/Д1-50/Д5_серсин.jpg,Велюровое женское платье цвет серо-синий. Код: Д5,Велюровое женское платье цвет серо-синий. Код: Д5,
1702,Д13,777,290.0,data/4 - pajamas/Д1-50/Д13_свсин.jpg,Атласная светло-синяя пижамка. Код: Д13,Атласная светло-синяя пижамка. Код: Д13,
2363,Д1,777,650.0,data/4 - pajamas/Д1-50/Д1_горох.jpg,Велюровый халат в горох. Код: Д1,Велюровый халат в горох. Код: Д1,
2355,Д9,777,395.0,data/4 - pajamas/Д1-50/Д9_черн.jpg,"Пеньюар с французским кружевом, 44-46 р. Код: Д9","Пеньюар с французским кружевом, 44-46 р. Код: Д9",
2575,Д10,777,280.0,data/4 - pajamas/Д1-50/Д10_черн_роз_борт.jpg,Черно-розовый шифоновый халат-кимоно. Код: Д10,Черно-розовый шифоновый халат-кимоно. Код: Д10,
2530,Л3,1,2200.0,data/9 - lingerie/Л3_2.jpg,Пошив женского белья Кривой Рог. Код модели: Л3,Пошив женского белья Кривой Рог. Код модели: Л3,
1710,Б240,777,190.0,data/2 - bras_bralets/Б201-250/Б240_1.jpg,"Белый ажурный бюст с гелевым пушем, 90С","Белый ажурный бюст с гелевым пушем, 90С",
1711,Б240,777,190.0,data/2 - bras_bralets/Б201-250/Б240_2.jpg,"Черный ажурный бюст с гелевым пуш-ап, чашка С","Черный ажурный бюст с гелевым пуш-ап, чашка С",
2589,Б291,777,350.0,data/2 - bras_bralets/Б251-300/Б291_1.jpg,"Бюст Weiyesi в чашке 85D, бордо. Код: Б291","Бюст Weiyesi в чашке 85D, бордо. Код: Б291",
3144,С320,777,520.0,data/1 - sets/С301-350/320_0.JPG,Черно-бежевый комплект чашка С. Код: С320,Черно-бежевый комплект чашка С. Код: С320,
2928,Т55,77,90.0,data/3 - panties/Т51-100/55_0.jpg,"Трусики женские LAVOLLE, 3XL, 4XL, 5XL. Код: Т55","Трусики женские LAVOLLE, 3XL, 4XL, 5XL. Код: Т55",
2925,С104,777,350.0,data/1 - sets/С101-150/104_0.jpg,"Белый коттоновый комплект: топ и стринги, размер L. Код: С104","Белый коттоновый комплект: топ и стринги, размер L. Код: С104",
1716,Т301,77,180.0,data/3 - panties/Т301-350/301_1.jpg,"Белые кружевные трусики шорты, М. Код: Т301","Белые кружевные трусики шорты, М. Код: Т301",
1730,Б223,777,190.0,data/2 - bras_bralets/Б201-250/Б223_1.jpg,Гладкий черный балконет с пуш-ап чашкой 75А. Код: Б223,Гладкий черный балконет с пуш-ап чашкой 75А. Код: Б223,
1735,Т314,77,250.0,data/3 - panties/Т301-350/314_1.jpg,Кружевные стринги Jasmine Poetic. Код: Т314,Кружевные стринги Jasmine Poetic. Код: Т314,
1736,Т315,77,250.0,data/3 - panties/Т301-350/315_1.jpg,Трусики бразильяны Jasmine Divine. Код: Т315,Трусики бразильяны Jasmine Divine. Код: Т315,
1737,Т175,77,169.0,data/trusiki/Т175_5.jpg,Трусики бразилиан Jasmine Flirt. Код: Т175,Трусики бразилиан Jasmine Flirt. Код: Т175,
1752,С164,777,380.0,data/sets_of_underwear/С164_3.jpg,Светло-серый комплект в чашке 80В. Код: С164,Светло-серый комплект в чашке 80В. Код: С164,
3118,Т290,77,120.0,data/3 - panties/Т251-300/290_0.jpg,"Бесшовные трусики стринги, XL, 2XL. Код: Т290","Бесшовные трусики стринги, XL, 2XL. Код: Т290",
1754,С162,777,370.0,data/1 - sets/С151-200/С162_1.jpg,Комплект цвета бордо в чашке 85В. Код: С162,Комплект цвета бордо в чашке 85В. Код: С162,
2473,С240,777,430.0,data/1 - sets/С201-250/С240_16.jpg,"Комплект с бралеттом без косточки, XL. Код: С240","Комплект с бралеттом без косточки, XL. Код: С240",
1756,С161,777,460.0,data/1 - sets/С151-200/С161_1.jpg,Черно-бежевый комплект с дышащей чашкой 85В. Код: С161,Черно-бежевый комплект с дышащей чашкой 85В. Код: С161,
2571,Б176,777,250.0,data/2 - bras_bralets/Б151-200/Б176_0.jpg,Бюстгальтер для кормящих мам пудра чашка 90С. Код: Б176,Бюстгальтер для кормящих мам пудра чашка 90С. Код: Б176,
1758,С160,777,455.0,data/1 - sets/С151-200/С160_3.jpg,Черный комплект в чашке 75С. Код: С160,Черный комплект в чашке 75С. Код: С160,
3003,С131,777,1550.0,data/1 - sets/С101-150/131_0.jpg,"Черный эротический комплект, размер М. Код: С131","Черный эротический комплект, размер М. Код: С131",
2385,Т394,77,160.0,data/3 - panties/Т351-400/394_6.jpg,"Красные трусики бикини, М. Код: Т394","Красные трусики бикини, М. Код: Т394",
1761,С157,777,420.0,data/1 - sets/С151-200/С157_1.JPG,Комплект в пуш-ап чашке 80С. Код: С157,Комплект в пуш-ап чашке 80С. Код: С157,
2985,С151,777,520.0,data/1 - sets/С151-200/151_0.jpg,Красивый черный комплект чашка 85В. Код: С151,Красивый черный комплект чашка 85В. Код: С151,
2449,Т376,77,160.0,data/3 - panties/Т351-400/Т376.jpg,"Cтринги с камушком, два цвета. Код: Т376","Cтринги с камушком, два цвета. Код: Т376",
1766,С153,777,400.0,data/1 - sets/С151-200/С153_1.jpg,Черный комплект в чашке 85В. Код: С153,Черный комплект в чашке 85В. Код: С153,
2388,Б336,777,265.0,data/2 - bras_bralets/Б301-350/Б336.jpg,Шикарный бюстгальтер чашка 85В. Код: Б336,Шикарный бюстгальтер чашка 85В. Код: Б336,
2871,С69,777,670.0,data/1 - sets/С51-100/C69_4.jpg,Черный ажурный комплект с поясом для чулок. Код: С69,Черный ажурный комплект с поясом для чулок. Код: С69,
3159,Б98,777,390.0,data/2 - bras_bralets/Б51-100/98_10.jpg,Молочный бюстик анжелика чашка 80С. Код: Б98,Молочный бюстик анжелика чашка 80С. Код: Б98,
3316,С3,777,540.0,data/1 - sets/С1-50/C3_10.jpg,Шоколадный комплект чашка 80C на поролоне. Код: С3,Шоколадный комплект чашка 80C на поролоне. Код: С3,
2519,Д29,777,185.0,data/4 - pajamas/Д1-50/Д29_персик_611.jpg,Атласная персиковая пижамка: майка и шортики. Код: Д29,Атласная персиковая пижамка: майка и шортики. Код: Д29,
1772,С107,777,480.0,data/1 - sets/С101-150/С107_5.jpeg,Красивый комплект пуш-ап 85В. Код: С107,Красивый комплект пуш-ап 85В. Код: С107,
1773,С147,777,480.0,data/1 - sets/С101-150/С147_1.jpg,Комплект балконет с пуш-ап чашкой С. Код: С147,Комплект балконет с пуш-ап чашкой С. Код: С147,
1775,С148,777,450.0,data/1 - sets/С101-150/С148_1.jpg,ЧЕРНЫЙ комплект анжелика 85С. Код: С148,ЧЕРНЫЙ комплект анжелика 85С. Код: С148,
1780,С150,777,400.0,data/1 - sets/С101-150/С150_1.png,"Комплект с литым бюстом в чашке 85В, цвет белый","Комплект с литым бюстом в чашке 85В, цвет белый",
1781,С150,777,400.0,data/1 - sets/С101-150/С150_3.png,"Комплект с литым бюстом в чашке 85В, цвет кремовый","Комплект с литым бюстом в чашке 85В, цвет кремовый",
1783,С98,777,380.0,data/1 - sets/С51-100/С98_4.jpg,"Комплект цвета капучино, пуш-ап чашка 80С. Код: С98","Комплект цвета капучино, пуш-ап чашка 80С. Код: С98",
1788,Б244,777,210.0,data/2 - bras_bralets/Б201-250/Б244_1.jpg,Белый бюстик застежка спереди 80С. Код: Б244,Белый бюстик застежка спереди 80С. Код: Б244,
1789,Б207,777,190.0,data/2 - bras_bralets/Б201-250/Б207_1.jpg,Бюстгальтер тонкий поролон 85С. Код: Б207,Бюстгальтер тонкий поролон 85С. Код: Б207,
2017,С154,777,450.0,data/1 - sets/С151-200/154_5.jpg,Кружевной комплект XL бралетт и трусики. Код: С154,Кружевной комплект XL бралетт и трусики. Код: С154,
2389,Б338,777,250.0,data/2 - bras_bralets/Б301-350/Б338.jpg,Бежевый бюстик пуш-ап чашка 85В. Код: Б338,Бежевый бюстик пуш-ап чашка 85В. Код: Б338,
1795,К96,777,150.0,data/tights_socks/К96.jpg,Тёплые бесшовные лосины с широким поясом. Код: К96,Тёплые бесшовные лосины с широким поясом. Код: К96,
1794,К75,777,370.0,data/jeggings/K75_2.jpg,Джеггинсы с карманами. Код: К75.,Джеггинсы с карманами. Код: К75.,
1797,К98,777,370.0,data/tights_socks/К98_1.jpg,"Джеггинсы (джинсы стрейч), р.L. Код: К98","Джеггинсы (джинсы стрейч), р.L. Код: К98",
1796,К97,777,370.0,data/tights_socks/K97.jpg,"Женские стрейчевые брюки, р.48. Код: К97","Женские стрейчевые брюки, р.48. Код: К97",
1798,К99,777,330.0,data/tights_socks/К99_1.jpg,Женские джинсы стрейчевые однотонные. Код: К99,Женские джинсы стрейчевые однотонные. Код: К99,
2524,Т304,777,120.0,data/3 - panties/Т301-350/Т304.jpg,"Трусики стринги с высокой талией, M. Код: Т304","Трусики стринги с высокой талией, M. Код: Т304",
3396,Б3,777,370.0,data/2 - bras_bralets/Б1-50/3_23.jpg,Красный бюстик без косточки чашка 80В. Код: Б3,Красный бюстик без косточки чашка 80В. Код: Б3,
1822,С87,777,400.0,data/1 - sets/С51-100/87_14.jpg,"Черный комплект с гелевым пушем, чашка 85B. Код: С87","Черный комплект с гелевым пушем, чашка 85B. Код: С87",
1823,С167,777,445.0,data/1 - sets/С151-200/С167_4.jpg,Черный комплект с корректором в чашке 85B. Код: С167,Черный комплект с корректором в чашке 85B. Код: С167,
1825,С171,777,440.0,data/1 - sets/С151-200/С171_1.jpg,Литой ажурный комплект без косточки 80В. Код: С171,Литой ажурный комплект без косточки 80В. Код: С171,
1826,С171,777,440.0,data/1 - sets/С151-200/С171_3.jpg,Красный ажурный комплект без косточки в чашке 75В. Код: С171,Красный ажурный комплект без косточки в чашке 75В. Код: С171,
2522,Т330,77,85.0,data/3 - panties/Т301-350/Т330_0.jpg,"Трусики х/б бразильяна, L. Код: Т330","Трусики х/б бразильяна, L. Код: Т330",
2521,Т372,77,85.0,data/3 - panties/Т351-400/Т372_4.jpg,"Трусики американка бесшовные, M. Код: Т372","Трусики американка бесшовные, M. Код: Т372",
1828,С169,777,400.0,data/1 - sets/С151-200/С169_1.jpg,Комплект белья в пуш-ап чашке 85В. Код: С169,Комплект белья в пуш-ап чашке 85В. Код: С169,
1829,С176,777,420.0,data/sets_of_underwear/С176_1.jpg,Сливовый комплект пуш-ап чашка В. Код: С176,Сливовый комплект пуш-ап чашка В. Код: С176,
1830,С176,777,420.0,data/sets_of_underwear/С176_2.jpg,БЕЖЕВЫЙ комплект пуш-ап чашка В. Код: С176,БЕЖЕВЫЙ комплект пуш-ап чашка В. Код: С176,
2239,Б316,777,310.0,data/2 - bras_bralets/Б301-350/Б316_3.jpg,Синий бюстик пуш-ап чашка В. Код: Б316,Синий бюстик пуш-ап чашка В. Код: Б316,
1832,С178,777,390.0,data/1 - sets/С151-200/С178_1.png,Черный комплект балконет большой пуш-ап 85В. Код: С178,Черный комплект балконет большой пуш-ап 85В. Код: С178,
2528,Л1,1,1900.0,data/9 - lingerie/Л1_0.jpg,Ажурный комплект на заказ. Код модели: Л1,Ажурный комплект на заказ. Код модели: Л1,
2947,Б41,777,320.0,data/2 - bras_bralets/Б1-50/41_6.jpg,Бюстик пушап чашка 70А кирпичного цвета. Код: Б41,Бюстик пушап чашка 70А кирпичного цвета. Код: Б41,
2773,Т22,77,190.0,data/3 - panties/Т1-50/22.jpg,"Трусики в стиле VS, XL. Код: Т22","Трусики в стиле VS, XL. Код: Т22",
1836,А123,777,240.0,data/a/A123_1.jpg,"Белый пеньюар, М. Код: А123","Белый пеньюар, М. Код: А123",
3019,С159,777,520.0,data/1 - sets/С151-200/159_3.jpg,"Гладкий комплект со стрингами, чашка 75С. Код: С159","Гладкий комплект со стрингами, чашка 75С. Код: С159",
1898,С129,777,450.0,data/1 - sets/С101-150/С129_1.jpg,Изысканный белый комплект: бралетт и трусики. Код: С129,Изысканный белый комплект: бралетт и трусики. Код: С129,
1899,С185,777,440.0,data/1 - sets/С151-200/С185_3.jpg,Черный кружевной комплект XL. Код: С185,Черный кружевной комплект XL. Код: С185,
1851,Б253,777,260.0,data/2 - bras_bralets/Б251-300/Б253_2.jpg,Бюстгальтер цвета пудра 75С. Код: Б253,Бюстгальтер цвета пудра 75С. Код: Б253,
1852,Б254,777,250.0,data/2 - bras_bralets/Б251-300/Б254_0.jpg,Черный бюстик push-up 85B. Код: Б254,Черный бюстик push-up 85B. Код: Б254,
1853,Б255,777,280.0,data/2 - bras_bralets/Б251-300/Б255_3.jpg,"Бордовый бюстик 90С, c корректором. Код: Б255","Бордовый бюстик 90С, c корректором. Код: Б255",
2564,Т145,77,170.0,data/3 - panties/Т101-150/Т145_0.jpg,"Белые коттоновые трусики, 2XL. Код: Т145","Белые коттоновые трусики, 2XL. Код: Т145",
2566,Т147,777,120.0,data/3 - panties/Т101-150/Т147.jpg,"Трусы мужские боксеры Emporio Armani, L. Код: Т147","Трусы мужские боксеры Emporio Armani, L. Код: Т147",
2567,Т148,77,120.0,data/3 - panties/Т101-150/Т148.jpg,"Красные трусики стринг эротические, р.42-44. Код: Т148","Красные трусики стринг эротические, р.42-44. Код: Т148",
2976,Т42,777,140.0,data/3 - panties/Т1-50/42_3.jpg,Боксёры хлопок с бамбуком Apple Яблоко. Код: Т42,Боксёры хлопок с бамбуком Apple Яблоко. Код: Т42,
1860,Т322,777,100.0,data/trusiki/Т322.jpg,"Мужские плавки в стиле Versace, XL,2XL,3XL. Код: Т322","Мужские плавки в стиле Versace, XL,2XL,3XL. Код: Т322",
1861,Т321,777,120.0,data/trusiki/Т321.jpg,Мужские плавки Calvin Klein World Cup 2XL. Код: Т321,Мужские плавки Calvin Klein World Cup 2XL. Код: Т321,
1862,Т320,77,100.0,data/trusiki/Т320_1.jpg,Белые трусики стринги: 2XL. Код: Т320,Белые трусики стринги: 2XL. Код: Т320,
1863,Т295,77,120.0,data/trusiki/Т295_1.jpg,Трикотажные трусики с кружевом. Код: Т295,Трикотажные трусики с кружевом. Код: Т295,
1866,Т319,77,165.0,data/trusiki/Т319.jpg,"Бесшовные трусы-пояс утяжка микрофибра, размер M. Код: Т319","Бесшовные трусы-пояс утяжка микрофибра, размер M. Код: Т319",
2420,Ш1,777,1850.0,data/8 - shubki/Ш1-50/Ш1/Ш1_0_пудра.jpg,Шикарный полушубок с капюшоном цвета пудра. Код: Ш1,Шикарный полушубок с капюшоном цвета пудра. Код: Ш1,
2419,Ш1,777,1850.0,data/8 - shubki/Ш1-50/Ш1/Ш1_0_черн.jpg,Шикарный полушубок с капюшоном. Код: Ш1,Шикарный полушубок с капюшоном. Код: Ш1,
1869,Д9,777,395.0,data/4 - pajamas/Д1-50/Д9_бел.jpg,"Белый пеньюар с французским кружевом, 44-46 р. Код: Д9","Белый пеньюар с французским кружевом, 44-46 р. Код: Д9",
2357,Д7,777,450.0,data/4 - pajamas/Д1-50/Д7.jpg,Черный прозрачный халатик. Код: Д7,Черный прозрачный халатик. Код: Д7,
2361,Д3,777,550.0,data/4 - pajamas/Д1-50/Д3_пинк2.jpg,Велюровая пижама: маечка и брюки. Код: Д3,Велюровая пижама: маечка и брюки. Код: Д3,
2362,Д3,777,540.0,data/4 - pajamas/Д1-50/Д3_2_вишня.jpg,Велюровая пижама: маечка и брюки. Код: Д3,Велюровая пижама: маечка и брюки. Код: Д3,
1882,Т278,77,75.0,data/trusiki/Т278.jpg,Молодежные трусики &quot;Кошка&quot;. Код: Т278,Молодежные трусики &quot;Кошка&quot;. Код: Т278,
1886,Т280,77,75.0,data/trusiki/Т280_3.jpg,Спортивные трусики. Код: Т280,Спортивные трусики. Код: Т280,
1889,Т232,77,85.0,data/trusiki/Т232.jpg,Трусики бразильяны 42-44. Код: Т232,Трусики бразильяны 42-44. Код: Т232,
1890,А127,777,250.0,data/a/A127_2.jpg,Красный эротический комплект. Код: А127,Красный эротический комплект. Код: А127,
1894,А145,777,490.0,data/a/А145_1.jpg,Эротический комплект &quot;Горничная&quot;. Код: А145,Эротический комплект &quot;Горничная&quot;. Код: А145,
1993,Т331,77,90.0,data/trusiki/Т331.jpg,"Хлопковые трусики слипы р.50, 52, 54. Код: Т331","Хлопковые трусики слипы р.50, 52, 54. Код: Т331",
2471,С292,777,580.0,data/1 - sets/С251-300/С292_1.jpg,Сине-серый комплект белья чашка 95Е. Код: С292,Сине-серый комплект белья чашка 95Е. Код: С292,
1897,С181,777,450.0,data/1 - sets/С151-200/С181_9.jpg,"Кружевной комплект цвета бордо, XL. Код: С181","Кружевной комплект цвета бордо, XL. Код: С181",
1900,С185,777,440.0,data/1 - sets/С151-200/С185_1.jpg,"Кружевной бралетт и трусики, XL. Код: С185","Кружевной бралетт и трусики, XL. Код: С185",
2470,Б341,777,480.0,data/2 - bras_bralets/Б301-350/Б341_2.jpg,"Кружевное белое боди, размер L. Код: Б341","Кружевное белое боди, размер L. Код: Б341",
1902,С187,777,480.0,data/1 - sets/С151-200/С187.jpg,Белый комплект с пуш-ап чашкой 85В. Код: С187,Белый комплект с пуш-ап чашкой 85В. Код: С187,
3393,Б126,777,370.0,data/2 - bras_bralets/Б101-150/126_12.jpg,Черно-бежевый бюстик чашка C. Код: Б126,Черно-бежевый бюстик чашка C. Код: Б126,
2987,С146,777,480.0,data/1 - sets/С101-150/146_3.jpg,Серо-синий комплект с дополнительными бретелями 85В. Код: С146,Серо-синий комплект с дополнительными бретелями 85В. Код: С146,
2986,С189,777,460.0,data/1 - sets/С151-200/189_0.jpg,"Соблазнительный молочный комплект L, XL. Код: С189","Соблазнительный молочный комплект L, XL. Код: С189",
1906,С87,777,400.0,data/1 - sets/С51-100/С87_1.jpg,Синий комплект пуш-ап чашка 85B. Код: С87,Синий комплект пуш-ап чашка 85B. Код: С87,
1907,С171,777,440.0,data/1 - sets/С151-200/С171_9.jpg,Белый комплект без косточки чашка 85В. Код: С171,Белый комплект без косточки чашка 85В. Код: С171,
2294,С160,777,455.0,data/1 - sets/С151-200/С160_17.jpg,Комплект в чашке 85С цвета пудра. Код: С160,Комплект в чашке 85С цвета пудра. Код: С160,
1910,Т325,77,199.0,data/3 - panties/Т301-350/325_1.jpg,Трусики Jasmine Oasis. Код: Т325,Трусики Jasmine Oasis. Код: Т325,
2527,Т326,77,85.0,data/3 - panties/Т301-350/Т326_1.jpg,"Бежевые бесшовные трусики микрофибра, M. Код: Т326","Бежевые бесшовные трусики микрофибра, M. Код: Т326",
2560,Т141,77,160.0,data/3 - panties/Т101-150/Т141_2.jpg,"Красные трусики трусики бикини, S. Код: Т141","Красные трусики трусики бикини, S. Код: Т141",
3895,Т436,777,180.0,data/3 - panties/401-450/436_0.jpg,"Белые трусики бикини, S, M, L, XL. Код: Т436","Белые трусики бикини, S, M, L, XL. Код: Т436",
2718,С55,777,900.0,data/1 - sets/С51-100/55_9.jpg,Красный комплект Victoria\,Красный комплект Victoria\,
1917,Т327,77,80.0,data/trusiki/Т327_1.jpg,"Трусики-шорты кружевные х/б, 48-50. Код: Т327","Трусики-шорты кружевные х/б, 48-50. Код: Т327",
3720,С411,777,620.0,data/1 - sets/401-451/411_2.jpg,Шикарный комплект в чашке 80D. Код: С411,Шикарный комплект в чашке 80D. Код: С411,
2334,С275,777,350.0,data/1 - sets/С251-300/С275_10.jpg,Черный комплект с чокером чашка 85В. Код: С275,Черный комплект с чокером чашка 85В. Код: С275,
1921,Б261,777,250.0,data/2 - bras_bralets/Б251-300/Б261_1.jpg,"Белый бюстгальтер с застежкой впереди, пушап B. Код: Б261","Белый бюстгальтер с застежкой впереди, пушап B. Код: Б261",
1922,Б259,777,230.0,data/2 - bras_bralets/Б251-300/Б259_1.jpg,Бюстгальтер литой без косточки чашка 85B. Код: Б259,Бюстгальтер литой без косточки чашка 85B. Код: Б259,
2599,С57,777,450.0,data/1 - sets/С51-100/С57_14.jpg,"Комплект в чашке 90D, светло-сиреневый. Код: С57","Комплект в чашке 90D, светло-сиреневый. Код: С57",
3529,Б171,777,350.0,data/2 - bras_bralets/Б151-200/171_20.jpg,Серый бюстик для кормления на чашку В-С. Код: Б171,Серый бюстик для кормления на чашку В-С. Код: Б171,
3022,С202,777,480.0,data/1 - sets/С201-250/202_0.jpg,Белый комплект чашка 85В. Код: С202,Белый комплект чашка 85В. Код: С202,
1926,С195,777,450.0,data/1 - sets/С151-200/С195_2.jpg,"Комплект в чашке 100D, пудра. Код: С195","Комплект в чашке 100D, пудра. Код: С195",
3024,С204,777,560.0,data/1 - sets/С201-250/204_0.jpg,Комплект с небольшим корректором чашка 75С. Код: С204,Комплект с небольшим корректором чашка 75С. Код: С204,
3023,С203,777,550.0,data/1 - sets/С201-250/203_0.jpg,Белый комплект чашка 80С. Код: С203,Белый комплект чашка 80С. Код: С203,
2468,С251,777,480.0,data/1 - sets/С251-300/251_6.jpg,Черный корсет в чашке С. Код: С251,Черный корсет в чашке С. Код: С251,
1932,С193,777,420.0,data/1 - sets/С151-200/193_3.jpg,Комплект цвета пудра в чашке 85С без косточки. Код: С193,Комплект цвета пудра в чашке 85С без косточки. Код: С193,
1933,Б260,777,345.0,data/2 - bras_bralets/Б251-300/Б260_1.jpg,Черный бюстгальтер в чашке D. Код: Б260,Черный бюстгальтер в чашке D. Код: Б260,
2568,С279,777,320.0,data/1 - sets/С351-400/С279_0.jpg,Комплект в цветочек с пушап чашкой 75А. Код: С279,Комплект в цветочек с пушап чашкой 75А. Код: С279,
2578,Д32,777,370.0,data/4 - pajamas/Д1-50/634 пудра велюр.jpg,Велюровая майка и шортики. Код: Д32,Велюровая майка и шортики. Код: Д32,
1939,Д4,777,650.0,data/4 - pajamas/Д1-50/Д4Д11_крас.jpg,Красный велюровый халат. Код: Д4,Красный велюровый халат. Код: Д4,
2356,Д8,777,285.0,data/4 - pajamas/Д1-50/8_крас_с_черн.jpg,Красный шифоновый халатик. Код: Д8,Красный шифоновый халатик. Код: Д8,
1941,Д10,777,250.0,data/4 - pajamas/Д1-50/Д10_малина1.jpg,Женский малиновый халат из атласа. Код: Д10,Женский малиновый халат из атласа. Код: Д10,
1942,Д12,777,390.0,data/4 - pajamas/Д1-50/Д12_бордо.jpg,Длинный халат из атласа цвета бордо. Код: Д12,Длинный халат из атласа цвета бордо. Код: Д12,
2365,Д1,777,550.0,data/4 - pajamas/Д1-50/Д1_из.jpg,Велюровый халат цвета изумруд. Код: Д1,Велюровый халат цвета изумруд. Код: Д1,
2366,Д1,777,550.0,data/4 - pajamas/Д1-50/Д1_пинк_мрамор.jpg,Велюровый халат цвета пинк. Код: Д1,Велюровый халат цвета пинк. Код: Д1,
2367,Д1,777,650.0,data/4 - pajamas/Д1-50/Д1_крас_мрам.jpg,Велюровый халат красного цвета. Код: Д1,Велюровый халат красного цвета. Код: Д1,
2368,Д1,777,550.0,data/4 - pajamas/Д1-50/Д1_тсиний_082-1.jpg,Темно-синий велюровый халатик. Код: Д1,Темно-синий велюровый халатик. Код: Д1,
3069,Д1,777,650.0,data/4 - pajamas/Д1-50/1_персик.jpg,Велюровый халат цвета персик. Код: Д1,Велюровый халат цвета персик. Код: Д1,
2370,Д2,777,450.0,data/4 - pajamas/Д1-50/Д2_изум.jpg,Велюровая пижама цвета изумруд. Код: Д2,Велюровая пижама цвета изумруд. Код: Д2,
2371,Д2,777,450.0,data/4 - pajamas/Д1-50/Д2_изумруд_мрамор.jpg,Изумрудная пижамка мраморный велюр. Код: Д2,Изумрудная пижамка мраморный велюр. Код: Д2,
2372,Д2,777,450.0,data/4 - pajamas/Д1-50/Д2_вишня_мрамор.jpg,Вишневая велюровая пижама. Код: Д2,Вишневая велюровая пижама. Код: Д2,
2354,Д10,777,250.0,data/4 - pajamas/Д1-50/Д10_персик1.jpg,Женский персиковый халат из атласа. Код: Д10,Женский персиковый халат из атласа. Код: Д10,
1959,Д11,777,650.0,data/4 - pajamas/Д1-50/Д4Д11_бордо.jpg,Велюровый комплект: майка и шорты. Код: Д11,Велюровый комплект: майка и шорты. Код: Д11,
1960,С199,777,465.0,data/1 - sets/С151-200/С199_19.jpg,Красивый комплект в чашке 75С. Код: С199,Красивый комплект в чашке 75С. Код: С199,
2428,Б294,777,265.0,data/2 - bras_bralets/Б251-300/Б294_1.jpg,Бежевый бюстик в чашке 100Е с декор.бретелькой. Код: Б294,Бежевый бюстик в чашке 100Е с декор.бретелькой. Код: Б294,
3485,С198,777,400.0,data/1 - sets/С151-200/C198_40.jpg,"Комплект в рубчик со съемным поролоном, на чашку С. Код: С198","Комплект в рубчик со съемным поролоном, на чашку С. Код: С198",
3253,С194,777,390.0,data/1 - sets/С151-200/194_10.jpg,"Черный комплект в рубчик на чашку А, размер М. Код: С194","Черный комплект в рубчик на чашку А, размер М. Код: С194",
2472,С292,777,600.0,data/1 - sets/С251-300/292_21.jpg,"Комплект белья в чашке Е, две расцветки. Код: С292","Комплект белья в чашке Е, две расцветки. Код: С292",
3248,Б130,777,340.0,data/2 - bras_bralets/Б101-150/130_14.jpg,"Бюстик на тонком поролоне чашка 85С, бежевый. Код: Б130","Бюстик на тонком поролоне чашка 85С, бежевый. Код: Б130",
1970,Б269,777,240.0,data/2 - bras_bralets/Б251-300/Б269_2.jpg,"Ажурный бюст в застежкой спереди, 75В. Код: Б269","Ажурный бюст в застежкой спереди, 75В. Код: Б269",
2597,С27,777,480.0,data/1 - sets/С1-50/С27_9.jpg,Белый комплект чашка 80С. Код: С27,Белый комплект чашка 80С. Код: С27,
1974,С208,777,480.0,data/1 - sets/С201-250/С208_8.jpg,Красивый комплект в гладенькой чашкой 75С. Код: С208,Красивый комплект в гладенькой чашкой 75С. Код: С208,
3021,С201,777,580.0,data/1 - sets/С201-250/201_0.jpg,Молочный комплект тонкий поролон 80D. Код: С201,Молочный комплект тонкий поролон 80D. Код: С201,
3115,Т139,77,180.0,data/3 - panties/Т101-150/139_7.jpg,"Гладкие трусики бикини, две расцветки. Код: Т139","Гладкие трусики бикини, две расцветки. Код: Т139",
1977,С210,777,450.0,data/1 - sets/С201-250/С210_1.jpg,"БЕЖЕВЫЙ литой комплект с корректором, 80С. Код: С210","БЕЖЕВЫЙ литой комплект с корректором, 80С. Код: С210",
1978,КУ29,3,480.0,data/5 - swim/КУ1-50/КУ29_1.jpg,"Желто-синий купальник с push-up, XL. Код: КУ29","Желто-синий купальник с push-up, XL. Код: КУ29",
2763,Б27,777,240.0,data/2 - bras_bralets/Б1-50/27_1.jpg,Молочный бюстик чашка 85B без косточек. Код: Б27,Молочный бюстик чашка 85B без косточек. Код: Б27,
3128,КУ20,24,250.0,data/5 - swim/КУ1-50/20_0.jpg,Пляжные плавки с небольшой драпировкой сзади. Код: КУ20,Пляжные плавки с небольшой драпировкой сзади. Код: КУ20,
1981,КУ23,3,650.0,data/5 - swim/КУ1-50/КУ23_1.jpg,"Купальник &quot;Загадочная мисс&quot;, красный, S, M, L. Код: КУ23","Купальник &quot;Загадочная мисс&quot;, красный, S, M, L. Код: КУ23",
2400,Ш4,777,1350.0,data/8 - shubki/Ш1-50/Ш4/Ш4_0_сер.jpg,Шубка-кардиган под шиншиллу. Код: Ш4,Шубка-кардиган под шиншиллу. Код: Ш4,
3196,С322,777,880.0,data/1 - sets/С301-350/322_0.jpg,"Комплект эротический, размер L. Код: С322","Комплект эротический, размер L. Код: С322",
3195,А22,777,210.0,data/6 - erotic/1-50/22_0.jpg,"Трусики с бусинами &quot;Сердце&quot;, черные. Код: А22","Трусики с бусинами &quot;Сердце&quot;, черные. Код: А22",
1986,КУ28,3,440.0,data/5 - swim/КУ1-50/КУ28_1.jpg,"Купальник с корректором &quot;Цветочки&quot;, S, М. Код: КУ28","Купальник с корректором &quot;Цветочки&quot;, S, М. Код: КУ28",
2401,С130,777,420.0,data/1 - sets/С101-150/С130.jpg,Красный комплект XL: бралетт и трусики. Код: С130,Красный комплект XL: бралетт и трусики. Код: С130,
1988,КУ25,3,550.0,data/5 - swim/КУ1-50/КУ25_1.jpg,"Купальник с корректором &quot;Манго-микс&quot;, М. Код: КУ25","Купальник с корректором &quot;Манго-микс&quot;, М. Код: КУ25",
2173,Д2,777,450.0,data/4 - pajamas/Д1-50/Д2_черн_крас_круж.jpg,Черная пижама мраморный велюр с красным кружевом. Код: Д2,Черная пижама мраморный велюр с красным кружевом. Код: Д2,
1990,Б178,777,190.0,data/2 - bras_bralets/Б151-200/Б178_8.jpg,"Хлопковый лиф для кормящих, чашка С и D. Код: Б178","Хлопковый лиф для кормящих, чашка С и D. Код: Б178",
2387,Т396,77,170.0,data/3 - panties/Т351-400/Т396.jpg,"Трусики с брюликом, размер L, черные. Код: Т396","Трусики с брюликом, размер L, черные. Код: Т396",
1992,Т324,77,90.0,data/trusiki/Т324_1.jpg,Трусики кружевные. Код: Т324,Трусики кружевные. Код: Т324,
1994,Т332,77,90.0,data/trusiki/Т332.jpg,Хлопковые трусики р.50-52. Код: Т332,Хлопковые трусики р.50-52. Код: Т332,
3114,Т142,77,180.0,data/3 - panties/Т101-150/142_1.jpg,"Три цвета, трусики бикини, L, XL. Код: Т142","Три цвета, трусики бикини, L, XL. Код: Т142",
3286,С334,777,880.0,data/1 - sets/С301-350/334.jpg,"Эротический черный комплект, S. Код: С334","Эротический черный комплект, S. Код: С334",
2016,С211,777,420.0,data/1 - sets/С201-250/211_0.jpg,Комплект с гладкой чашечкой 85В. Код: С211,Комплект с гладкой чашечкой 85В. Код: С211,
2001,С213,777,420.0,data/1 - sets/С201-250/С213_9.jpg,"Комплект со стрингами, пуш-ап 85В. Код: С213","Комплект со стрингами, пуш-ап 85В. Код: С213",
2002,С214,777,450.0,data/1 - sets/С201-250/С214_7.jpg,Литой комплект цвета пудра чашечка 90С. Код: С214,Литой комплект цвета пудра чашечка 90С. Код: С214,
2390,Б337,777,250.0,data/2 - bras_bralets/Б301-350/Б337_1.jpg,Гладкий бюст с украшением чашка 85С. Код: Б337,Гладкий бюст с украшением чашка 85С. Код: Б337,
2005,С123,777,430.0,data/1 - sets/С101-150/123_12.jpg,Хитовый черный комплект в чашке 80В. Код: С123,Хитовый черный комплект в чашке 80В. Код: С123,
2008,Т323,777,220.0,data/3 - panties/Т301-350/323_7.jpg,"Боксёры Calvin Klein, XL. Код: Т323","Боксёры Calvin Klein, XL. Код: Т323",
2010,Т336,777,125.0,data/3 - panties/Т301-350/336.jpg,"Боксёры мужские &quot;Calvin Klein Modal&quot; 2XL, 6XL. Код: Т336","Боксёры мужские &quot;Calvin Klein Modal&quot; 2XL, 6XL. Код: Т336",
2241,Т253,77,160.0,data/trusy/Т253_6.jpg,"Женские стринги Calvin Klein, L с красной резинкой. Код: Т253","Женские стринги Calvin Klein, L с красной резинкой. Код: Т253",
2960,С47,777,620.0,data/1 - sets/С1-50/47_4.jpg,"Синий комплект, пуш-ап чашка 85В. Код: С47","Синий комплект, пуш-ап чашка 85В. Код: С47",
2013,Т334,77,70.0,data/trusy/334.jpg,"Хлопковые трусики стринги с кружевом, р.46, 48, 50. Код: Т334","Хлопковые трусики стринги с кружевом, р.46, 48, 50. Код: Т334",
2014,С212,777,450.0,data/1 - sets/С201-250/212_0.jpg,"Белый комплект с литой чашечкой С, и корректором. Код: С212","Белый комплект с литой чашечкой С, и корректором. Код: С212",
3211,Б130,777,340.0,data/2 - bras_bralets/Б101-150/130_13.jpg,"Бюстик на тонком поролоне 80В, черный. Код: Б130","Бюстик на тонком поролоне 80В, черный. Код: Б130",
2598,С27,777,430.0,data/1 - sets/С1-50/С27_5.jpg,Черный гладкий комплект чашка 80С. Код: С27,Черный гладкий комплект чашка 80С. Код: С27,
2024,Б281,777,210.0,data/2 - bras_bralets/Б251-300/281.jpg,"Анжелика с корректором, чашка 85В. Код: Б281","Анжелика с корректором, чашка 85В. Код: Б281",
2025,Б280,777,290.0,data/2 - bras_bralets/Б251-300/Б280.jpg,Бежевый бюст с корректором чашка 85В. Код: Б280,Бежевый бюст с корректором чашка 85В. Код: Б280,
2026,Т339,77,257.0,data/trusy/339_0.jpg,Трусики Jasmine Taylor. Код: Т339,Трусики Jasmine Taylor. Код: Т339,
2027,Т340,77,277.0,data/3 - panties/Т301-350/Т340.jpg,"Пояс для чулок Jasmine Fashion, L белый. Код: Т340","Пояс для чулок Jasmine Fashion, L белый. Код: Т340",
2942,С121,777,499.0,data/1 - sets/С101-150/121_0.jpg,Красный комплект размер S. Код: С121,Красный комплект размер S. Код: С121,
2029,Т342,77,143.0,data/3 - panties/Т301-350/Т342_1.jpg,"Трусики бежевого цвета Jasmine Liliya, S. Код: Т342","Трусики бежевого цвета Jasmine Liliya, S. Код: Т342",
2030,Т343,77,169.0,data/3 - panties/Т301-350/Т343_0.jpg,"Белые трусики Jasmine Evolution, M. Код: Т343","Белые трусики Jasmine Evolution, M. Код: Т343",
2031,Т344,77,179.0,data/trusy/344.jpg,"Трусики Jasmine Brenda, M. Код: Т344","Трусики Jasmine Brenda, M. Код: Т344",
2032,Т345,77,145.0,data/trusy/345.jpg,"Трусики Jasmine Celina, S. Код: Т345","Трусики Jasmine Celina, S. Код: Т345",
2033,Т346,77,149.0,data/trusy/346.jpg,"Трусики бразильяны Jasmine Elena, S. Код: Т346","Трусики бразильяны Jasmine Elena, S. Код: Т346",
2034,Т347,77,139.0,data/3 - panties/Т301-350/347.jpg,"Трусики стринги Jasmine Venice, L. Код: Т347","Трусики стринги Jasmine Venice, L. Код: Т347",
2035,Т348,77,159.0,data/trusy/348.jpg,Трусики бразильяны Jasmine Daina XL. Код: Т348,Трусики бразильяны Jasmine Daina XL. Код: Т348,
2036,Т349,77,99.0,data/trusy/349_0.jpg,Трусики Jasmine Nea. Код: Т349,Трусики Jasmine Nea. Код: Т349,
2974,Т335,777,220.0,data/3 - panties/Т301-350/335.jpg,"Боксёры мужские х/б баталы Tommy Hilfiger, 7XL. Код: Т335","Боксёры мужские х/б баталы Tommy Hilfiger, 7XL. Код: Т335",
2040,С219,777,450.0,data/1 - sets/С201-250/С219_0.jpg,Комплект пуш-ап чашка 75С цвета пудра. Код: С219,Комплект пуш-ап чашка 75С цвета пудра. Код: С219,
2043,С216,777,450.0,data/1 - sets/С201-250/216_3.jpg,Комплект без косточки с пуш-ап чашкой 85В. Код: С216,Комплект без косточки с пуш-ап чашкой 85В. Код: С216,
2448,Т395,77,160.0,data/3 - panties/Т351-400/Т395_1.jpg,Сексуальные трусики бразильяны. Код: Т395,Сексуальные трусики бразильяны. Код: Т395,
2048,Б292,777,230.0,data/bras/Б292_1.jpg,Ажурный бюст пуш-ап чашка В. Код: Б292,Ажурный бюст пуш-ап чашка В. Код: Б292,
2049,Т350,77,130.0,data/trusiki/Т350_0.jpg,Кружевные трусики стринги. Код: Т350,Кружевные трусики стринги. Код: Т350,
2050,Т352,77,120.0,data/trusiki/Т352_0.jpg,Трусики стринги. Код: Т352,Трусики стринги. Код: Т352,
2051,Т351,77,120.0,data/trusiki/Т351_0.jpg,Белые кружевные трусики. Код: Т351,Белые кружевные трусики. Код: Т351,
2052,Т353,77,175.0,data/3 - panties/Т351-400/353_0.jpg,Трусики бежевые утягивающая сетка XL. Код: Т353,Трусики бежевые утягивающая сетка XL. Код: Т353,
2053,С227,777,470.0,data/1 - sets/С201-250/С227_8.jpg,Комплект в чашке 80D на тонком поролоне. Код: С227,Комплект в чашке 80D на тонком поролоне. Код: С227,
2426,Ш2,777,1990.0,data/8 - shubki/Ш1-50/Ш2/Ш2_0_сирен.jpg,Эко-шуба с капюшоном под шиншиллу. Код: Ш2,Эко-шуба с капюшоном под шиншиллу. Код: Ш2,
2645,Т337,777,125.0,data/3 - panties/Т301-350/Т337_3.png,"Боксёры Calvin Klein черная резинка, L, 2XL. Код: Т337","Боксёры Calvin Klein черная резинка, L, 2XL. Код: Т337",
2431,С14,777,480.0,data/1 - sets/С1-50/С14_11.jpg,"Красный комплект Tommy Hilfiger, L. Код: С14","Красный комплект Tommy Hilfiger, L. Код: С14",
2057,С174,777,460.0,data/1 - sets/С151-200/С174_6.jpg,Комплект в чашке 100D цвета бордо. Код: С174,Комплект в чашке 100D цвета бордо. Код: С174,
2060,С226,777,450.0,data/1 - sets/С201-250/С226_2.jpg,"Комплект в чашке 90D, тонкий поролон. Код: С226","Комплект в чашке 90D, тонкий поролон. Код: С226",
2061,С225,777,430.0,data/1 - sets/С201-250/С225_0.jpg,Кружевной комплект цвета какао. Код: С225,Кружевной комплект цвета какао. Код: С225,
2062,С225,777,430.0,data/1 - sets/С201-250/С225_1.jpg,Кружевной комплект молочного цвета. Код: С225,Кружевной комплект молочного цвета. Код: С225,
3018,С149,777,520.0,data/1 - sets/С101-150/149_1.jpg,"Комплект чашка С, два цвета. Код: С149","Комплект чашка С, два цвета. Код: С149",
2323,С214,777,450.0,data/1 - sets/С201-250/С214_8.jpg,Серо-розовый комплект без косточки 95С. Код: С214,Серо-розовый комплект без косточки 95С. Код: С214,
2065,С224,777,450.0,data/1 - sets/С201-250/С224_1.jpg,"Комплект без косточек, чашка 85В. Код: С224","Комплект без косточек, чашка 85В. Код: С224",
2066,Б296,777,360.0,data/2 - bras_bralets/Б251-300/296_11.jpg,"Бюст в чашке 90D, цвета бордо. Код: Б296","Бюст в чашке 90D, цвета бордо. Код: Б296",
2531,Л4,1,1800.0,data/9 - lingerie/Л4_0.jpg,Пошив женского комплекта белья. Код модели: Л4,Пошив женского комплекта белья. Код модели: Л4,
2068,Б297,777,350.0,data/2 - bras_bralets/Б251-300/Б297.jpg,Бюст без поролона на хлопковой основе чашка Е. Код: Б297,Бюст без поролона на хлопковой основе чашка Е. Код: Б297,
3157,Б32,777,200.0,data/2 - bras_bralets/Б1-50/32_4.jpg,Бюстик фиолетовый без косточки. Код: Б32,Бюстик фиолетовый без косточки. Код: Б32,
2070,С161,777,445.0,data/1 - sets/С151-200/С161_22.jpg,Белый комплект с дышащей чашкой 85В. Код: С161,Белый комплект с дышащей чашкой 85В. Код: С161,
2071,С168,777,480.0,data/1 - sets/С151-200/С168_18.jpg,Комплект цвета &quot;айвори&quot; в чашке 75С. Код: С168,Комплект цвета &quot;айвори&quot; в чашке 75С. Код: С168,
2459,Д5,777,250.0,data/4 - pajamas/Д1-50/Д5_электрик.jpg,Велюровое женское платье цвета электрик. Код: Д5,Велюровое женское платье цвета электрик. Код: Д5,
2075,С156,777,430.0,data/1 - sets/С151-200/С156_23.jpg,Кремовый комплект в чашечке 80В. Код: С156,Кремовый комплект в чашечке 80В. Код: С156,
2077,С173,777,460.0,data/1 - sets/С151-200/С173_55.jpeg,Комплект в чашке 75C цвета капучино. Код: С173,Комплект в чашке 75C цвета капучино. Код: С173,
2078,С234,777,450.0,data/1 - sets/С201-250/С234_0.jpg,"Кружевной бралетт и трусики, XL. Код: С234","Кружевной бралетт и трусики, XL. Код: С234",
2079,С232,777,470.0,data/1 - sets/С201-250/С232_0.jpg,Комплект с бюстом балконет и чокером. Код: С232,Комплект с бюстом балконет и чокером. Код: С232,
2080,С233,777,450.0,data/1 - sets/С201-250/233_2.jpg,Молочный комплект чашка 85B поролон. Код: С233,Молочный комплект чашка 85B поролон. Код: С233,
2081,С231,777,430.0,data/1 - sets/С201-250/С231_3.jpg,Комплект в форме цветка чашка 80В. Код: С231,Комплект в форме цветка чашка 80В. Код: С231,
3209,С248,777,630.0,data/1 - sets/С201-250/248_10.jpg,Белый комплект спейсер в чашке 100Е. Код: С248,Белый комплект спейсер в чашке 100Е. Код: С248,
2384,Т393,77,140.0,data/3 - panties/Т351-400/Т393_3.jpg,"Трусики бразильяны молочные, L. Код: Т393","Трусики бразильяны молочные, L. Код: Т393",
2085,С228,777,445.0,data/2 - bras_bralets/Б201-250/Б247_2.jpg,"Комплект в чашке 85В с пушапом, пудра. Код: С228","Комплект в чашке 85В с пушапом, пудра. Код: С228",
2086,Т354,77,75.0,data/trusiki/354.jpg,Хлопковые трусики. Код: Т354,Хлопковые трусики. Код: Т354,
2087,Б299,777,260.0,data/2 - bras_bralets/Б251-300/299_0.jpg,Ажурный бюст в чашке 75С тонкий поролон. Код: Б299,Ажурный бюст в чашке 75С тонкий поролон. Код: Б299,
2088,Б300,777,250.0,data/2 - bras_bralets/Б251-300/300_0.jpg,Бюст в чашке 90С тонкий поролон. Код: Б300,Бюст в чашке 90С тонкий поролон. Код: Б300,
2526,Б303,777,170.0,data/2 - bras_bralets/Б301-350/Б303.jpg,Бежевый хлопковый топ. Код: Б303,Бежевый хлопковый топ. Код: Б303,
2297,С286,777,450.0,data/1 - sets/С251-300/С286_1.jpg,Комплект на тонком поролоне чашка 75С. Код: С286,Комплект на тонком поролоне чашка 75С. Код: С286,
2091,С236,777,560.0,data/1 - sets/С201-250/236_4.jpg,Комплект с корректором чашка 75С. Код: С236,Комплект с корректором чашка 75С. Код: С236,
2092,С237,777,420.0,data/1 - sets/С201-250/C237_0.jpg,Черный комплект с большим пуш-апом 80В. Код: С237,Черный комплект с большим пуш-апом 80В. Код: С237,
2994,С238,777,520.0,data/1 - sets/С201-250/238.jpg,Зеленый комплект Velencosa чашка 90С. Код: С238,Зеленый комплект Velencosa чашка 90С. Код: С238,
2095,С239,777,430.0,data/1 - sets/С201-250/239_0.jpg,"Молочный комплект с бралетом на косточке, размер М. Код: С239","Молочный комплект с бралетом на косточке, размер М. Код: С239",
2268,Т368,77,85.0,data/3 - panties/Т351-400/Т368_1.jpg,"Трусики бразильяны двойная попа, XL. Код: Т368","Трусики бразильяны двойная попа, XL. Код: Т368",
2200,Т374,77,85.0,data/trusy/Т374_1.jpg,"Трусики стринги М-L, 5 цветов. Код: Т374","Трусики стринги М-L, 5 цветов. Код: Т374",
2099,Т360,77,80.0,data/trusiki/Т360.jpg,"Трусики стринги бесшовные, р. М. Код: Т360","Трусики стринги бесшовные, р. М. Код: Т360",
2100,С242,777,450.0,data/komplekty/С242_8.jpg,"Кружевной комплект, чашка В. Код: С242","Кружевной комплект, чашка В. Код: С242",
3714,К113,777,420.0,data/jeggings/113_0.jpg,"Лосины push-up черные, размер L. Код: К113","Лосины push-up черные, размер L. Код: К113",
2339,С301,777,390.0,data/1 - sets/С301-350/С301_3.jpg,Белый комплект с чокером в чашке 85С. Код: С301,Белый комплект с чокером в чашке 85С. Код: С301,
2103,С244,777,440.0,data/1 - sets/С201-250/С244_3.jpeg,"Комплект без косточки, чашка 85В. Код: С244","Комплект без косточки, чашка 85В. Код: С244",
2104,Б302,777,170.0,data/2 - bras_bralets/Б301-350/302_4.jpg,Белый кружевной топ. Код: Б302,Белый кружевной топ. Код: Б302,
2106,Т355,77,150.0,data/trusiki/Т355.jpg,"Черные трусики утяжка, L, XL, 2XL. Код: Т355","Черные трусики утяжка, L, XL, 2XL. Код: Т355",
2107,Т356,77,175.0,data/trusiki/Т356_1.jpg,"Бежевые трусики утяжка, р.52-54. Код: Т356","Бежевые трусики утяжка, р.52-54. Код: Т356",
2108,Т357,77,150.0,data/trusiki/Т357_1.jpg,"Трусики утяжка, р.48-52. Код: Т357","Трусики утяжка, р.48-52. Код: Т357",
2109,Т361,77,110.0,data/trusiki/Т361_1.jpg,"Трусики утяжка, 50, 52, 54. Код: Т361","Трусики утяжка, 50, 52, 54. Код: Т361",
2353,Д10,777,250.0,data/4 - pajamas/Д1-50/Д10_серроз.jpg,Женский серо-розовый халат из атласа. Код: Д10,Женский серо-розовый халат из атласа. Код: Д10,
2364,Д1,777,550.0,data/4 - pajamas/Д1-50/Д1_черный.jpg,Черный велюровый халат. Код: Д1,Черный велюровый халат. Код: Д1,
2122,А56,777,230.0,data/6 - erotic/51-100/A56.png,Красное эротическое боди сетка. Код: А56,Красное эротическое боди сетка. Код: А56,
2123,А56,777,230.0,data/6 - erotic/51-100/56_7.jpg,Белое эротическое боди сетка. Код: А56,Белое эротическое боди сетка. Код: А56,
2125,А134,777,230.0,data/6 - erotic/А101-150/134.jpg,Эротический костюм боди. Код: А134,Эротический костюм боди. Код: А134,
2126,А135,777,70.0,data/6 - erotic/А101-150/135_11.jpg,Эротическая маска. Код: А135,Эротическая маска. Код: А135,
2128,А136,777,230.0,data/a/А136_2.jpg,Эротический костюм боди. Код: А136,Эротический костюм боди. Код: А136,
2129,А139,777,230.0,data/6 - erotic/А101-150/139.jpg,Черный эротический костюм боди. Код: А139,Черный эротический костюм боди. Код: А139,
2130,А137,777,230.0,data/a/А137.jpg,Эротический красный костюм боди. Код: А137,Эротический красный костюм боди. Код: А137,
2131,А132,777,220.0,data/a/А132_1.jpg,Эротический костюм. Код: А132,Эротический костюм. Код: А132,
2132,А138,777,490.0,data/a/А138_1.jpg,Эротический набор &quot;Хищница&quot;. Код: А138,Эротический набор &quot;Хищница&quot;. Код: А138,
2133,А144,777,450.0,data/a/А144_1.jpg,Набор эротический &quot;Домработница&quot;. Код: А144,Набор эротический &quot;Домработница&quot;. Код: А144,
2134,А137,777,230.0,data/a/А137_2.jpg,Эротический костюм боди. Код: А137,Эротический костюм боди. Код: А137,
2135,А140,777,230.0,data/a/А140.jpg,Черный боди костюм эротический. Код: А140,Черный боди костюм эротический. Код: А140,
2136,А141,777,230.0,data/a/А141.jpg,Черный боди костюм эротический. Код: А141,Черный боди костюм эротический. Код: А141,
2137,А142,777,430.0,data/a/А142_1.jpg,Набор для эротической игры. Код: А142,Набор для эротической игры. Код: А142,
2138,А143,777,260.0,data/a/А143.jpg,Эротический боди сетка. Код: А143,Эротический боди сетка. Код: А143,
2140,А10,777,170.0,data/6 - erotic/1-50/A10_3.png,Черные эротические чулки. Код: А10,Черные эротические чулки. Код: А10,
3405,С364,777,880.0,data/1 - sets/С351-400/C364_0.jpg,"Черный эротический комплект, XL. Код: С364","Черный эротический комплект, XL. Код: С364",
2141,А136,777,230.0,data/a/А136.jpg,Эротический красный костюм боди. Код: А136,Эротический красный костюм боди. Код: А136,
2293,С191,777,455.0,data/1 - sets/С151-200/С191_9.jpg,"Литой комплект без косточки, чашка 80С. Код: С191","Литой комплект без косточки, чашка 80С. Код: С191",
2144,С258,777,470.0,data/1 - sets/С251-300/С258_3.jpg,"Бежевый комплект, пуш-ап чашка 85В. Код: С258","Бежевый комплект, пуш-ап чашка 85В. Код: С258",
2478,С27,777,430.0,data/1 - sets/С1-50/С27_4.jpg,Красный комплект чашка 85С. Код: С27,Красный комплект чашка 85С. Код: С27,
3594,С190,777,630.0,data/1 - sets/С151-200/190_20.jpg,Красивый красный пуш-ап комплект чашка В. Код: С190,Красивый красный пуш-ап комплект чашка В. Код: С190,
2436,С251,777,530.0,data/1 - sets/С251-300/251_11.png,Белый корсет в чашке 80С. Код: С251,Белый корсет в чашке 80С. Код: С251,
2147,Б294,777,265.0,data/2 - bras_bralets/Б251-300/Б294_1.jpg,Бюст в чашке 95D с декор.бретелькой. Код: Б294,Бюст в чашке 95D с декор.бретелькой. Код: Б294,
2148,Б307,777,390.0,data/bras/Б307_1.jpg,"Бюст в чашках E, F, разные цвета. Код: Б307","Бюст в чашках E, F, разные цвета. Код: Б307",
2149,Б309,777,250.0,data/2 - bras_bralets/Б301-350/Б309.jpg,Черный бюстик с гелевым пуш-ап 85В. Код: Б309,Черный бюстик с гелевым пуш-ап 85В. Код: Б309,
2150,Б308,777,190.0,data/bras/Б308_1.jpg,"Топ, ассорти расцветок. Код: Б308","Топ, ассорти расцветок. Код: Б308",
2819,Т25,77,85.0,data/3 - panties/Т1-50/25_2.jpg,"Х/б трусики микс цветов, XL. Код: Т25","Х/б трусики микс цветов, XL. Код: Т25",
2153,Т378,77,80.0,data/3 - panties/Т351-400/Т378_0.jpg,Стринги с резинкой Victoria\,Стринги с резинкой Victoria\,
2152,С218,777,480.0,data/1 - sets/С201-250/С218_8.jpg,Комплект с высокими трусиками. Код: С218,Комплект с высокими трусиками. Код: С218,
2505,С256,777,580.0,data/1 - sets/С251-300/С256_16.jpg,"Дерзкий комплект в черном цвете, чашка 85С. Код: С256","Дерзкий комплект в черном цвете, чашка 85С. Код: С256",
2583,С35,777,430.0,data/1 - sets/С1-50/С35_0.jpg,Черный комплект XL бралетт и трусики. Код: С35,Черный комплект XL бралетт и трусики. Код: С35,
3544,С173,777,520.0,data/1 - sets/С151-200/С173_1.jpg,Комплект в чашке 105D белого цвета. Код: С173,Комплект в чашке 105D белого цвета. Код: С173,
2157,С249,777,480.0,data/1 - sets/С201-250/С249_5.jpg,"Комплект без косточек, чашка 85В. Код: С249","Комплект без косточек, чашка 85В. Код: С249",
3078,С212,777,540.0,data/1 - sets/С201-250/С212_7.jpg,Комплект без косточки чашка В с небольшим пушап. Код: С212,Комплект без косточки чашка В с небольшим пушап. Код: С212,
2163,Т367,77,85.0,data/trusy/Т367_2.jpg,"Кружевные трусики бразильяны, M. Код: Т367","Кружевные трусики бразильяны, M. Код: Т367",
2269,Т384,77,60.0,data/trusy/Т384.jpg,"Кружевные трусики американки, M, L. Код: Т384","Кружевные трусики американки, M, L. Код: Т384",
2166,Т370,77,85.0,data/3 - panties/Т351-400/370_1.jpg,"Черные трусики танга кружевная попа, M, L. Код: Т370","Черные трусики танга кружевная попа, M, L. Код: Т370",
2167,Т371,77,85.0,data/trusy/Т371.jpg,"Трусики американка с атласной вставкой, M. Код: Т371","Трусики американка с атласной вставкой, M. Код: Т371",
2169,Т373,77,85.0,data/trusy/Т373_2.jpg,"Трусики бесшовные с кружевной вставкой, L. Код: Т373","Трусики бесшовные с кружевной вставкой, L. Код: Т373",
2170,Б277,777,235.0,data/2 - bras_bralets/Б251-300/Б277_0.jpg,Бюстгальтер белого цвета чашка 80F. Код: Б277,Бюстгальтер белого цвета чашка 80F. Код: Б277,
2539,Л13,1,1800.0,data/9 - lingerie/Л13_1.jpg,Пошив эротического белья Украина. Код модели: Л13,Пошив эротического белья Украина. Код модели: Л13,
2540,Л15,1,1800.0,data/9 - lingerie/Л15_0.jpg,Элитное женское нижнее белье Украина. Код модели: Л15,Элитное женское нижнее белье Украина. Код модели: Л15,
2541,Л16,1,2200.0,data/9 - lingerie/Л16_0.jpg,Пошив эротических комплектов белья Одесса. Код модели: Л16,Пошив эротических комплектов белья Одесса. Код модели: Л16,
2542,Л17,1,1500.0,data/9 - lingerie/Л17_1.jpg,Романтический комплект белья по индивидуальным меркам. Код: Л17,Романтический комплект белья по индивидуальным меркам. Код: Л17,
2543,Л18,1,2300.0,data/9 - lingerie/Л18_0.jpg,Изысканный эротический комплект ручной работы Днепр. Код модели: Л18,Изысканный эротический комплект ручной работы Днепр. Код модели: Л18,
2380,Д2,777,450.0,data/4 - pajamas/Д1-50/Д2_красн_мрамор.jpg,Красная пижамка мраморный велюр. Код: Д2,Красная пижамка мраморный велюр. Код: Д2,
2381,Д2,777,450.0,data/4 - pajamas/Д1-50/Д2_крас_049.jpg,Пижама мраморный велюр. Код: Д2,Пижама мраморный велюр. Код: Д2,
2188,Д6,777,430.0,data/4 - pajamas/Д1-50/Д6_пинк_604.jpg,Велюровый пеньюар с кружевом цвет пудра. Код: Д6,Велюровый пеньюар с кружевом цвет пудра. Код: Д6,
2580,Д7,777,430.0,data/4 - pajamas/Д1-50/Д7_тем_син.jpg,Темно-синий прозрачный халатик. Код: Д7,Темно-синий прозрачный халатик. Код: Д7,
2192,Д21,777,860.0,data/4 - pajamas/Д1-50/Д21_черн.jpg,Черный велюровый костюм для дома. Код: Д21,Черный велюровый костюм для дома. Код: Д21,
2535,Л9,1,2100.0,data/9 - lingerie/Л9_0.jpg,Красивое нижнее белье ручной работы Киев. Код модели: Л9,Красивое нижнее белье ручной работы Киев. Код модели: Л9,
2536,Л10,1,2100.0,data/9 - lingerie/Л10_0.jpg,Эротическое белье ручной работы Одесса. Код модели: Л10,Эротическое белье ручной работы Одесса. Код модели: Л10,
2537,Л11,1,1400.0,data/9 - lingerie/Л11_0.jpg,Ексклюзивна білизна ручної роботи Вінниця. Код моделі: Л11,Ексклюзивна білизна ручної роботи Вінниця. Код моделі: Л11,
2538,Л12,1,1200.0,data/9 - lingerie/Л12_0.jpg,Сексуальна білизна ручної роботи Львів. Код модели: Л12,Сексуальна білизна ручної роботи Львів. Код модели: Л12,
2197,С92,777,440.0,data/1 - sets/С51-100/С92_1.jpg,Черный комплект нижнего белья S. Код: С92,Черный комплект нижнего белья S. Код: С92,
2199,Т359,77,85.0,data/trusiki/Т359.jpg,"Трусики c 3-мя резинками по бокам, р. М. Код: Т359","Трусики c 3-мя резинками по бокам, р. М. Код: Т359",
2701,С257,777,890.0,data/1 - sets/С251-300/257_26.jpg,Сексуальный комплект-тройка цвета бордо. Код: С257,Сексуальный комплект-тройка цвета бордо. Код: С257,
2203,Т170,777,140.0,data/trusiki/Т170.jpg,Белые мужские плавки INDENA. Код: Т170,Белые мужские плавки INDENA. Код: Т170,
2443,Б313,777,240.0,data/2 - bras_bralets/Б301-350/Б313_0.jpg,Бюстик push-ua чашечка 80С. Код: Б313,Бюстик push-ua чашечка 80С. Код: Б313,
3100,Т104,777,200.0,data/3 - panties/Т101-150/104_1.jpg,"Мужские боксеры Columbia, 2XL, 3XL. Код: Т104","Мужские боксеры Columbia, 2XL, 3XL. Код: Т104",
2207,А146,777,180.0,data/6 - erotic/А101-150/А146_0.jpg,Красный кружевной пояс для чулок. А146,Красный кружевной пояс для чулок. А146,
2208,Т375,77,120.0,data/trusiki/Т375.jpg,"Ажурные стринги цвета бордо, М. Код: Т375","Ажурные стринги цвета бордо, М. Код: Т375",
2210,Т377,77,130.0,data/trusiki/Т377.jpg,"Плавки  лазерные с кружевом, М, XL. Код: Т377","Плавки  лазерные с кружевом, М, XL. Код: Т377",
2500,Д31,777,330.0,data/4 - pajamas/Д1-50/Д31_черн_094-1.jpg,Нежная пижамка: майка и шорты. Код: Д31,Нежная пижамка: майка и шорты. Код: Д31,
2445,Т103,777,80.0,data/3 - panties/Т101-150/Т103.jpg,Трусики-бразильяны кружевные черного цвета. Код: Т103,Трусики-бразильяны кружевные черного цвета. Код: Т103,
2444,Б314,777,280.0,data/2 - bras_bralets/Б301-350/Б314_0.jpg,"Дышащий лиф без косточки, чашка 85В. Код: Б314","Дышащий лиф без косточки, чашка 85В. Код: Б314",
2214,С260,777,460.0,data/1 - sets/С251-300/С260_7.jpg,"Комплект без косточки, чашка 80С. Код: С260","Комплект без косточки, чашка 80С. Код: С260",
2215,С261,777,520.0,data/1 - sets/С251-300/С261_2.jpg,Красный комплект чашка 85С. Код: С261,Красный комплект чашка 85С. Код: С261,
2216,С262,777,480.0,data/1 - sets/С251-300/С262.jpg,Комплект чашка 95D. Код: С262,Комплект чашка 95D. Код: С262,
2217,С263,777,485.0,data/1 - sets/С251-300/С263.jpg,Белый комплект c пуш-ап чашка 85В. Код: С263,Белый комплект c пуш-ап чашка 85В. Код: С263,
2218,С264,777,420.0,data/1 - sets/С251-300/264_3.jpg,Комплект чашка 85В небольшой пуш. Код: С264,Комплект чашка 85В небольшой пуш. Код: С264,
2219,С265,777,445.0,data/1 - sets/С251-300/С265_2.jpg,"Красивый комплект без косточки, чашка B. Код: С265","Красивый комплект без косточки, чашка B. Код: С265",
2220,С265,777,445.0,data/1 - sets/С251-300/С265_5.jpg,"Красный комплект без косточки, чашка B. Код: С265","Красный комплект без косточки, чашка B. Код: С265",
2221,С265,777,445.0,data/1 - sets/С251-300/С265_4.jpg,Черно-бежевый комплект без косточки. Код: С265,Черно-бежевый комплект без косточки. Код: С265,
2224,Б315,777,280.0,data/2 - bras_bralets/Б301-350/Б315_2.jpg,Черный бюстгальтер чашка 85В. Код: Б315,Черный бюстгальтер чашка 85В. Код: Б315,
2223,Б286,777,350.0,data/2 - bras_bralets/Б251-300/Б286_6.jpg,"Бюстик в чашке 85В гель пушап, сливовый. Код: Б286","Бюстик в чашке 85В гель пушап, сливовый. Код: Б286",
2437,С250,777,440.0,data/1 - sets/С201-250/С250_1.jpg,Комплект без косточек чашка 85В. Код: С250,Комплект без косточек чашка 85В. Код: С250,
2226,С215,777,445.0,data/1 - sets/С201-250/215_5.jpg,Белый комплект на пушапе 85В. Код: С215,Белый комплект на пушапе 85В. Код: С215,
2227,С266,777,560.0,data/1 - sets/С251-300/С266_7.jpg,Красный комплект чашка 80С. Код: С266,Красный комплект чашка 80С. Код: С266,
2228,С267,777,440.0,data/1 - sets/С251-300/С267.jpg,Нежно розовый комплект чашка С. Код: С267,Нежно розовый комплект чашка С. Код: С267,
2229,С268,777,470.0,data/1 - sets/С251-300/С268_1.jpg,Шикарен! Комплект с небольшим пушем 80С. Код: С268,Шикарен! Комплект с небольшим пушем 80С. Код: С268,
2442,Б312,777,200.0,data/2 - bras_bralets/Б301-350/Б312_0.jpg,Белый бюстик без поролона чашка 80C. Код: Б312,Белый бюстик без поролона чашка 80C. Код: Б312,
2233,С271,777,490.0,data/1 - sets/С251-300/С271_3.jpg,Шикарный красный комплект 85В. Код: С271,Шикарный красный комплект 85В. Код: С271,
2234,С271,777,490.0,data/1 - sets/С251-300/С271_1.jpg,Шикарный черный комплект чашка 75В. Код: С271,Шикарный черный комплект чашка 75В. Код: С271,
2236,С270,777,460.0,data/1 - sets/С251-300/С270_7.jpg,Нежный комплект с корректором чашка 85В. Код: С270,Нежный комплект с корректором чашка 85В. Код: С270,
2237,Б293,777,345.0,data/2 - bras_bralets/Б251-300/Б293_11.jpg,Черный бюстгальтер чашка 90D. Код: Б293,Черный бюстгальтер чашка 90D. Код: Б293,
2910,Б100,777,340.0,data/2 - bras_bralets/Б51-100/100_1.jpg,"Белый бюстик открытой формы, чашка А-В. Код: Б100","Белый бюстик открытой формы, чашка А-В. Код: Б100",
2646,Т391,77,150.0,data/3 - panties/Т351-400/Т391.jpg,Черные стринги Calvin Klein хлопок: S. Код: Т391,Черные стринги Calvin Klein хлопок: S. Код: Т391,
2244,С277,777,420.0,data/1 - sets/С251-300/С277_2.jpg,"Комплект чашка С, серо-розовый. Код: С277","Комплект чашка С, серо-розовый. Код: С277",
2245,С272,777,490.0,data/1 - sets/С251-300/272_7.jpg,Белый комплект с гладким бюстом 80С. Код: С272,Белый комплект с гладким бюстом 80С. Код: С272,
2246,С278,777,435.0,data/1 - sets/С251-300/278_7.jpg,Комплект пушап чашка 80В. Код: С278,Комплект пушап чашка 80В. Код: С278,
2573,Д2,777,450.0,data/4 - pajamas/Д1-50/Д2_пинк6.jpg,Пижама мраморный велюр пинк. Код: Д2,Пижама мраморный велюр пинк. Код: Д2,
2248,С274,777,445.0,data/1 - sets/С251-300/С274_3.jpg,Белый комплект пуш-ап чашка 80В. Код: С274,Белый комплект пуш-ап чашка 80В. Код: С274,
2250,Б317,777,200.0,data/2 - bras_bralets/Б301-350/Б317_1.jpg,"Топ со съемным поролоном, на чашку В. Код: Б317","Топ со съемным поролоном, на чашку В. Код: Б317",
2251,Б318,777,245.0,data/2 - bras_bralets/Б301-350/Б318_1.jpg,Белый бюст в чашке 100Е. Код: Б318,Белый бюст в чашке 100Е. Код: Б318,
2252,Б319,777,250.0,data/2 - bras_bralets/Б301-350/Б319.jpg,Бюст в чашке 85С черного цвета. Код: Б319,Бюст в чашке 85С черного цвета. Код: Б319,
3156,Б11,777,360.0,data/2 - bras_bralets/Б1-50/11_7.jpg,Молочный бюстик супер-пуш чашка 85В. Код: Б11,Молочный бюстик супер-пуш чашка 85В. Код: Б11,
2253,Б320,777,280.0,data/2 - bras_bralets/Б301-350/Б320.jpg,Бюстик в чашке 70А на тонком поролоне. Код: Б320,Бюстик в чашке 70А на тонком поролоне. Код: Б320,
2254,Б321,777,210.0,data/2 - bras_bralets/Б301-350/Б321.jpg,Розовый бюстик в чашке 70А. Код: Б321,Розовый бюстик в чашке 70А. Код: Б321,
2255,Б246,777,280.0,data/2 - bras_bralets/Б201-250/Б246_12.jpg,Бежевый бюст в чашке 105Е с декор.бретелями. Код: Б246,Бежевый бюст в чашке 105Е с декор.бретелями. Код: Б246,
2256,Б322,777,250.0,data/2 - bras_bralets/Б301-350/Б322.jpg,Черный бралетт XL. Код: Б322,Черный бралетт XL. Код: Б322,
2258,Т379,77,80.0,data/3 - panties/Т351-400/Т379.jpg,"Трусики слипы хлопок, L, XL, 2XL. Код: Т379","Трусики слипы хлопок, L, XL, 2XL. Код: Т379",
2259,Т380,77,100.0,data/3 - panties/Т351-400/Т380.jpg,Трусики бесшовные микрофибра. Код: Т380,Трусики бесшовные микрофибра. Код: Т380,
2260,Т381,77,90.0,data/trusy/Т381_1.jpg,"Трусики хлопок, 3XL, 4XL, 5XL. Код: Т381","Трусики хлопок, 3XL, 4XL, 5XL. Код: Т381",
2261,Т382,77,90.0,data/trusy/Т382.jpg,"Трусики хлопок, 2XL, 3XL, 4XL. Код: Т382","Трусики хлопок, 2XL, 3XL, 4XL. Код: Т382",
2262,Т383,77,80.0,data/trusy/Т383.jpg,"Трусики, S, M, L. Код: Т383","Трусики, S, M, L. Код: Т383",
3079,С207,777,540.0,data/1 - sets/С201-250/207_5.jpg,Черный комплект без косточек чашка В. Код: С207,Черный комплект без косточек чашка В. Код: С207,
2264,Т363,77,85.0,data/trusy/Т363_1.jpg,Трусики. Код: Т363,Трусики. Код: Т363,
2265,Т362,77,85.0,data/trusy/Т362.jpg,"Трусики р.48, 50, 52. Код: Т362","Трусики р.48, 50, 52. Код: Т362",
2266,Т329,77,70.0,data/trusy/Т329.jpg,"Трусики бикини, размер 42-46. Код: Т329","Трусики бикини, размер 42-46. Код: Т329",
2267,Т358,77,85.0,data/trusiki/Т358.jpg,"Трусики бразильяны, р. M. Код: Т358","Трусики бразильяны, р. M. Код: Т358",
2270,Б324,777,200.0,data/2 - bras_bralets/Б301-350/Б324.jpg,"Хлопковый топ, один размер. Код: Б324","Хлопковый топ, один размер. Код: Б324",
2271,Б323,777,345.0,data/2 - bras_bralets/Б301-350/Б323.jpg,"Бюст в чашке D, два цвета. Код: Б323","Бюст в чашке D, два цвета. Код: Б323",
2272,Б325,777,240.0,data/2 - bras_bralets/Б301-350/Б325.jpg,Сиреневый бюст в чашке 90D. Код: Б325,Сиреневый бюст в чашке 90D. Код: Б325,
2273,Б199,777,345.0,data/2 - bras_bralets/Б151-200/199_0.jpg,Бюст в чашке 90G цвета пудра. Код: Б199,Бюст в чашке 90G цвета пудра. Код: Б199,
2274,Б326,777,250.0,data/2 - bras_bralets/Б301-350/Б326.jpg,Черный бюст в чашке С. Код: Б326,Черный бюст в чашке С. Код: Б326,
2276,Т202,77,80.0,data/trusiki/Т385_1.jpg,Бесшовные трусики стринги микрофибра. Код: Т202,Бесшовные трусики стринги микрофибра. Код: Т202,
2280,Б30,777,250.0,data/2 - bras_bralets/Б1-50/Б30_12.jpg,Белый бюстик чашка 85С небольшой корректор. Код: Б30,Белый бюстик чашка 85С небольшой корректор. Код: Б30,
2281,Б31,777,250.0,data/2 - bras_bralets/Б1-50/Б31_11.jpg,Белый бюстик чашка 85В. Код: Б31,Белый бюстик чашка 85В. Код: Б31,
3517,Т85,77,220.0,data/3 - panties/Т51-100/85_20.jpg,"Трусики-танга в стиле VS, в черном цвете. Код: Т85","Трусики-танга в стиле VS, в черном цвете. Код: Т85",
2284,С263,777,485.0,data/1 - sets/С251-300/С263_11.jpg,Черный комплект c пуш-ап чашка 85В. Код: С263,Черный комплект c пуш-ап чашка 85В. Код: С263,
2882,Д1,777,600.0,data/4 - pajamas/Д1-50/1_черн_елочка.jpg,Черный халат &quot;велюр елочка&quot;. Код: Д1,Черный халат &quot;велюр елочка&quot;. Код: Д1,
2286,С123,777,455.0,data/1 - sets/С101-150/С123_6.jpg,Хитовый комплект цвета пудра 85В. Код: С123,Хитовый комплект цвета пудра 85В. Код: С123,
2288,С285,777,375.0,data/1 - sets/С251-300/285_2.jpg,Комплект чашка 85В. Код: С285,Комплект чашка 85В. Код: С285,
2289,С284,777,450.0,data/1 - sets/С251-300/С284_1.jpg,Молочный комплект пуш-ап чашка 85В. Код: С284,Молочный комплект пуш-ап чашка 85В. Код: С284,
2290,С283,777,450.0,data/1 - sets/С251-300/С283_1.jpg,Белый комплект пуш-ап гель 80В. Код: С283,Белый комплект пуш-ап гель 80В. Код: С283,
2291,С282,777,455.0,data/1 - sets/С251-300/С282_1.jpg,Комплект с литым бюстом чашка 75В. Код: С282,Комплект с литым бюстом чашка 75В. Код: С282,
2292,С255,777,450.0,data/1 - sets/С251-300/С255_9.jpg,"Комплект с высокими трусиками, чашка 85В. Код: С255","Комплект с высокими трусиками, чашка 85В. Код: С255",
2295,С167,777,445.0,data/1 - sets/С151-200/С167_5.jpg,Комплект цвета бордо в пуш-ап чашке 80В. Код: С167,Комплект цвета бордо в пуш-ап чашке 80В. Код: С167,
3197,С323,777,880.0,data/1 - sets/С301-350/323_2.jpg,"Эротический комплект без поролона, размер S. Код: С323","Эротический комплект без поролона, размер S. Код: С323",
2298,Б327,777,240.0,data/2 - bras_bralets/Б301-350/Б327_1.jpg,Гладкий черный бюст на поролоне 80В. Код: Б327,Гладкий черный бюст на поролоне 80В. Код: Б327,
2299,Б328,777,280.0,data/2 - bras_bralets/Б301-350/Б328_4.jpg,Гладкий черный бюст чашка 70А. Код: Б328,Гладкий черный бюст чашка 70А. Код: Б328,
3146,КУ24,24,250.0,data/5 - swim/КУ1-50/24_0.jpg,"Черные пляжные трусики американки, 36, 40, 42, 44. Код: КУ24","Черные пляжные трусики американки, 36, 40, 42, 44. Код: КУ24",
2301,Т385,77,140.0,data/3 - panties/Т351-400/Т385_9.jpg,"Кружевные стринги, два цвета, S, M, L. Код: Т385","Кружевные стринги, два цвета, S, M, L. Код: Т385",
3113,Т365,77,160.0,data/3 - panties/Т351-400/365_10.jpg,"Кружевные трусики стринги, две расцветки. Код: Т365","Кружевные трусики стринги, две расцветки. Код: Т365",
2303,Т387,77,180.0,data/3 - panties/Т351-400/387_3.jpg,"Трусики бикини Coeur Joie в 5 цветах, р.44-50. Код: Т387","Трусики бикини Coeur Joie в 5 цветах, р.44-50. Код: Т387",
2451,Т333,77,180.0,data/3 - panties/Т301-350/Т333.jpg,"Трусики бикини Coeur Joie, 2 цвета. Код: Т333","Трусики бикини Coeur Joie, 2 цвета. Код: Т333",
2305,Т389,77,135.0,data/3 - panties/Т351-400/Т389.jpg,Трусики бикини S. Код: Т389,Трусики бикини S. Код: Т389,
2306,Б329,777,240.0,data/2 - bras_bralets/Б301-350/Б329_1.jpg,"Гладкий бюст пушап чашка 85В, черный. Код: Б329","Гладкий бюст пушап чашка 85В, черный. Код: Б329",
2307,Б330,777,240.0,data/2 - bras_bralets/Б301-350/Б330.jpg,Леопардовый бюст чашка 75С. Код: Б330,Леопардовый бюст чашка 75С. Код: Б330,
2308,С288,777,430.0,data/1 - sets/С251-300/288_3.jpg,Черный кружевной комплект XL. Код: С288,Черный кружевной комплект XL. Код: С288,
2309,С289,777,465.0,data/1 - sets/С251-300/С289_1.jpg,Комплект с велюровыми вставками чашка 80С. Код: С289,Комплект с велюровыми вставками чашка 80С. Код: С289,
2640,С275,777,480.0,data/1 - sets/С251-300/275_14.jpg,Комплект чашка 80В с чокером цвета тиффани. Код: С275,Комплект чашка 80В с чокером цвета тиффани. Код: С275,
2643,С304,777,460.0,data/1 - sets/С301-350/С304_2.jpg,Комплект гелевый пушап чашка 85В. Код: С304,Комплект гелевый пушап чашка 85В. Код: С304,
2312,Д17,777,450.0,data/4 - pajamas/Д1-50/Д17_0.jpg,"Велюровая пижама небесного цвета, L. Код: Д17","Велюровая пижама небесного цвета, L. Код: Д17",
2313,Д17,777,450.0,data/4 - pajamas/Д1-50/Д17_1.jpg,"Велюровый комплект цвета терракот, размер М. Код: Д17","Велюровый комплект цвета терракот, размер М. Код: Д17",
2315,Б331,777,280.0,data/2 - bras_bralets/Б301-350/Б331.jpg,Бюст на тонком поролоне чашка 75С. Код: Б331,Бюст на тонком поролоне чашка 75С. Код: Б331,
2316,Б332,777,245.0,data/2 - bras_bralets/Б301-350/Б332_1.jpg,Черный бюст на толстом поролоне чашка 85В. Код: Б332,Черный бюст на толстом поролоне чашка 85В. Код: Б332,
2317,С293,777,570.0,data/1 - sets/С251-300/С293_4.jpg,"Шикарный комплект на корректоре, чашка 85В. Код: С293","Шикарный комплект на корректоре, чашка 85В. Код: С293",
2318,С294,777,450.0,data/1 - sets/С251-300/С294_1.jpg,Комплект бирюзовый чашка 80С. Код: С294,Комплект бирюзовый чашка 80С. Код: С294,
2319,Б333,777,280.0,data/2 - bras_bralets/Б301-350/Б333.jpg,Белый бюстики на поролоне 85C. Код: Б333,Белый бюстики на поролоне 85C. Код: Б333,
2320,С295,777,465.0,data/1 - sets/С251-300/С295.jpg,Комплект цвет какао чашка 85В. Код: С295,Комплект цвет какао чашка 85В. Код: С295,
2321,Б334,777,270.0,data/2 - bras_bralets/Б301-350/Б334.jpg,Черный бюст чашка 95D. Код: Б334,Черный бюст чашка 95D. Код: Б334,
2322,С223,777,470.0,data/1 - sets/С201-250/С223_3.jpg,Комплект с бюстье-балконет корсетного типа. Код: С223,Комплект с бюстье-балконет корсетного типа. Код: С223,
2324,С214,777,480.0,data/1 - sets/С201-250/С214_6.jpg,"Черный литой комплект, чашка 85С. Код: С214","Черный литой комплект, чашка 85С. Код: С214",
2325,С214,777,450.0,data/1 - sets/С201-250/214_1.jpg,"Белый комплект без косточки, чашка 85С. Код: С214","Белый комплект без косточки, чашка 85С. Код: С214",
2326,С225,777,430.0,data/1 - sets/С201-250/С225_5.jpg,"Кружевной комплект темно-синего цвета, XL. Код: С225","Кружевной комплект темно-синего цвета, XL. Код: С225",
2327,С296,777,460.0,data/1 - sets/С251-300/С296_1.jpg,Велюровый бралетт и плавки чашка В. Код: С296,Велюровый бралетт и плавки чашка В. Код: С296,
2328,С297,777,445.0,data/1 - sets/С251-300/С297_4.jpg,Кружевной бралетт и шортики. Код: С297,Кружевной бралетт и шортики. Код: С297,
2330,С266,777,465.0,data/1 - sets/С251-300/С266_6.jpg,Серо-розовый комплект чашка 90С. Код: С266,Серо-розовый комплект чашка 90С. Код: С266,
2331,С266,777,560.0,data/1 - sets/С251-300/С266_5.jpg,Комплект цвета пудра чашка 80С. Код: С266,Комплект цвета пудра чашка 80С. Код: С266,
3158,С280,777,1100.0,data/1 - sets/С251-300/280_10.jpg,Комплект Женщина Кошка для ролевых игр. Код: С280,Комплект Женщина Кошка для ролевых игр. Код: С280,
2333,С298,777,430.0,data/1 - sets/С251-300/С298.jpg,Черный комплект на пушапе 85В. Код: С298,Черный комплект на пушапе 85В. Код: С298,
2335,С303,777,630.0,data/1 - sets/С301-350/С303_2.jpg,"Черный комплект на пушапе, 85В. Код: С303","Черный комплект на пушапе, 85В. Код: С303",
2336,С299,777,440.0,data/1 - sets/С251-300/С299_0.jpg,"Бежевый комплект на корректоре, чашка 85В. Код: С299","Бежевый комплект на корректоре, чашка 85В. Код: С299",
2863,С90,777,450.0,data/1 - sets/С51-100/90_0.jpg,Комплект чашка 85D цвета изумруд. Код: С90,Комплект чашка 85D цвета изумруд. Код: С90,
2338,С241,777,500.0,data/1 - sets/С201-250/С241_4.jpg,Бралет и трусики-хипстеры. Код: С241,Бралет и трусики-хипстеры. Код: С241,
2945,А65,777,100.0,data/6 - erotic/51-100/A65_13.jpg,Эротические трусики с бусинами белые. Код: А65,Эротические трусики с бусинами белые. Код: А65,
3082,С29,777,650.0,data/1 - sets/С1-50/29_6.jpg,"Синий комплект тройка Adidas, M. Код: С29","Синий комплект тройка Adidas, M. Код: С29",
2342,Т390,77,80.0,data/3 - panties/Т351-400/Т390.jpg,"Трусики слипы хлопок, XL, 2XL, 3XL. Код: Т390","Трусики слипы хлопок, XL, 2XL, 3XL. Код: Т390",
2648,С278,777,480.0,data/1 - sets/С251-300/С278_0.jpg,"Черный комплект со стрингами, пушап 85В. Код: С278","Черный комплект со стрингами, пушап 85В. Код: С278",
2344,Т392,77,120.0,data/3 - panties/Т351-400/Т392.jpg,"Реплика трусики Calvin Klein хлопок: S, M. Код: Т392","Реплика трусики Calvin Klein хлопок: S, M. Код: Т392",
2565,Т146,777,120.0,data/3 - panties/Т101-150/Т146.jpg,"Трусы мужские боксеры Philipp Plein, размер L. Код: Т146","Трусы мужские боксеры Philipp Plein, размер L. Код: Т146",
3442,Б158,777,200.0,data/2 - bras_bralets/Б151-200/158_21.jpg,Ажурные пуш-ап бюстики в чашке 75В. Код: Б158,Ажурные пуш-ап бюстики в чашке 75В. Код: Б158,
2350,Б335,777,250.0,data/2 - bras_bralets/Б301-350/Б335.jpg,Черный бюст чашка 100D. Код: Б335,Черный бюст чашка 100D. Код: Б335,
2351,Б332,777,245.0,data/2 - bras_bralets/Б301-350/Б332_4.jpg,Белый бюст на толстом поролоне чашка 75В. Код: Б332,Белый бюст на толстом поролоне чашка 75В. Код: Б332,
2649,С123,777,430.0,data/1 - sets/С101-150/123_14.jpg,Хитовый комплект в чашке 80В. Код: С123,Хитовый комплект в чашке 80В. Код: С123,
2620,PR24,3,180.0,data/prokat/PR24_1.jpg,Костюм &quot;Заяц&quot;,Костюм &quot;Заяц&quot;,
2622,PR26,3,300.0,data/prokat/PR26_1.jpg,Восточный костюм &quot;Жасмин&quot;,Восточный костюм &quot;Жасмин&quot;,
2623,PR27,3,500.0,data/prokat/PR27.jpg,Костюм &quot;Мальвина&quot;,Костюм &quot;Мальвина&quot;,
2624,PR28,3,500.0,data/prokat/PR28_3.jpg,Костюм &quot;Принцесса&quot;,Костюм &quot;Принцесса&quot;,
2625,PR29,3,200.0,data/prokat/PR29_1.jpg,Костюм &quot;Апельсин&quot;,Костюм &quot;Апельсин&quot;,
2626,PR30,3,200.0,data/prokat/PR30_1.jpg,Костюм &quot;Снеговичок&quot;,Костюм &quot;Снеговичок&quot;,
2627,PR31,3,200.0,data/prokat/PR31_1.jpg,Костюм &quot;Чиполлино&quot;,Костюм &quot;Чиполлино&quot;,
2628,PR32,3,180.0,data/prokat/PR32_1.jpg,Костюм &quot;Кузнечик&quot;,Костюм &quot;Кузнечик&quot;,
2629,PR33,3,250.0,data/prokat/PR33_1.jpg,Костюм &quot;Волшебник&quot;,Костюм &quot;Волшебник&quot;,
2630,PR34,3,200.0,data/prokat/PR34.jpg,Костюм &quot;Пират №1&quot;,Костюм &quot;Пират №1&quot;,
2631,PR35,3,200.0,data/prokat/PR35_5.jpg,Костюм &quot;Пират №2&quot;,Костюм &quot;Пират №2&quot;,
2632,PR36,3,300.0,data/prokat/PR36_1.jpg,Костюм &quot;Султан&quot;,Костюм &quot;Султан&quot;,
2633,PR37,3,180.0,data/prokat/PR37_1.jpg,Костюм &quot;Мишка&quot;,Костюм &quot;Мишка&quot;,
2634,PR38,3,200.0,data/prokat/PR38_1.jpg,Костюм &quot;Осенний король&quot;,Костюм &quot;Осенний король&quot;,
2635,PR39,3,50.0,data/prokat/PR39.jpg,Воротник &quot;Василёк&quot;,Воротник &quot;Василёк&quot;,
2636,PR40,3,200.0,data/prokat/PR40.jpg,Костюм &quot;Красный гном&quot;,Костюм &quot;Красный гном&quot;,
2637,PR41,3,200.0,data/prokat/PR41.jpg,Костюм &quot;Санта Клаус&quot;,Костюм &quot;Санта Клаус&quot;,
2638,PR42,3,500.0,data/prokat/PR42_2.jpg,Костюм &quot;Крыса&quot;,Костюм &quot;Крыса&quot;,
2639,С290,777,480.0,data/1 - sets/С251-300/С290_3.jpg,Два цвета! Комплект на пушапе чашка 80В. Код: С290,Два цвета! Комплект на пушапе чашка 80В. Код: С290,
2641,С275,777,550.0,data/1 - sets/С251-300/275_35.jpg,Комплект чашка 75В серо-розовый. Код: С275,Комплект чашка 75В серо-розовый. Код: С275,
2651,Б288,777,320.0,data/2 - bras_bralets/Б251-300/288_0.jpg,"Бюстик в форме цветка, чашка С, два цвета. Код: Б288","Бюстик в форме цветка, чашка С, два цвета. Код: Б288",
2652,С245,777,440.0,data/1 - sets/С201-250/245_0.jpg,Молочный комплект чашка 90C поролон. Код: С245,Молочный комплект чашка 90C поролон. Код: С245,
2653,С246,777,490.0,data/1 - sets/С201-250/246_0.jpg,"Белый комплект: бралетт и трусики L, XL. Код: С246","Белый комплект: бралетт и трусики L, XL. Код: С246",
2654,С247,777,470.0,data/1 - sets/С201-250/247_0.jpg,Черный комплект чашка 75B поролон. Код: С247,Черный комплект чашка 75B поролон. Код: С247,
2655,Б289,777,380.0,data/2 - bras_bralets/Б251-300/289_1.jpg,Красивый черный бюстик балконет чашка 85В. Код: Б289,Красивый черный бюстик балконет чашка 85В. Код: Б289,
2656,Б289,777,380.0,data/2 - bras_bralets/Б251-300/289_4.jpg,Красивый красный бюстик балконет чашка 85В. Код: Б289,Красивый красный бюстик балконет чашка 85В. Код: Б289,
2657,Б289,777,380.0,data/2 - bras_bralets/Б251-300/289_7.jpg,Красивый белый бюстик балконет чашка В. Код: Б289,Красивый белый бюстик балконет чашка В. Код: Б289,
3029,Б36,777,320.0,data/2 - bras_bralets/Б1-50/36_0.jpg,Сиреневый бюстик анжелика пушап чашка 85В. Код: Б36,Сиреневый бюстик анжелика пушап чашка 85В. Код: Б36,
2659,Б287,777,320.0,data/2 - bras_bralets/Б251-300/287_0.jpg,Бюстик пудра большой пуш-ап чашка В. Код: Б287,Бюстик пудра большой пуш-ап чашка В. Код: Б287,
2660,Б295,777,320.0,data/2 - bras_bralets/Б251-300/295_1.jpg,"Белый бюст застежка впереди, чашка 75В. Код: Б295","Белый бюст застежка впереди, чашка 75В. Код: Б295",
2661,Б295,777,320.0,data/2 - bras_bralets/Б251-300/295_0.jpg,"Черный бюст застежка спереди, чашка 85В. Код: Б295","Черный бюст застежка спереди, чашка 85В. Код: Б295",
3896,А199,777,75.0,data/6 - erotic/151-200/199_5.jpg,БДСМ зажимы для сосков. Код: А199,БДСМ зажимы для сосков. Код: А199,
2664,Т10,77,180.0,data/3 - panties/Т1-50/10_0.jpg,"Трусики Coeur Joie, 3 цвета. Код: Т10","Трусики Coeur Joie, 3 цвета. Код: Т10",
3165,Т21,77,250.0,data/3 - panties/Т1-50/21_25.jpg,"Черные трусики бикини со стразами, M. Код: Т21","Черные трусики бикини со стразами, M. Код: Т21",
3164,С55,777,900.0,data/1 - sets/С51-100/C55_42.jpg,Желтый комплект Victoria\,Желтый комплект Victoria\,
3162,Б111,777,350.0,data/2 - bras_bralets/Б101-150/111_14.jpg,Молочный бюстик без косточек 85В. Код: Б111,Молочный бюстик без косточек 85В. Код: Б111,
2671,С40,777,440.0,data/1 - sets/С1-50/40_0.jpg,Комплект с вышивкой чашка 75С поролон. Код: С40,Комплект с вышивкой чашка 75С поролон. Код: С40,
2672,Б6,777,250.0,data/2 - bras_bralets/Б1-50/6_8.jpg,"Бюстгальтер чашка 80С тонкий поролон, цвет бордо. Код: Б6","Бюстгальтер чашка 80С тонкий поролон, цвет бордо. Код: Б6",
2675,Б15,777,280.0,data/2 - bras_bralets/Б1-50/15_0.jpg,Бюстик гладкий пудра чашка 85В без косточки. Код: Б15,Бюстик гладкий пудра чашка 85В без косточки. Код: Б15,
2678,КУ35,9,840.0,data/5 - swim/КУ1-50/35_0.jpg,"Оранжевый купальник молодежный, р.36. Код: КУ35","Оранжевый купальник молодежный, р.36. Код: КУ35",
2679,КУ36,9,450.0,data/5 - swim/КУ1-50/36_0.jpg,"Туника для пляжа, черная, р. 2XL. Код: КУ36","Туника для пляжа, черная, р. 2XL. Код: КУ36",
3193,А21,777,210.0,data/6 - erotic/1-50/21_0.jpg,"Эротические трусики с брюликом, красные. Код: А21","Эротические трусики с брюликом, красные. Код: А21",
2681,КУ38,9,450.0,data/5 - swim/КУ1-50/38_0.jpg,"Детский купальник LOL, бирюзовый. Код: КУ38","Детский купальник LOL, бирюзовый. Код: КУ38",
2682,КУ39,9,300.0,data/5 - swim/КУ1-50/39_0.jpg,"Детский купальник LOL сердечки, размер 32. Код: КУ39","Детский купальник LOL сердечки, размер 32. Код: КУ39",
3191,А20,777,210.0,data/6 - erotic/1-50/20_2.jpg,"Трусики эротические &quot;Лилия&quot;, розовые. Код: А20","Трусики эротические &quot;Лилия&quot;, розовые. Код: А20",
3192,А21,777,210.0,data/6 - erotic/1-50/21_1.jpg,"Эротические трусики с брюликом, черные. Код: А21","Эротические трусики с брюликом, черные. Код: А21",
2685,КУ42,9,320.0,data/5 - swim/КУ1-50/42_0.jpg,Мужские пляжные боксеры. Код: КУ42,Мужские пляжные боксеры. Код: КУ42,
3825,А2061507,777,320.0,data/6 - erotic/201-250/206_1507_0.jpg,Эротический боди-комбинезон сетка. Код: А2061507,Эротический боди-комбинезон сетка. Код: А2061507,
3771,Т424,777,220.0,data/3 - panties/401-450/424_0.jpg,Мужские боксерки Calvin Klein 2XL. Код: Т424,Мужские боксерки Calvin Klein 2XL. Код: Т424,
3770,КУ43,9,700.0,data/5 - swim/КУ1-50/43_8.jpg,"Оранжевый женский купальник, 36, 38, 42, 44. Код: КУ43","Оранжевый женский купальник, 36, 38, 42, 44. Код: КУ43",
3190,А20,777,210.0,data/6 - erotic/1-50/20_4.jpg,"Трусики эротические &quot;Лилия&quot;, бордо. Код: А20","Трусики эротические &quot;Лилия&quot;, бордо. Код: А20",
3189,А20,777,210.0,data/6 - erotic/1-50/20_3.jpg,"Трусики эротические &quot;Лилия&quot;, красные. Код: А20","Трусики эротические &quot;Лилия&quot;, красные. Код: А20",
2690,КУ47,3,550.0,data/5 - swim/КУ1-50/47_1.jpg,Купальник в стиле Victoria\,Купальник в стиле Victoria\,
3188,А20,777,210.0,data/6 - erotic/1-50/20_1.jpg,"Трусики эротические &quot;Лилия&quot;, белые. Код: А20","Трусики эротические &quot;Лилия&quot;, белые. Код: А20",
3187,А20,777,210.0,data/6 - erotic/1-50/20_0.jpg,"Трусики эротические &quot;Лилия&quot;, черные. Код: А20","Трусики эротические &quot;Лилия&quot;, черные. Код: А20",
3186,А19,777,210.0,data/6 - erotic/1-50/19_0.jpg,"Прозрачные эротические трусики, черные. Код: А19","Прозрачные эротические трусики, черные. Код: А19",
3185,А18,777,210.0,data/6 - erotic/1-50/18_3.jpg,"Трусики стринги &quot;бабочка&quot;, белые. код: а18","Трусики стринги &quot;бабочка&quot;, белые. код: а18",
3184,А17,777,210.0,data/6 - erotic/1-50/17_5.jpg,"Трусики с бусинами &quot;Бабочка&quot;, розовые. Код: А17","Трусики с бусинами &quot;Бабочка&quot;, розовые. Код: А17",
3183,А17,777,210.0,data/6 - erotic/1-50/17_1.jpg,"Трусики с бусинами &quot;Бабочка&quot;, красные. Код: А17","Трусики с бусинами &quot;Бабочка&quot;, красные. Код: А17",
2700,С257,777,890.0,data/1 - sets/С251-300/C257_20.jpg,Молочный сексуальный комплект-тройка. Код: С257,Молочный сексуальный комплект-тройка. Код: С257,
2703,С43,777,699.0,data/1 - sets/С1-50/43.jpg,"Черный сексуальный комплект, размер L. Код: С43","Черный сексуальный комплект, размер L. Код: С43",
2704,С46,777,589.0,data/1 - sets/С1-50/46.jpg,"Черный сексуальный комплект-тройка, L. Код: С46","Черный сексуальный комплект-тройка, L. Код: С46",
2705,Б8,777,285.0,data/2 - bras_bralets/Б1-50/8.jpg,Бюстгальтер с чокером чашка 80B. Код: Б8,Бюстгальтер с чокером чашка 80B. Код: Б8,
2706,Б12,777,260.0,data/2 - bras_bralets/Б1-50/12_0.jpg,Красный бюстгальтер пуш-ап чашка 85В. Код: Б12,Красный бюстгальтер пуш-ап чашка 85В. Код: Б12,
2707,Б12,777,260.0,data/2 - bras_bralets/Б1-50/12_2.jpg,Белый бюстгальтер пуш-ап чашка 85В. Код: Б12,Белый бюстгальтер пуш-ап чашка 85В. Код: Б12,
2708,Б12,777,260.0,data/2 - bras_bralets/Б1-50/12_1.jpg,Бежевый бюстгальтер с корректором 85С. Код: Б12,Бежевый бюстгальтер с корректором 85С. Код: Б12,
3178,А14,777,210.0,data/6 - erotic/1-50/14_0.jpg,Изумрудные трусики с открытым доступом &quot;Три ромашки&quot;. Код: А14,Изумрудные трусики с открытым доступом &quot;Три ромашки&quot;. Код: А14,
2711,С47,777,620.0,data/1 - sets/С1-50/47_0.jpg,Черный комплект пуш-ап чашка 85В. Код: С47,Черный комплект пуш-ап чашка 85В. Код: С47,
2712,С48,777,580.0,data/1 - sets/С1-50/48_0.jpg,Синий комплект чашка 75С. Код: С48,Синий комплект чашка 75С. Код: С48,
3404,Б13,777,420.0,data/2 - bras_bralets/Б1-50/13_21.jpg,Черно-бежевый бюстгальтер спейсер чашка С. Код: Б13,Черно-бежевый бюстгальтер спейсер чашка С. Код: Б13,
3399,Т16,77,120.0,data/3 - panties/Т1-50/16_20.jpg,Черные трусики ХL. Код: Т16,Черные трусики ХL. Код: Т16,
2715,Т18,77,180.0,data/3 - panties/Т1-50/18_0.jpg,"Сексуальные трусики бикини, XL. Код: Т18","Сексуальные трусики бикини, XL. Код: Т18",
2716,С60,777,480.0,data/1 - sets/С51-100/C60_5.jpg,Белый комплект в чашке 80С. Код: С60,Белый комплект в чашке 80С. Код: С60,
2717,Б31,777,250.0,data/2 - bras_bralets/Б1-50/31_13.jpg,Белый бюстик чашка 75С. Код: Б31,Белый бюстик чашка 75С. Код: Б31,
3111,Б60,777,50.0,data/2 - bras_bralets/Б51-100/66_10.jpg,Бретели  силиконовые (прозрачные). Код: Б60,Бретели  силиконовые (прозрачные). Код: Б60,
2783,С75,777,650.0,data/1 - sets/С51-100/75_3.jpg,Комплект Victoria\,Комплект Victoria\,
2723,Б342,777,250.0,data/2 - bras_bralets/Б301-350/342_3.jpg,Черный бюстик без поролона чашка 85D. Код: Б342,Черный бюстик без поролона чашка 85D. Код: Б342,
2724,Т20,77,160.0,data/3 - panties/Т1-50/20_1.jpg,"Красивые трусики, шампань, S. Код: Т20","Красивые трусики, шампань, S. Код: Т20",
3537,С209,777,630.0,data/1 - sets/С201-250/209_24.jpg,Комплект в чашке D цвета хаки. Код: С209,Комплект в чашке D цвета хаки. Код: С209,
3541,Б346,777,380.0,data/2 - bras_bralets/Б301-350/346_0.jpg,Бюстик на чашку D цвета фуксия. Код: Б346,Бюстик на чашку D цвета фуксия. Код: Б346,
2727,Б21,777,280.0,data/2 - bras_bralets/Б1-50/21_0.jpg,Молочный бюстик в чашке 85В. Код: Б21,Молочный бюстик в чашке 85В. Код: Б21,
2728,Б20,777,245.0,data/2 - bras_bralets/Б1-50/20_0.jpg,Белый бюстик Anfen в чашке 75C. Код: Б20,Белый бюстик Anfen в чашке 75C. Код: Б20,
2729,Б19,777,240.0,data/2 - bras_bralets/Б1-50/19.jpg,Белый бюстик в чашке 85C. Код: Б19,Белый бюстик в чашке 85C. Код: Б19,
3403,Б13,777,420.0,data/2 - bras_bralets/Б1-50/13_20.jpg,Бежевый бюстгальтер спейсер в чашке 80С. Код: Б13,Бежевый бюстгальтер спейсер в чашке 80С. Код: Б13,
2731,С49,777,480.0,data/1 - sets/С1-50/49_0.jpg,Белый комплект чашка 85С. Код: С49,Белый комплект чашка 85С. Код: С49,
2732,КУ55,3,650.0,data/5 - swim/51-100/55_0.jpg,"Модный купальник VS, р. 42. Код: КУ55","Модный купальник VS, р. 42. Код: КУ55",
2750,С208,777,480.0,data/1 - sets/С201-250/208_9.jpg,Черный комплект в гладенькой чашкой 85С. Код: С208,Черный комплект в гладенькой чашкой 85С. Код: С208,
3182,А17,777,210.0,data/6 - erotic/1-50/17_2.jpg,"Трусики с бусинами &quot;Бабочка&quot;, черные. Код: А17","Трусики с бусинами &quot;Бабочка&quot;, черные. Код: А17",
2734,КУ35,9,840.0,data/5 - swim/КУ1-50/35_6.jpg,Черный купальник молодежный. Код: КУ35,Черный купальник молодежный. Код: КУ35,
3181,А17,777,210.0,data/6 - erotic/1-50/17_0.jpg,"Трусики с бусинами &quot;Бабочка&quot;, белые. Код: А17","Трусики с бусинами &quot;Бабочка&quot;, белые. Код: А17",
2769,С63,777,650.0,data/1 - sets/С51-100/63_7.jpg,Белый гладкий комплект без косточек 85В. Код: С63,Белый гладкий комплект без косточек 85В. Код: С63,
2737,КУ59,3,540.0,data/5 - swim/51-100/59_0.jpg,"Раздельный красный купальник, р.42. Код: КУ59","Раздельный красный купальник, р.42. Код: КУ59",
2738,КУ60,3,790.0,data/5 - swim/51-100/60_0.jpg,"Стильный черный купальник, р.40. Код: КУ60","Стильный черный купальник, р.40. Код: КУ60",
3194,А22,777,210.0,data/6 - erotic/1-50/22_1.jpg,"Трусики с бусинами &quot;Сердце&quot;, белые. Код: А22","Трусики с бусинами &quot;Сердце&quot;, белые. Код: А22",
2740,КУ62,3,700.0,data/5 - swim/51-100/62_3.jpg,Желтый молодежный купальник. Код: КУ62,Желтый молодежный купальник. Код: КУ62,
2741,КУ63,3,680.0,data/5 - swim/51-100/63_0.jpg,"Красный купальник, р. 44. Код: КУ63","Красный купальник, р. 44. Код: КУ63",
2742,КУ64,3,680.0,data/5 - swim/51-100/64.jpg,"Голубой купальник, р. 42. Код: КУ64","Голубой купальник, р. 42. Код: КУ64",
2743,КУ65,3,480.0,data/5 - swim/51-100/65_0.jpg,"Минималистичный красный купальник, р. 42-46. Код: КУ65","Минималистичный красный купальник, р. 42-46. Код: КУ65",
2744,КУ65,3,480.0,data/5 - swim/51-100/65_1.jpg,"Минималистичный черный купальник, р. 42-46. Код: КУ65","Минималистичный черный купальник, р. 42-46. Код: КУ65",
2746,КУ66,3,550.0,data/5 - swim/51-100/66.jpg,"Малиновый модный купальник, р. L. Код: КУ66","Малиновый модный купальник, р. L. Код: КУ66",
2747,С272,777,490.0,data/1 - sets/С251-300/272_8.jpg,Черный комплект с гладким бюстом чашка 85С. Код: С272,Черный комплект с гладким бюстом чашка 85С. Код: С272,
2748,Б305,777,280.0,data/2 - bras_bralets/Б301-350/305_1.jpg,"Бюст push-up чашка 85В, бордо. Код: Б305","Бюст push-up чашка 85В, бордо. Код: Б305",
2749,Б306,777,240.0,data/2 - bras_bralets/Б301-350/306_0.jpg,"Бюст чашка 75С, розовый. Код: Б306","Бюст чашка 75С, розовый. Код: Б306",
3084,С76,777,720.0,data/1 - sets/С51-100/76_0.jpg,Красный коттоновый комплект Victoria\,Красный коттоновый комплект Victoria\,
2752,Б23,777,230.0,data/2 - bras_bralets/Б1-50/23_2.jpg,Гладкий белый бюстгальтер чашка 90С. Код: Б23,Гладкий белый бюстгальтер чашка 90С. Код: Б23,
2753,С51,777,480.0,data/1 - sets/С51-100/51_0.jpg,Белый комплект чашка 85С. Код: С51,Белый комплект чашка 85С. Код: С51,
3108,С16,777,450.0,data/1 - sets/С1-50/16_8.jpg,Черный прозрачный комплект с нашивками. Код: С16,Черный прозрачный комплект с нашивками. Код: С16,
2755,Б24,777,280.0,data/2 - bras_bralets/Б1-50/24_0.jpg,Гладкий бежевый бюстгальтер чашка 80С. Код: Б24,Гладкий бежевый бюстгальтер чашка 80С. Код: Б24,
2756,С58,777,570.0,data/1 - sets/С51-100/58_7.jpg,Комплект на чашку 85D цвета шоколад. Код: С58,Комплект на чашку 85D цвета шоколад. Код: С58,
2757,Д2,777,450.0,data/4 - pajamas/Д1-50/005 красный мрамор.jpg,Велюровая пижамка красная S-M. Код: Д2,Велюровая пижамка красная S-M. Код: Д2,
2758,Д2,777,450.0,data/4 - pajamas/Д1-50/005 электрик мрамор.jpg,Синяя пижамка мраморный велюр. Код: Д2,Синяя пижамка мраморный велюр. Код: Д2,
3009,Д47,777,450.0,data/4 - pajamas/Д1-50/47_черн и мал.jpg,Пижамка майка и шорты из вискозы. Код: Д47,Пижамка майка и шорты из вискозы. Код: Д47,
2761,Д2,777,450.0,data/4 - pajamas/Д1-50/005-1 персик.jpg,Велюровая пижама цвета персик. Код: Д2,Велюровая пижама цвета персик. Код: Д2,
2760,Д2,777,500.0,data/4 - pajamas/Д1-50/005-1 пинк 2.jpg,Велюровая пижама цвета пинк. Код: Д2,Велюровая пижама цвета пинк. Код: Д2,
2762,Д2,777,450.0,data/4 - pajamas/Д1-50/005 пудра мрамор.jpg,Велюровая пижама цвета пудра мрамор. Код: Д2,Велюровая пижама цвета пудра мрамор. Код: Д2,
2765,С61,777,540.0,data/1 - sets/С51-100/61_7.jpg,Бежевый комплект чашка 85В. Код: С61,Бежевый комплект чашка 85В. Код: С61,
2766,Б25,777,285.0,data/2 - bras_bralets/Б1-50/25_0.jpg,Черный ажурный бюстик чашка 80С. Код: Б25,Черный ажурный бюстик чашка 80С. Код: Б25,
2767,С62,777,455.0,data/1 - sets/С51-100/62_4.jpg,Белый комплект пуш-ап чашка 85В. Код: С62,Белый комплект пуш-ап чашка 85В. Код: С62,
2768,КУ58,3,850.0,data/5 - swim/51-100/58_0.jpg,"Сплошной молодежный купальник, L. Код: КУ58","Сплошной молодежный купальник, L. Код: КУ58",
2770,КУ67,3,750.0,data/5 - swim/51-100/67_2.jpg,Модный купальник с топом. Код: КУ67,Модный купальник с топом. Код: КУ67,
2771,КУ71,3,560.0,data/5 - swim/51-100/71_0.jpg,"Модный черный купальник с топом, р.40. Код: КУ71","Модный черный купальник с топом, р.40. Код: КУ71",
2772,Т11,77,250.0,data/3 - panties/Т1-50/11_0.jpg,Трусики в стиле Victoria\,Трусики в стиле Victoria\,
2774,Т224,777,85.0,data/3 - panties/Т201-250/224_9.jpg,Бесшовные трусики с рисунком &quot;киска&quot;. Код: Т224,Бесшовные трусики с рисунком &quot;киска&quot;. Код: Т224,
3166,КУ74,24,950.0,data/5 - swim/51-100/74_4.jpg,Раздельный пуш-ап купальник со стразами Love Me. Код: КУ74,Раздельный пуш-ап купальник со стразами Love Me. Код: КУ74,
2777,С65,777,560.0,data/1 - sets/С51-100/65_4.jpg,"Гладкий на корректоре со стразами, бордо 85С. Код: С65","Гладкий на корректоре со стразами, бордо 85С. Код: С65",
2778,С64,777,450.0,data/1 - sets/С51-100/64_1.jpg,Черно-бежевый комплект в чашке 105Е. Код: С64,Черно-бежевый комплект в чашке 105Е. Код: С64,
2779,КУ61,3,750.0,data/5 - swim/51-100/61_0.jpg,Стильный черный купальник с топом. Код: КУ61,Стильный черный купальник с топом. Код: КУ61,
3110,С78,777,540.0,data/1 - sets/С51-100/78_6.jpg,Винный ажурный комплект без поролона 75В. Код: С78,Винный ажурный комплект без поролона 75В. Код: С78,
2786,Б44,777,390.0,data/2 - bras_bralets/Б1-50/44_1.jpg,Бюстгальтер в чашке 85D цвета слива. Код: Б44,Бюстгальтер в чашке 85D цвета слива. Код: Б44,
2787,Т23,77,95.0,data/3 - panties/Т1-50/23_0.jpg,"Трусики женские разные цвета, XL, 2XL. Код: Т23","Трусики женские разные цвета, XL, 2XL. Код: Т23",
2788,Т24,77,90.0,data/3 - panties/Т1-50/24_0.jpg,"Трусики женские разные цвета, 2XL, 3XL, 4XL. Код: Т24","Трусики женские разные цвета, 2XL, 3XL, 4XL. Код: Т24",
2789,Д1,777,550.0,data/4 - pajamas/Д1-50/1_пинк2.jpg,Велюровый халатик цвета пинк. Код: Д1,Велюровый халатик цвета пинк. Код: Д1,
2790,Д37,777,245.0,data/4 - pajamas/Д1-50/37_красн.jpg,Красная ночная рубашка-пеньюар. Код: Д37,Красная ночная рубашка-пеньюар. Код: Д37,
2791,Д37,777,245.0,data/4 - pajamas/Д1-50/37_черн.jpg,Черная ночная рубашка-пеньюар. Код: Д37,Черная ночная рубашка-пеньюар. Код: Д37,
2792,Д38,777,285.0,data/4 - pajamas/Д1-50/38_черн.jpg,Черная ночная сорочка с кружевом. Код: Д38,Черная ночная сорочка с кружевом. Код: Д38,
2793,Д39,777,285.0,data/4 - pajamas/Д1-50/39_черн.jpg,Черный хлопковый пеньюар с кружевом. Код: Д39,Черный хлопковый пеньюар с кружевом. Код: Д39,
2794,Д40,777,400.0,data/4 - pajamas/Д1-50/40_красн.jpg,Красный пеньюар ткань софт. Код: Д40,Красный пеньюар ткань софт. Код: Д40,
2795,Д41,777,320.0,data/4 - pajamas/Д1-50/41_красн.jpg,Красная ночнушка из вискозы с кружевом. Код: Д41,Красная ночнушка из вискозы с кружевом. Код: Д41,
2796,Д36,777,275.0,data/4 - pajamas/Д1-50/36_черн.jpg,Женская черная ночная рубашка-пеньюар. Код: Д36,Женская черная ночная рубашка-пеньюар. Код: Д36,
2797,Д36,777,275.0,data/4 - pajamas/Д1-50/36_красн.jpg,Женская красная ночная рубашка-пеньюар. Код: Д36,Женская красная ночная рубашка-пеньюар. Код: Д36,
2798,Д35,777,430.0,data/4 - pajamas/Д1-50/35_1.jpg,Черная футболка и штаны с крыльями. Код: Д35,Черная футболка и штаны с крыльями. Код: Д35,
2799,Д34,777,580.0,data/4 - pajamas/Д1-50/34_черн.jpg,Велюровая черная пижама: футболка и шорты. Код: Д34,Велюровая черная пижама: футболка и шорты. Код: Д34,
2800,Д34,777,400.0,data/4 - pajamas/Д1-50/34_9.jpg,Велюровая пижама: футболка и шорты. Код: Д34,Велюровая пижама: футболка и шорты. Код: Д34,
2801,Д3,777,540.0,data/4 - pajamas/Д1-50/3_8.jpg,Велюровая персиковая маечка и брюки. Код: Д3,Велюровая персиковая маечка и брюки. Код: Д3,
2803,Д3,777,540.0,data/4 - pajamas/Д1-50/3_9.jpg,"Велюровая маечка и брюки, цвет пинк. Код: Д3","Велюровая маечка и брюки, цвет пинк. Код: Д3",
2804,Д3,777,540.0,data/4 - pajamas/Д1-50/3_11.jpg,Велюровая маечка и брюки цвета бордо. Код: Д3,Велюровая маечка и брюки цвета бордо. Код: Д3,
2805,Д7,777,450.0,data/4 - pajamas/Д1-50/7_красн.jpg,Красный прозрачный халатик. Код: Д7,Красный прозрачный халатик. Код: Д7,
3057,Д27,777,750.0,data/4 - pajamas/Д1-50/27_красный_черн.jpg,Халат красный &quot;Крылья ангела&quot;. Код: Д27,Халат красный &quot;Крылья ангела&quot;. Код: Д27,
2807,С178,777,450.0,data/1 - sets/С151-200/178_8.jpg,Сиреневый комплект большой пуш чашка 85В. Код: С178,Сиреневый комплект большой пуш чашка 85В. Код: С178,
2808,С152,777,430.0,data/1 - sets/С151-200/С152_6.jpg,"Пуш-ап комплект с литым бюстом, черный. Код: С152","Пуш-ап комплект с литым бюстом, черный. Код: С152",
2809,Д2,777,450.0,data/4 - pajamas/Д1-50/2_синийэлектрик.jpg,Велюровая пижама цвета электрик. Код: Д2,Велюровая пижама цвета электрик. Код: Д2,
2810,Д32,777,550.0,data/4 - pajamas/Д1-50/634 вишня велюр.jpg,Велюровая майка и шорты цвета вишня. Код: Д32,Велюровая майка и шорты цвета вишня. Код: Д32,
2812,Б224,777,210.0,data/2 - bras_bralets/Б201-250/Б223_7.jpg,Черный гладкий балконет пуш-ап 85В. Код: Б224,Черный гладкий балконет пуш-ап 85В. Код: Б224,
2813,Т49,77,160.0,data/3 - panties/Т1-50/49.jpg,Трусики стринги гипюровые Annajolly S. Код: Т49,Трусики стринги гипюровые Annajolly S. Код: Т49,
2814,Т50,77,85.0,data/3 - panties/Т1-50/50_0.jpg,"Трусики ANTTIFU х/б с гипюром, Х. Код: Т50","Трусики ANTTIFU х/б с гипюром, Х. Код: Т50",
2880,А3,777,100.0,data/6 - erotic/1-50/3_5.jpg,Чулки в сетку. Код: А3,Чулки в сетку. Код: А3,
3400,С10,777,615.0,data/1 - sets/С1-50/10_21.jpg,Черно-бежевый комплект чашка 95D. Код: С10,Черно-бежевый комплект чашка 95D. Код: С10,
2820,Т61,777,199.0,data/3 - panties/Т51-100/61_1.jpg,"Панталоны бежевые, 5XL. Код: Т61","Панталоны бежевые, 5XL. Код: Т61",
2821,Б63,777,250.0,data/2 - bras_bralets/Б51-100/63_1.jpg,Черный топ на чашку D-E (5XL). Код: Б63,Черный топ на чашку D-E (5XL). Код: Б63,
3413,Б66,777,270.0,data/2 - bras_bralets/Б51-100/66_5.png,Черный бюстгальтер-топ на чашку B-C. Код: Б66,Черный бюстгальтер-топ на чашку B-C. Код: Б66,
3414,Б68,777,300.0,data/2 - bras_bralets/Б51-100/68_5.jpg,Бежевый гладкий бюстик с 3D чашками. Код: Б68,Бежевый гладкий бюстик с 3D чашками. Код: Б68,
3412,Т31,77,110.0,data/3 - panties/Т1-50/31_10.jpg,"Высокие бежевые трусики с утяжкой, M. Код: Т31","Высокие бежевые трусики с утяжкой, M. Код: Т31",
2825,Б308,777,190.0,data/2 - bras_bralets/Б301-350/308_1.jpg,Бордовый ажурный топ L/XL (80/85В). Код: Б308,Бордовый ажурный топ L/XL (80/85В). Код: Б308,
2826,Т27,77,95.0,data/3 - panties/Т1-50/27_1.jpg,"Черные прозрачные стринги, р.42-44. Код: Т27","Черные прозрачные стринги, р.42-44. Код: Т27",
2827,Т60,777,125.0,data/3 - panties/Т51-100/60_1.jpg,Бежевые панталоны утяжки XL. Код: Т60,Бежевые панталоны утяжки XL. Код: Т60,
2828,Т28,77,95.0,data/3 - panties/Т1-50/28_1.jpg,"Белые трусики XL, 3XL. Код: Т28","Белые трусики XL, 3XL. Код: Т28",
2829,Б71,777,150.0,data/2 - bras_bralets/Б51-100/71_8.jpg,Серый спортивный топ на чашку 70В. Код: Б71,Серый спортивный топ на чашку 70В. Код: Б71,
2830,Д22,777,750.0,data/4 - pajamas/Д1-50/Д22_0.jpg,"Мужское термобелье Columbia Omni-heat, XL. Код: Д22","Мужское термобелье Columbia Omni-heat, XL. Код: Д22",
2832,С261,777,520.0,data/1 - sets/С251-300/261_5.jpg,Белый комплект чашка 80С. Код: С261,Белый комплект чашка 80С. Код: С261,
2833,С100,777,450.0,data/1 - sets/С51-100/100_3.jpg,Комплект цвета бордо чашка 85С. Код: С100,Комплект цвета бордо чашка 85С. Код: С100,
2834,С101,777,450.0,data/1 - sets/С101-150/101_1.jpg,Белый комплект чашка 80С. Код: С101,Белый комплект чашка 80С. Код: С101,
2835,Б40,777,350.0,data/2 - bras_bralets/Б1-50/40_1.jpg,Черный корсетный бюстгальтер чашка 75С. Код: Б40,Черный корсетный бюстгальтер чашка 75С. Код: Б40,
3089,Т75,777,90.0,data/3 - panties/Т51-100/75.jpg,Трусики бразильяны х/б с V-образной линией талии. Код: Т75,Трусики бразильяны х/б с V-образной линией талии. Код: Т75,
2837,Б37,777,280.0,data/2 - bras_bralets/Б1-50/37_0.jpg,Черный гладкий бюст анжелика пуш-ап чашка 80В. Код: Б37,Черный гладкий бюст анжелика пуш-ап чашка 80В. Код: Б37,
2838,Б38,777,270.0,data/2 - bras_bralets/Б1-50/38_0.jpg,"Гладкий бюст тонкий поролон, чашка 100Е. Код: Б38","Гладкий бюст тонкий поролон, чашка 100Е. Код: Б38",
2839,Б39,777,280.0,data/2 - bras_bralets/Б1-50/39_2.jpg,Черный гладкий бюст пуш-ап 80В. Код: Б39,Черный гладкий бюст пуш-ап 80В. Код: Б39,
2840,Б42,777,250.0,data/2 - bras_bralets/Б1-50/42_2.jpg,Черный гладкий бюст чашка 85С. Код: Б42,Черный гладкий бюст чашка 85С. Код: Б42,
2841,Б50,777,250.0,data/2 - bras_bralets/Б1-50/50_1.jpg,Черный бюст тонкий поролон чашка 75D. Код: Б50,Черный бюст тонкий поролон чашка 75D. Код: Б50,
2842,Б52,777,280.0,data/2 - bras_bralets/Б51-100/52_0.jpg,"Нарядный бюст пушап чашка 85В, серо-красный. Код: Б52","Нарядный бюст пушап чашка 85В, серо-красный. Код: Б52",
2843,С71,777,435.0,data/1 - sets/С51-100/71_0.jpg,Черно-бежевый комплект пушап чашке 75В. Код: С71,Черно-бежевый комплект пушап чашке 75В. Код: С71,
2844,С72,777,420.0,data/1 - sets/С51-100/72_0.jpg,Белый ажурный комплект пушап 80В. Код: С72,Белый ажурный комплект пушап 80В. Код: С72,
2845,А10,777,150.0,data/6 - erotic/1-50/A10_1103_2.png,Эротические чулки сексуальные. Код: А10,Эротические чулки сексуальные. Код: А10,
2846,А10,777,150.0,data/6 - erotic/1-50/A10_1104_1.png,Эротические чулочки. Код: А10,Эротические чулочки. Код: А10,
2847,А10,777,150.0,data/6 - erotic/1-50/A10_1141_1.png,Черные сексуальные чулочки. Код: А10,Черные сексуальные чулочки. Код: А10,
2848,А10,777,150.0,data/6 - erotic/1-50/A10_5022_0.png,Чулки в крупную сетку сексуальные. Код: А10,Чулки в крупную сетку сексуальные. Код: А10,
3455,А155,777,380.0,data/6 - erotic/151-200/155_3.jpg,"Боди комплект в сетку, малиновый. Код: А155","Боди комплект в сетку, малиновый. Код: А155",
2959,С47,777,620.0,data/1 - sets/С1-50/47_7.jpg,"Белый комплект, пуш-ап чашка 85В. Код: С47","Белый комплект, пуш-ап чашка 85В. Код: С47",
2872,Д23,777,800.0,data/4 - pajamas/Д1-50/23_10.jpg,Детское термобелье Columbia. Код: Д23,Детское термобелье Columbia. Код: Д23,
3223,А148,777,270.0,data/6 - erotic/А101-150/148_0.jpg,Женская маска &quot;Кошка&quot; черная. Код: А148,Женская маска &quot;Кошка&quot; черная. Код: А148,
2854,Д33,777,550.0,data/4 - pajamas/Д1-50/33_5.jpg,"Бархатная пижама цвета бордо, M. Код: Д33","Бархатная пижама цвета бордо, M. Код: Д33",
2855,Д43,777,450.0,data/4 - pajamas/Д1-50/43_1.jpg,Велюровые футболка с шортами XL. Код: Д43,Велюровые футболка с шортами XL. Код: Д43,
2856,Д43,777,450.0,data/4 - pajamas/Д1-50/43_3.jpg,Изумрудный костюм футболка и шорты L. Код: Д43,Изумрудный костюм футболка и шорты L. Код: Д43,
3321,Д60,777,1380.0,data/4 - pajamas/51-100/60_черн.jpg,"Костюм трехнитка Barbie, черный, S. Код: Д60","Костюм трехнитка Barbie, черный, S. Код: Д60",
2858,Д42,777,800.0,data/4 - pajamas/Д1-50/42_4.jpg,Синий велюровый костюм брюки и джерси XL. Код: Д42,Синий велюровый костюм брюки и джерси XL. Код: Д42,
2859,Д42,777,730.0,data/4 - pajamas/Д1-50/42_9.jpg,"Изумрудный костюм брюки и кофта, размер L. Код: Д42","Изумрудный костюм брюки и кофта, размер L. Код: Д42",
2860,Д42,777,800.0,data/4 - pajamas/Д1-50/42_6.jpg,"Фиолетовый костюм брюки и кофта, L. Код: Д42","Фиолетовый костюм брюки и кофта, L. Код: Д42",
2861,Б41,777,320.0,data/2 - bras_bralets/Б1-50/41_1.jpg,Белый бюстальтер пушап чашка 70А. Код: Б41,Белый бюстальтер пушап чашка 70А. Код: Б41,
2864,С85,777,550.0,data/1 - sets/С51-100/85_0.jpg,Синий комплект чашка 75D тонкий поролон. Код: С85,Синий комплект чашка 75D тонкий поролон. Код: С85,
2865,С88,777,450.0,data/1 - sets/С51-100/88_0.jpg,Черный комплект пушап чашка 85B. Код: С88,Черный комплект пушап чашка 85B. Код: С88,
2866,С97,777,480.0,data/1 - sets/С51-100/97_0.jpg,Черный комплект чашка 85С. Код: С97,Черный комплект чашка 85С. Код: С97,
2867,С89,777,450.0,data/1 - sets/С51-100/89_0.jpg,Комплект чашка 90Е цвета пудра. Код: С89,Комплект чашка 90Е цвета пудра. Код: С89,
2868,С306,777,650.0,data/1 - sets/С301-350/306_0.jpg,"Черный комплект без поролона, L. Код: С306","Черный комплект без поролона, L. Код: С306",
2869,С307,777,520.0,data/1 - sets/С301-350/307_0.jpg,"Эротический комплект с поясом для чулок, M. Код: С307","Эротический комплект с поясом для чулок, M. Код: С307",
2870,С308,777,670.0,data/1 - sets/С301-350/308_0.jpg,"Шикарный комплект с поясом для чулок, S, L. Код: С308","Шикарный комплект с поясом для чулок, S, L. Код: С308",
2873,А65,777,150.0,data/6 - erotic/51-100/65_8.jpg,Эротические трусики с бусинами черные. Код: А65,Эротические трусики с бусинами черные. Код: А65,
2876,А37,777,150.0,data/6 - erotic/1-50/37_3.jpg,"Эротическое платье-сетка, красное. Код: А37","Эротическое платье-сетка, красное. Код: А37",
2877,А51,777,250.0,data/6 - erotic/51-100/A51_2.jpg,Эротические чулочки. Код: А51,Эротические чулочки. Код: А51,
2878,А56,777,230.0,data/6 - erotic/51-100/56_6.jpg,Черное эротическое боди сетка. Код: А56,Черное эротическое боди сетка. Код: А56,
2879,А7,777,390.0,data/6 - erotic/1-50/7_1.jpg,Эротический женский костюм кролика. Код: А7,Эротический женский костюм кролика. Код: А7,
2881,С212,777,540.0,data/1 - sets/С201-250/212_15.jpg,"Комплект с литой чашкой и корректором, 75С. Код: С212","Комплект с литой чашкой и корректором, 75С. Код: С212",
2883,Д8,777,285.0,data/4 - pajamas/Д1-50/8_черн.jpg,Черный шифоновый халатик. Код: Д8,Черный шифоновый халатик. Код: Д8,
2884,Д27,777,499.0,data/4 - pajamas/Д1-50/27_розов2.jpg,Розовый халатик &quot;Крылья ангела&quot;. Код: Д27,Розовый халатик &quot;Крылья ангела&quot;. Код: Д27,
2885,Д44,777,399.0,data/4 - pajamas/Д1-50/44_черн.jpg,Черный халат на запах из ткани софт. Код: Д44,Черный халат на запах из ткани софт. Код: Д44,
2886,Д45,777,480.0,data/4 - pajamas/Д1-50/45_черн.jpg,"Черный шелковый халат, топ качество. Код: Д45","Черный шелковый халат, топ качество. Код: Д45",
2995,Б53,777,280.0,data/2 - bras_bralets/Б51-100/53_0.jpg,Черный бюстик небольшой пушап чашка 80В. Код: Б53,Черный бюстик небольшой пушап чашка 80В. Код: Б53,
2996,Б48,777,320.0,data/2 - bras_bralets/Б1-50/48_3.jpg,Бюстик цвета бордо чашка 85В с корректором. Код: Б48,Бюстик цвета бордо чашка 85В с корректором. Код: Б48,
2997,С179,777,530.0,data/1 - sets/С151-200/179_0.jpg,Белый комплект со стрингами чашка 75В. Код: С179,Белый комплект со стрингами чашка 75В. Код: С179,
2998,С179,777,530.0,data/1 - sets/С151-200/179_1.jpg,Красный комплект со стрингами чашка 80В. Код: С179,Красный комплект со стрингами чашка 80В. Код: С179,
2999,С179,777,550.0,data/1 - sets/С151-200/179_2.jpg,Черный комплект со стрингами чашка 75В. Код: С179,Черный комплект со стрингами чашка 75В. Код: С179,
3000,Б104,777,380.0,data/2 - bras_bralets/Б101-150/104_0.jpg,Бежевый бюстик чашка D. Код: Б104,Бежевый бюстик чашка D. Код: Б104,
3001,Б106,777,345.0,data/2 - bras_bralets/Б101-150/106_0.jpg,Белый бюстик без поролона чашка 90D. Код: Б106,Белый бюстик без поролона чашка 90D. Код: Б106,
3002,Б105,777,370.0,data/2 - bras_bralets/Б101-150/105.jpg,БЕЖЕВЫЙ бюст без поролона чашка 80F. Код: Б105,БЕЖЕВЫЙ бюст без поролона чашка 80F. Код: Б105,
3007,Д2,777,500.0,data/4 - pajamas/Д1-50/2_049 пинк.jpg,Велюровая пижамка для дома цвета пинк. Код: Д2,Велюровая пижамка для дома цвета пинк. Код: Д2,
3008,Д2,777,500.0,data/4 - pajamas/Д1-50/2_005-1 вишня белое кружево.jpg,Велюровая вишневая пижамка с белым кружевом. Код: Д2,Велюровая вишневая пижамка с белым кружевом. Код: Д2,
3470,Д47,777,450.0,data/4 - pajamas/Д1-50/47_черн и черн.jpg,Пижама майка и шорты с бубонами. Код: Д47,Пижама майка и шорты с бубонами. Код: Д47,
3010,Д47,777,450.0,data/4 - pajamas/Д1-50/47_012 красный черн круж.jpg,Красная майка и шорты из вискозы. Код: Д47,Красная майка и шорты из вискозы. Код: Д47,
3011,Д47,777,450.0,data/4 - pajamas/Д1-50/47_012 красный белое круж.jpg,Красный комплект для дома из вискозы. Код: Д47,Красный комплект для дома из вискозы. Код: Д47,
3012,Д49,777,360.0,data/4 - pajamas/Д1-50/49_652 т синий софт.jpg,Комплект: майка-топ и шорты с кружевом. Код: Д49,Комплект: майка-топ и шорты с кружевом. Код: Д49,
3015,Д32,777,480.0,data/4 - pajamas/Д1-50/32_634 розовый софт.jpg,Розовый комплект для дома: майка и шортики. Код: Д32,Розовый комплект для дома: майка и шортики. Код: Д32,
3014,Д32,777,550.0,data/4 - pajamas/Д1-50/32_634 велюр черный.jpg,Велюровый комплект для дома черного цвета. Код: Д32,Велюровый комплект для дома черного цвета. Код: Д32,
3056,Д27,777,750.0,data/4 - pajamas/Д1-50/27_персик.jpg,Халат персиковый &quot;Крылья ангела&quot;. Код: Д27,Халат персиковый &quot;Крылья ангела&quot;. Код: Д27,
3016,Д49,777,360.0,data/4 - pajamas/Д1-50/49_652 черный бел круж софт.jpg,Черный комплект с белым кружевом: майка-топ и шорты. Код: Д49,Черный комплект с белым кружевом: майка-топ и шорты. Код: Д49,
3017,Д46,777,520.0,data/4 - pajamas/Д1-50/46_072 малина софт.jpg,Интригующий комплект: майка и кружевные шорты. Код: Д46,Интригующий комплект: майка и кружевные шорты. Код: Д46,
3025,Т79,777,160.0,data/3 - panties/Т51-100/79_0.jpg,Белые трусики AnnaJolly ажурные. Код: Т79,Белые трусики AnnaJolly ажурные. Код: Т79,
3274,Б265,777,350.0,data/2 - bras_bralets/Б251-300/Б266.jpg,"Бюстик без поролона чашка С, бордо. Код: Б265","Бюстик без поролона чашка С, бордо. Код: Б265",
3026,Т80,777,160.0,data/3 - panties/Т51-100/80_2.jpg,"Красные и белые стринги, S, M, L. Код: Т80","Красные и белые стринги, S, M, L. Код: Т80",
3028,Б290,777,320.0,data/2 - bras_bralets/Б251-300/290_0.jpg,"Белый кружевной бралетт M, L, XL. Код: Б290","Белый кружевной бралетт M, L, XL. Код: Б290",
3030,С180,777,480.0,data/1 - sets/С151-200/180_0.jpg,Красный комплект чашка 85В. Код: С180,Красный комплект чашка 85В. Код: С180,
3031,С180,777,480.0,data/1 - sets/С151-200/180_3.jpg,Белый комплект чашка 80В. Код: С180,Белый комплект чашка 80В. Код: С180,
3032,Д50,777,850.0,data/4 - pajamas/Д1-50/50_2.jpg,"Мужское термобелье Smartov, размер M. Код: Д50","Мужское термобелье Smartov, размер M. Код: Д50",
3033,Д50,777,850.0,data/4 - pajamas/Д1-50/50_12.jpg,"Женское термобелье Smartov, S, M. Код: Д50","Женское термобелье Smartov, S, M. Код: Д50",
3034,Б287,777,320.0,data/2 - bras_bralets/Б251-300/287_3.jpg,Красный бюстик большой пуш-ап чашка 85В. Код: Б287,Красный бюстик большой пуш-ап чашка 85В. Код: Б287,
3035,Б287,777,320.0,data/2 - bras_bralets/Б251-300/287_4.jpg,Черный бюстик большой пуш-ап чашка 85В. Код: Б287,Черный бюстик большой пуш-ап чашка 85В. Код: Б287,
3036,С182,777,650.0,data/1 - sets/С151-200/182_3.jpg,Корсетный комплект в чашке 90С серо-синий. Код: С182,Корсетный комплект в чашке 90С серо-синий. Код: С182,
3037,Б70,777,350.0,data/2 - bras_bralets/Б51-100/70_0.jpg,Красный бюстик плотный поролон чашка 85в. код: б70,Красный бюстик плотный поролон чашка 85в. код: б70,
3038,С183,777,520.0,data/1 - sets/С151-200/183_0.jpg,Белый комплект без косточки чашка 85В. Код: С183,Белый комплект без косточки чашка 85В. Код: С183,
3039,С203,777,550.0,data/1 - sets/С201-250/203_5.jpg,Черно-бежевый комплект чашка 75С. Код: С203,Черно-бежевый комплект чашка 75С. Код: С203,
3040,Д51,777,750.0,data/4 - pajamas/51-100/51_0.jpeg,"Женское термобелье Under Armour, XL. Код: Д51","Женское термобелье Under Armour, XL. Код: Д51",
3041,Д51,777,850.0,data/4 - pajamas/51-100/51_13.jpg,"Мужское термобелье Under Armour, S, два цвета. Код: Д51","Мужское термобелье Under Armour, S, два цвета. Код: Д51",
3042,С205,777,580.0,data/1 - sets/С201-250/205_1.jpg,Красный комплект тройка Victoria\,Красный комплект тройка Victoria\,
3077,С203,777,550.0,data/1 - sets/С201-250/203_7.jpg,"Комплект чашка 75С, цвет пудра. Код: С203","Комплект чашка 75С, цвет пудра. Код: С203",
3176,А14,777,210.0,data/6 - erotic/1-50/14_1.jpg,"Сиреневые трусики эротические &quot;Три ромашки&quot;, М. Код: А14","Сиреневые трусики эротические &quot;Три ромашки&quot;, М. Код: А14",
3043,С205,777,580.0,data/1 - sets/С201-250/205_0.jpg,Черный комплект тройка Victoria\,Черный комплект тройка Victoria\,
3044,С206,777,520.0,data/1 - sets/С201-250/206_1.jpg,"Красный комплект тройка Tommy Hilfiger, размер L. Код: С206","Красный комплект тройка Tommy Hilfiger, размер L. Код: С206",
3045,С206,777,520.0,data/1 - sets/С201-250/206_0.jpg,"Черный комплект тройка Tommy Hilfiger, размер S. Код: С206","Черный комплект тройка Tommy Hilfiger, размер S. Код: С206",
3518,Т66,77,130.0,data/3 - panties/Т51-100/66_20.jpg,"Белые коттоновые трусики, L. Код: Т66","Белые коттоновые трусики, L. Код: Т66",
3710,К114,777,340.0,data/10 - chulki/114.jpg,Чулки эротические. Код: К114,Чулки эротические. Код: К114,
3049,С221,777,390.0,data/1 - sets/С201-250/221_9.jpg,"Черный комплект в рубчик с кружевом, М. Код: С221","Черный комплект в рубчик с кружевом, М. Код: С221",
3050,А69,777,699.0,data/6 - erotic/51-100/69_4.jpg,Эротический набор розового цвета. Код: А69,Эротический набор розового цвета. Код: А69,
3051,А69,777,699.0,data/6 - erotic/51-100/A69_0.jpg,Эротический набор цвета бордо. Код: А69,Эротический набор цвета бордо. Код: А69,
3109,С66,777,540.0,data/1 - sets/С51-100/66_2.jpg,"Белый комплект без поролона, чашка 80D. Код: С66","Белый комплект без поролона, чашка 80D. Код: С66",
3055,С222,777,699.0,data/1 - sets/С201-250/222_0.jpg,"Черный сексуальный комплект тройка, M.. Код: С222","Черный сексуальный комплект тройка, M.. Код: С222",
3054,С222,777,699.0,data/1 - sets/С201-250/222_4.jpg,"Сексуальный комплект тройка, цвет бордо. Код: С222","Сексуальный комплект тройка, цвет бордо. Код: С222",
3058,Д27,777,650.0,data/4 - pajamas/Д1-50/27_мята.jpg,"Халат &quot;Крылья ангела&quot;, цвет мята. Код: Д27","Халат &quot;Крылья ангела&quot;, цвет мята. Код: Д27",
3059,Д27,777,650.0,data/4 - pajamas/Д1-50/27_баклажан.jpg,Халат сиреневый &quot;Крылья ангела&quot;. Код: Д27,Халат сиреневый &quot;Крылья ангела&quot;. Код: Д27,
3060,Д27,777,650.0,data/4 - pajamas/Д1-50/27_вишня.jpg,"Халат &quot;Крылья ангела&quot;, цвет вишневый. Код: Д27","Халат &quot;Крылья ангела&quot;, цвет вишневый. Код: Д27",
3246,Б109,777,280.0,data/2 - bras_bralets/Б101-150/109_5.jpg,"Базовые топы на чашку С-D, съемный вкладыш. Б109","Базовые топы на чашку С-D, съемный вкладыш. Б109",
3061,Д28,777,540.0,data/4 - pajamas/Д1-50/28_красн.jpg,Красный халатик для дома. Код: Д28,Красный халатик для дома. Код: Д28,
3062,Д28,777,540.0,data/4 - pajamas/Д1-50/28_047черныйсофт.jpg,Черный халатик для дома. Код: Д28,Черный халатик для дома. Код: Д28,
3064,А147,777,165.0,data/6 - erotic/А101-150/147_1.jpg,Красные наклейки на грудь. А147,Красные наклейки на грудь. А147,
3065,Д6,777,450.0,data/4 - pajamas/Д1-50/6_пинк2.jpg,"Велюровый пеньюар цвета пинк, р.40-42. Код: Д6","Велюровый пеньюар цвета пинк, р.40-42. Код: Д6",
3066,Д40,777,400.0,data/4 - pajamas/Д1-50/40_розовый.jpg,Розовый пеньюар ткань софт. Код: Д40,Розовый пеньюар ткань софт. Код: Д40,
3245,Д53,777,550.0,data/4 - pajamas/51-100/53_3.jpg,"Женская ночнушка хлопок бирюза, M. Код: Д53","Женская ночнушка хлопок бирюза, M. Код: Д53",
3068,Д1,777,650.0,data/4 - pajamas/Д1-50/1_электрик.jpg,Велюровый халат синего цвета. Код: Д1,Велюровый халат синего цвета. Код: Д1,
3112,Т386,77,180.0,data/3 - panties/Т351-400/386.jpg,"Три цвета, трусики бикини Coeur Joie. Код: Т386","Три цвета, трусики бикини Coeur Joie. Код: Т386",
3070,Д32,777,480.0,data/4 - pajamas/Д1-50/32_красн_софт.jpg,"Красный комплект для дома: майка и шортики, XL. Код: Д32","Красный комплект для дома: майка и шортики, XL. Код: Д32",
3071,Д32,777,480.0,data/4 - pajamas/Д1-50/32_черн_софт.jpg,"Черный комплект для дома, M (44). Код: Д32","Черный комплект для дома, M (44). Код: Д32",
3072,Д32,777,550.0,data/4 - pajamas/Д1-50/32_лаванда_велюр.jpg,Велюровая майка и шорты цвета лаванда. Код: Д32,Велюровая майка и шорты цвета лаванда. Код: Д32,
3073,Д32,777,550.0,data/4 - pajamas/Д1-50/32_красный_велюр.jpg,Велюровая майка и шорты красного цвета. Код: Д32,Велюровая майка и шорты красного цвета. Код: Д32,
3074,Д54,777,400.0,data/4 - pajamas/51-100/54_300_красный.jpg,Красная шифоновая туника с черной бахромой снизу. Код: Д54,Красная шифоновая туника с черной бахромой снизу. Код: Д54,
3075,Д54,777,380.0,data/4 - pajamas/51-100/54_302_черный.jpg,Черная туника шифоновая короткая. Код: Д54,Черная туника шифоновая короткая. Код: Д54,
3076,Д54,777,530.0,data/4 - pajamas/51-100/54_303_красный.jpg,Красная шифоновая туника с рюшиками. Код: Д54,Красная шифоновая туника с рюшиками. Код: Д54,
3540,Б345,777,420.0,data/2 - bras_bralets/Б301-350/345_0.jpg,Бежевый бюстик на чашку 75В тонкий поролон. Код: Б345,Бежевый бюстик на чашку 75В тонкий поролон. Код: Б345,
3081,С13,777,550.0,data/1 - sets/С1-50/13_7.jpg,"Комплект реплика Calvin Klein, красный. Код: С13","Комплект реплика Calvin Klein, красный. Код: С13",
3090,Д55,777,190.0,data/4 - pajamas/51-100/55_0.jpg,Утепленные эластичные леггинсы на флисе. Код: Д55,Утепленные эластичные леггинсы на флисе. Код: Д55,
3091,Б108,777,250.0,data/2 - bras_bralets/Б101-150/108_0.jpg,"Бюстик для кормления грудью х/б, с подкладкой, 2-ка. Код: Б108","Бюстик для кормления грудью х/б, с подкладкой, 2-ка. Код: Б108",
3092,Д56,777,290.0,data/4 - pajamas/51-100/56_0.jpg,"Утепленные черные леггинсы, размер 50-54. Код: Д56","Утепленные черные леггинсы, размер 50-54. Код: Д56",
3093,Д57,777,310.0,data/4 - pajamas/51-100/57_1.jpg,"Утепленные эластичные леггинсы, черные. Код: Д57","Утепленные эластичные леггинсы, черные. Код: Д57",
3095,Т71,777,120.0,data/3 - panties/Т51-100/71_2.jpg,"Мужские трусы боксеры, L, 2XL, 3XL. Код: Т71","Мужские трусы боксеры, L, 2XL, 3XL. Код: Т71",
3097,Т138,77,180.0,data/3 - panties/Т101-150/138_1.jpg,"Молочные трусики бикини L, XL. Код: Т138","Молочные трусики бикини L, XL. Код: Т138",
3116,Т2,77,160.0,data/3 - panties/Т1-50/2_0.jpg,"Трусики бикини Coeur Joie, два цвета. Код: Т2","Трусики бикини Coeur Joie, два цвета. Код: Т2",
3098,С222,777,699.0,data/1 - sets/С201-250/222_16.jpg,"Сексуальный комплект тройка, цвет розовый. Код: С222","Сексуальный комплект тройка, цвет розовый. Код: С222",
3099,С222,777,699.0,data/1 - sets/С201-250/222_17.jpg,"Красный сексуальный комплект тройка, S, M.. Код: С222","Красный сексуальный комплект тройка, S, M.. Код: С222",
3101,Т105,777,200.0,data/3 - panties/Т101-150/105_1.jpg,"Мужские боксеры Diesel, L, 2XL. Код: Т105","Мужские боксеры Diesel, L, 2XL. Код: Т105",
3102,Т106,777,200.0,data/3 - panties/Т101-150/106_1.jpg,"Мужские боксеры Adidas, M, 2XL. Код: Т106","Мужские боксеры Adidas, M, 2XL. Код: Т106",
3103,Т107,777,220.0,data/3 - panties/Т101-150/107_1.jpg,"Боксеры Calvin Klein черная резинка, XL. Код: Т107","Боксеры Calvin Klein черная резинка, XL. Код: Т107",
3104,Т108,777,220.0,data/3 - panties/Т101-150/108_1.jpg,Боксеры Calvin Klein серая резинка. Код: Т108,Боксеры Calvin Klein серая резинка. Код: Т108,
3105,Т109,777,200.0,data/3 - panties/Т101-150/109_4.jpg,"Боксеры Tommy Hilfiger, M. Код: Т109","Боксеры Tommy Hilfiger, M. Код: Т109",
3106,Т110,777,200.0,data/3 - panties/Т101-150/110_3.jpg,"Боксеры Lacoste, L. Код: Т110","Боксеры Lacoste, L. Код: Т110",
3107,С53,777,1250.0,data/1 - sets/С51-100/53_6.jpg,Кожаный черный комплект Victoria\,Кожаный черный комплект Victoria\,
3572,С376,777,980.0,data/1 - sets/С351-400/376_21.jpg,"Черный сексуальный комплект, М. Код: С376","Черный сексуальный комплект, М. Код: С376",
3147,КУ72,12,650.0,data/5 - swim/51-100/72_0.jpg,Красный бюстик купальника с пуш-ап чашкой 70В. Код: КУ72,Красный бюстик купальника с пуш-ап чашкой 70В. Код: КУ72,
3148,КУ73,12,600.0,data/5 - swim/51-100/73_0.jpg,Красный купальный мягкий бюстик 70В. Код: КУ73,Красный купальный мягкий бюстик 70В. Код: КУ73,
3149,С112,777,530.0,data/1 - sets/С101-150/112_37.jpg,Комплект со стрингами серого цвета чашка 75В. Код: С112,Комплект со стрингами серого цвета чашка 75В. Код: С112,
3151,С318,777,620.0,data/1 - sets/С301-350/318_0.jpg,Шикарный белый комплект чашка 85D. Код: С318,Шикарный белый комплект чашка 85D. Код: С318,
3152,С319,777,620.0,data/1 - sets/С301-350/319_5.jpg,Белый комплект с бюстиком спейсер чашка 85D. Код: С319,Белый комплект с бюстиком спейсер чашка 85D. Код: С319,
3153,КУ27,24,820.0,data/5 - swim/КУ1-50/27_1.jpg,Черный раздельный купальник с пушап. Код: КУ27,Черный раздельный купальник с пушап. Код: КУ27,
3154,КУ27,24,820.0,data/5 - swim/КУ1-50/27_2.jpg,Малиновый раздельный купальник с пушап. Код: КУ27,Малиновый раздельный купальник с пушап. Код: КУ27,
3198,С324,777,880.0,data/1 - sets/С301-350/324_1.jpg,"Эротический комплект-тройка, красный. Код: С324","Эротический комплект-тройка, красный. Код: С324",
3199,С324,777,880.0,data/1 - sets/С301-350/324_8.jpg,"Эротический комплект-тройка, черный. Код: С324","Эротический комплект-тройка, черный. Код: С324",
3200,С325,777,880.0,data/1 - sets/С301-350/325_0.jpg,Черный сексуальный комплект с чокером. Код: С325,Черный сексуальный комплект с чокером. Код: С325,
3201,С326,777,980.0,data/1 - sets/С301-350/326_0.jpg,"Сексуальный комплект белья в сетку, L. Код: С326","Сексуальный комплект белья в сетку, L. Код: С326",
3202,С327,777,880.0,data/1 - sets/С301-350/327_0.jpg,"Комплект для особых случаев, размер М. Код: С327","Комплект для особых случаев, размер М. Код: С327",
3203,С328,777,980.0,data/1 - sets/С301-350/328_0.jpg,"Красный комплект с портупеями, L. Код: С328","Красный комплект с портупеями, L. Код: С328",
3204,С179,777,550.0,data/1 - sets/С151-200/179_30.jpg,Зеленый комплект со стрингами чашка В. Код: С179,Зеленый комплект со стрингами чашка В. Код: С179,
3205,С196,777,480.0,data/1 - sets/С151-200/196_11.jpg,Бежевый гладкий комплект чашка 75С. Код: С196,Бежевый гладкий комплект чашка 75С. Код: С196,
3206,С106,777,550.0,data/1 - sets/С101-150/106_11.jpg,Черный коттоновый комплект Adidas: топ и трусики. Код: С106,Черный коттоновый комплект Adidas: топ и трусики. Код: С106,
3207,С230,777,450.0,data/1 - sets/С201-250/С230_0.jpg,Кремовый комплект спейсер в чашке 75С. Код: С230,Кремовый комплект спейсер в чашке 75С. Код: С230,
3208,С229,777,650.0,data/1 - sets/С201-250/229_10.jpg,Черный комплект спейсер в чашке 80С. Код: С229,Черный комплект спейсер в чашке 80С. Код: С229,
3251,Б114,777,350.0,data/2 - bras_bralets/Б101-150/114_10.jpg,Черный бюстик на поролоне чашка 95D. Код: Б114,Черный бюстик на поролоне чашка 95D. Код: Б114,
3212,Б131,777,420.0,data/2 - bras_bralets/Б101-150/131_12.jpg,"Бюстик открытой формы чашка С, черно-бежевый. Код: Б131","Бюстик открытой формы чашка С, черно-бежевый. Код: Б131",
3215,С252,777,620.0,data/1 - sets/С251-300/252_11.jpg,Черно-бежевый комплект чашка 85С. Код: С252,Черно-бежевый комплект чашка 85С. Код: С252,
3216,Б112,777,420.0,data/2 - bras_bralets/Б101-150/112_12.jpg,"Белый бюстик пуш-ап для декольте, чашка В. Код: Б112","Белый бюстик пуш-ап для декольте, чашка В. Код: Б112",
3217,Б113,777,320.0,data/2 - bras_bralets/Б101-150/113_11.jpg,Бюстгальтер для кормления грудью с широкой спинкой. Код: Б113,Бюстгальтер для кормления грудью с широкой спинкой. Код: Б113,
3218,С318,777,620.0,data/1 - sets/С301-350/318_4.jpg,Шикарный комплект чашка 90D цвет хаки. Код: С318,Шикарный комплект чашка 90D цвет хаки. Код: С318,
3219,С318,777,620.0,data/1 - sets/С301-350/318_6.jpg,Бежевый комплект чашка 100D. Код: С318,Бежевый комплект чашка 100D. Код: С318,
3220,Б116,777,440.0,data/2 - bras_bralets/Б101-150/116_12.jpg,Черный бюстик без поролона в чашке С. Код: Б116,Черный бюстик без поролона в чашке С. Код: Б116,
3221,Б117,777,350.0,data/2 - bras_bralets/Б101-150/117_11.jpg,Белый бюстгальтер без поролона чашка 75Е. Код: Б117,Белый бюстгальтер без поролона чашка 75Е. Код: Б117,
3222,С77,777,1250.0,data/1 - sets/С51-100/77_10.jpg,Комплект Victoria\,Комплект Victoria\,
3224,С55,777,900.0,data/1 - sets/С51-100/55_43.jpg,Молочный комплект Victoria\,Молочный комплект Victoria\,
3225,А149,777,270.0,data/6 - erotic/А101-150/149.jpg,Флогер (плетка) для ролевых игр. Код: А149,Флогер (плетка) для ролевых игр. Код: А149,
3226,А150,777,185.0,data/6 - erotic/А101-150/150.jpg,Чокер для ролевых игр. Код: А150,Чокер для ролевых игр. Код: А150,
3675,Б310,777,40.0,data/2 - bras_bralets/Б301-350/310_5.jpg,"Удлинитель бюстгальтера на 3 крючка, черный. Код: Б310","Удлинитель бюстгальтера на 3 крючка, черный. Код: Б310",
3229,Б119,777,40.0,data/2 - bras_bralets/Б101-150/119_11.jpg,"Бежевые бретели 1,5 см. Код: Б119","Бежевые бретели 1,5 см. Код: Б119",
3230,Т82,777,160.0,data/3 - panties/Т51-100/82_10.jpg,Белые прозрачные стринги с регуляторами. Код: Т82,Белые прозрачные стринги с регуляторами. Код: Т82,
3231,Т83,777,180.0,data/3 - panties/Т51-100/83_15.jpg,"Стринги в стиле VS, бежевые в цветочек, размер М. Код: Т83","Стринги в стиле VS, бежевые в цветочек, размер М. Код: Т83",
3232,С186,777,560.0,data/1 - sets/С151-200/186_10.jpg,"Нарядный комплект 75В, цвет пудра. Код: С186","Нарядный комплект 75В, цвет пудра. Код: С186",
3318,Т127,77,180.0,data/3 - panties/Т101-150/127_11.jpg,Черные трусики стринги в сетку. Код: Т127,Черные трусики стринги в сетку. Код: Т127,
3234,Т124,77,260.0,data/3 - panties/Т101-150/124_10.jpg,Черные трусики с открытым доступом. Код: Т124,Черные трусики с открытым доступом. Код: Т124,
3235,Т125,77,240.0,data/3 - panties/Т101-150/125_10.jpg,Трусики из сеточки с открытым доступом. Код: Т125,Трусики из сеточки с открытым доступом. Код: Т125,
3236,Т126,77,240.0,data/3 - panties/Т101-150/126_10.jpg,Сексуальные трусики с открытым доступом. Код: Т126,Сексуальные трусики с открытым доступом. Код: Т126,
3319,Н56,777,80.0,data/tights_socks/56.jpg,"Термоноски Columbia, р.41-44. Код: Н56","Термоноски Columbia, р.41-44. Код: Н56",
3238,Т262,77,160.0,data/3 - panties/Т251-300/262_11.jpg,Белые трусики бикини. Код: Т262,Белые трусики бикини. Код: Т262,
3239,Т263,77,160.0,data/3 - panties/Т251-300/263_11.jpg,"Трусики Coeur Joie, молочного цвета. Код: Т263","Трусики Coeur Joie, молочного цвета. Код: Т263",
3240,Т264,77,180.0,data/3 - panties/Т251-300/264_11.jpg,"Трусики бикини Coeur Joie, два цвета. Код: Т264","Трусики бикини Coeur Joie, два цвета. Код: Т264",
3241,Т89,77,130.0,data/3 - panties/Т51-100/89_10.jpg,"Трусики хлопок, ассорти цветов, XL. Код: Т89","Трусики хлопок, ассорти цветов, XL. Код: Т89",
3242,Т88,77,130.0,data/3 - panties/Т51-100/88_10.jpg,"Трусики 3XL, 4XL. Код: Т88","Трусики 3XL, 4XL. Код: Т88",
3243,Д59,777,550.0,data/4 - pajamas/51-100/59_1.jpg,"Хлопковый комплект для дома, S, M. Код: Д59","Хлопковый комплект для дома, S, M. Код: Д59",
3247,Б29,777,280.0,data/2 - bras_bralets/Б1-50/29_2.jpg,Топ со съемным поролоном и стразами. Код: Б29,Топ со съемным поролоном и стразами. Код: Б29,
3249,Б102,777,370.0,data/2 - bras_bralets/Б101-150/102_13.jpg,Пуш-ап черный бюстик в чашке В. Код: Б102,Пуш-ап черный бюстик в чашке В. Код: Б102,
3250,Б285,777,300.0,data/2 - bras_bralets/Б251-300/285_1.jpg,Бюстгальтер силиконовый на чашку В. Код: Б285,Бюстгальтер силиконовый на чашку В. Код: Б285,
3252,С197,777,400.0,data/1 - sets/С151-200/C197_15.jpg,"Хлопковый комплект в рубчик, р.44-46, пудра. Код: С197","Хлопковый комплект в рубчик, р.44-46, пудра. Код: С197",
3254,Б120,777,370.0,data/2 - bras_bralets/Б101-150/120_10.jpg,Бюстик без поролона чашка 85В белого цвета. Код: Б120,Бюстик без поролона чашка 85В белого цвета. Код: Б120,
3255,Б124,777,360.0,data/2 - bras_bralets/Б101-150/124_10.jpg,Белый бюстик мягкая чашка 100D. Код: Б124,Белый бюстик мягкая чашка 100D. Код: Б124,
3256,Т112,777,160.0,data/3 - panties/Т101-150/112_16.jpg,Черные трусики в сетку. Код: Т112,Черные трусики в сетку. Код: Т112,
3257,Б125,777,350.0,data/2 - bras_bralets/Б101-150/125_11.jpg,Бежевый бюстик на чашку 85В. Код: Б125,Бежевый бюстик на чашку 85В. Код: Б125,
3258,С192,777,450.0,data/1 - sets/С151-200/192_10.jpg,"Красный комплет из сеточки со стразами, M, XL. Код: С192","Красный комплет из сеточки со стразами, M, XL. Код: С192",
3259,Т281,77,95.0,data/3 - panties/Т251-300/281_10.jpg,"Хлопковые трусики бразильяны, S-M, L-XL. Код: Т281","Хлопковые трусики бразильяны, S-M, L-XL. Код: Т281",
3260,Т282,77,120.0,data/3 - panties/Т251-300/282_10.jpg,"Бежевые трусики бразильяны, M, L. Код: Т282","Бежевые трусики бразильяны, M, L. Код: Т282",
3262,Д27,777,750.0,data/4 - pajamas/Д1-50/27_малиновый.jpg,Халат малиновый &quot;Крылья ангела&quot;. Код: Д27,Халат малиновый &quot;Крылья ангела&quot;. Код: Д27,
3263,КУ79,3,700.0,data/5 - swim/51-100/79.jpg,Малиновый молодежный купальник в рубчик. Код: КУ79,Малиновый молодежный купальник в рубчик. Код: КУ79,
3264,КУ78,3,700.0,data/5 - swim/51-100/78_0.jpg,Синий купальник со стразами LOVE ME. Код: КУ78,Синий купальник со стразами LOVE ME. Код: КУ78,
3265,КУ77,3,700.0,data/5 - swim/51-100/77_1.jpg,"Купальник жатка с топом, M, черный. Код: КУ77","Купальник жатка с топом, M, черный. Код: КУ77",
3266,КУ77,3,700.0,data/5 - swim/51-100/77_0.jpg,"Купальник жатка с топом, салатовый, размер М. Код: КУ77","Купальник жатка с топом, салатовый, размер М. Код: КУ77",
3267,КУ76,3,700.0,data/5 - swim/51-100/76_0.jpg,Яркий купальник с топиком жатка. Код: КУ76,Яркий купальник с топиком жатка. Код: КУ76,
3268,КУ75,3,700.0,data/5 - swim/51-100/75.jpg,"Купальник с топом, яркий бирюзовый жатка. Код: КУ75","Купальник с топом, яркий бирюзовый жатка. Код: КУ75",
3383,С357,777,590.0,data/1 - sets/С351-400/357_4.jpg,Черный комплект на тонком поролоне чашка 85С. Код: С357,Черный комплект на тонком поролоне чашка 85С. Код: С357,
3270,С220,777,520.0,data/1 - sets/С201-250/220_11.jpg,Белый комплект чашка 80В тонкий поролон. Код: С220,Белый комплект чашка 80В тонкий поролон. Код: С220,
3271,С235,777,615.0,data/1 - sets/С201-250/235_13.jpg,"Комплект спейсер чашка С, два цвета. Код: С235","Комплект спейсер чашка С, два цвета. Код: С235",
3272,С259,777,570.0,data/1 - sets/С201-250/235_10.jpg,Белый комплект спейсер чашка 90D. Код: С259,Белый комплект спейсер чашка 90D. Код: С259,
3273,С302,777,520.0,data/1 - sets/С301-350/302_20.jpg,"Комплект в цветочек цвета пудра, чашка 75А. Код: С302","Комплект в цветочек цвета пудра, чашка 75А. Код: С302",
3276,Б263,777,420.0,data/2 - bras_bralets/Б251-300/263_20.jpg,Бюстик тонкий поролон чашка 75C. Код: Б263,Бюстик тонкий поролон чашка 75C. Код: Б263,
3277,Б250,777,320.0,data/2 - bras_bralets/Б201-250/250_21.jpg,"Гладкий бюстгальтер пуш-ап чашка 80В, пудра. Код: Б250","Гладкий бюстгальтер пуш-ап чашка 80В, пудра. Код: Б250",
3278,С329,777,880.0,data/1 - sets/С301-350/329_0.jpg,"Сексуальный комплект без поролона, S. Код: С329","Сексуальный комплект без поролона, S. Код: С329",
3279,С330,777,1200.0,data/1 - sets/С301-350/330_0.jpg,Красный эротический комплект без поролона. Код: С330,Красный эротический комплект без поролона. Код: С330,
3280,С331,777,880.0,data/1 - sets/С301-350/331_0.jpg,"Черный эротический комплект без поролона, S. Код: С331","Черный эротический комплект без поролона, S. Код: С331",
3281,С332,777,880.0,data/1 - sets/С301-350/332_0.jpg,"Сексуальный комплект цвета бордо, L. Код: С332","Сексуальный комплект цвета бордо, L. Код: С332",
3282,С332,777,880.0,data/1 - sets/С301-350/332_1.jpg,"Черный сексуальный комплект, L. Код: С332","Черный сексуальный комплект, L. Код: С332",
3284,Д17,777,660.0,data/4 - pajamas/Д1-50/17_пудра2.jpg,"Пижама для дома цвета пудра, XL, 2XL. Код: Д17","Пижама для дома цвета пудра, XL, 2XL. Код: Д17",
3283,Д17,777,660.0,data/4 - pajamas/Д1-50/17_бордо.jpg,"Велюровая пижама бордо, 2XL. Код: Д17","Велюровая пижама бордо, 2XL. Код: Д17",
3285,Д17,777,660.0,data/4 - pajamas/Д1-50/17_пудра1.jpg,"Пижама для дома розовая пудра, XL. Код: Д17","Пижама для дома розовая пудра, XL. Код: Д17",
3287,С333,777,980.0,data/1 - sets/С301-350/333_1.jpg,"Эротический комплект белья, черного цвета. Код: С333","Эротический комплект белья, черного цвета. Код: С333",
3288,С333,777,980.0,data/1 - sets/С301-350/333_0.jpg,"Эротический комплект белья, цвета фуксия. Код: С333","Эротический комплект белья, цвета фуксия. Код: С333",
3303,Б140,777,350.0,data/2 - bras_bralets/Б101-150/140_12.jpg,"Черный бюстик на пушапе, 80В. Код: Б140","Черный бюстик на пушапе, 80В. Код: Б140",
3289,С335,777,700.0,data/1 - sets/С301-350/335_12.jpg,Комплект с бюстиком на тонком поролоне чашка 75С. Код: С335,Комплект с бюстиком на тонком поролоне чашка 75С. Код: С335,
3307,С55,777,900.0,data/1 - sets/С51-100/55_34.jpg,Винный комплект Victoria\,Винный комплект Victoria\,
3291,Т128,77,240.0,data/3 - panties/Т101-150/128_10.jpg,Трусики с открытым доступом. Код: Т128,Трусики с открытым доступом. Код: Т128,
3292,Т118,777,180.0,data/3 - panties/Т101-150/118_10.jpg,"Белые трусики бразильяны, L. Код: Т118","Белые трусики бразильяны, L. Код: Т118",
3293,Т119,777,160.0,data/3 - panties/Т101-150/119_10.jpg,Модные трусики с тонкой боковой резинкой. Код: Т119,Модные трусики с тонкой боковой резинкой. Код: Т119,
3294,Т120,77,180.0,data/3 - panties/Т101-150/120_10.jpg,"Шикарные ажурные трусики, разные цвета. Код: Т120","Шикарные ажурные трусики, разные цвета. Код: Т120",
3295,Б2,777,250.0,data/2 - bras_bralets/Б1-50/2_10.jpg,Черный хлопковый бюстик без косточек на чашку В. Код: Б2,Черный хлопковый бюстик без косточек на чашку В. Код: Б2,
3296,Б282,777,370.0,data/2 - bras_bralets/Б251-300/282_12.jpg,Шоколадный бюстик без поролона на 95Е. Код: Б282,Шоколадный бюстик без поролона на 95Е. Код: Б282,
3297,Б284,777,370.0,data/2 - bras_bralets/Б251-300/284_10.jpg,Графитовый бюстик без поролона на чашку 80D. Код: Б284,Графитовый бюстик без поролона на чашку 80D. Код: Б284,
3298,Б283,777,390.0,data/2 - bras_bralets/Б251-300/283_11.jpg,Черный бюстик без поролона на чашку 100G. Код: Б283,Черный бюстик без поролона на чашку 100G. Код: Б283,
3299,Б304,777,370.0,data/2 - bras_bralets/Б301-350/304_11.jpg,Черный бюстик без поролона на чашку 80D. Код: Б304,Черный бюстик без поролона на чашку 80D. Код: Б304,
3300,Б298,777,370.0,data/2 - bras_bralets/Б251-300/298_11.jpg,Бюстик без поролона цвета айвори на чашку 90F. Код: Б298,Бюстик без поролона цвета айвори на чашку 90F. Код: Б298,
3301,С55,777,900.0,data/1 - sets/С51-100/C55_41.jpg,Малиновый гладкий комплект Victoria\,Малиновый гладкий комплект Victoria\,
3302,С56,777,1250.0,data/1 - sets/С51-100/56_12.jpg,Push-up комплект Victoria\,Push-up комплект Victoria\,
3349,Т305,777,95.0,data/3 - panties/Т301-350/305_21.jpg,"Черные трусики из хлопка, M, XL, 2XL. Код: Т305","Черные трусики из хлопка, M, XL, 2XL. Код: Т305",
3306,С336,777,980.0,data/1 - sets/С301-350/336_3.jpg,Красный комплект Victoria\,Красный комплект Victoria\,
3308,Т73,77,120.0,data/3 - panties/Т51-100/73_10.jpg,"Черные бесшовные стринги с блеском, р. 44. Код: Т73","Черные бесшовные стринги с блеском, р. 44. Код: Т73",
3309,А151,777,399.0,data/6 - erotic/151-200/151_0.jpg,"Боди в сетку со стразами, размер 42-46. Код: А151","Боди в сетку со стразами, размер 42-46. Код: А151",
3310,С125,777,520.0,data/1 - sets/С101-150/125_4.jpg,Черный комплект чашка 75С тонкий поролон. Код: С125,Черный комплект чашка 75С тонкий поролон. Код: С125,
3311,С125,777,520.0,data/1 - sets/С101-150/125_0.jpg,Белый комплект чашка 85С тонкий поролон. Код: С125,Белый комплект чашка 85С тонкий поролон. Код: С125,
3314,С8,777,495.0,data/1 - sets/С1-50/8_13.jpg,"Комплект без косточки 85В, черно-бежевый. Код: С8","Комплект без косточки 85В, черно-бежевый. Код: С8",
3597,С80,777,530.0,data/1 - sets/С51-100/80_30.jpg,Комплект чашка 75C черного цвета со стрингами. Код: С80,Комплект чашка 75C черного цвета со стрингами. Код: С80,
3323,Д61,777,1720.0,data/4 - pajamas/51-100/61_крас2.jpg,"Красная велюровая пижама Victoria`s Secret, M. Код: Д61","Красная велюровая пижама Victoria`s Secret, M. Код: Д61",
3324,Д61,777,1720.0,data/4 - pajamas/51-100/61_зел2.jpg,"Изумрудная велюровая пижама Victoria`s Secret, L. Код: Д61","Изумрудная велюровая пижама Victoria`s Secret, L. Код: Д61",
3325,Д62,777,1720.0,data/4 - pajamas/51-100/62_0.jpg,"Шикарная пижама Louis Vuitton, XL. Код: Д62","Шикарная пижама Louis Vuitton, XL. Код: Д62",
3326,Д63,777,850.0,data/4 - pajamas/51-100/63_1.jpg,Комплект для дома: брюки и халат. Код: Д63,Комплект для дома: брюки и халат. Код: Д63,
3327,Д64,777,900.0,data/4 - pajamas/51-100/64_1.jpg,Комплект из велюра: брюки и кофта с капюшоном. Код: Д64,Комплект из велюра: брюки и кофта с капюшоном. Код: Д64,
3328,Д65,777,600.0,data/4 - pajamas/51-100/65.jpg,"Плюшевое платье с капюшоном, S-M. Код: Д65","Плюшевое платье с капюшоном, S-M. Код: Д65",
3329,Д65,777,600.0,data/4 - pajamas/51-100/65_2.jpg,"Плюшевое розовое платье-худи, S-M. Код: Д65","Плюшевое розовое платье-худи, S-M. Код: Д65",
3330,Д66,777,1190.0,data/4 - pajamas/51-100/66.jpg,"Комплект 4-ка: халат, брюки, майка и шорты. Код: Д66","Комплект 4-ка: халат, брюки, майка и шорты. Код: Д66",
3331,Д67,777,1500.0,data/4 - pajamas/51-100/67_1.jpg,Велюровый комплект 4-ка в цвете чайная роза. Код: Д67,Велюровый комплект 4-ка в цвете чайная роза. Код: Д67,
3332,Д68,777,900.0,data/4 - pajamas/51-100/68_2.jpg,"Комплект из 3-х единиц: халат, брюки и футболка. Код: Д68","Комплект из 3-х единиц: халат, брюки и футболка. Код: Д68",
3333,Д68,777,900.0,data/4 - pajamas/51-100/68_1.jpg,"Комплект 3-ка: халат, брюки и футболка. Код: Д68","Комплект 3-ка: халат, брюки и футболка. Код: Д68",
3334,Д68,777,900.0,data/4 - pajamas/51-100/68_4.jpg,"Красный комплект 3-ка: халат, брюки и футболка. Код: Д68","Красный комплект 3-ка: халат, брюки и футболка. Код: Д68",
3335,Д68,777,900.0,data/4 - pajamas/51-100/68_3.jpg,"Черный комплект 3-ка: халат, брюки и футболка. Код: Д68","Черный комплект 3-ка: халат, брюки и футболка. Код: Д68",
3337,С338,777,980.0,data/1 - sets/С301-350/338_0.jpg,Чорний еротичний комплект білизни. Код: С338,Чорний еротичний комплект білизни. Код: С338,
3338,С339,777,980.0,data/1 - sets/С301-350/339_2.jpg,Яркий сексуальный комплект белья. Код: С339,Яркий сексуальный комплект белья. Код: С339,
3339,С341,777,600.0,data/1 - sets/С301-350/341_0.jpg,Рожевий еротичний комплект білизни. Код: С341,Рожевий еротичний комплект білизни. Код: С341,
3340,С328,777,980.0,data/1 - sets/С301-350/328_4.jpg,"Черный комплект с портупеями, L. Код: С328","Черный комплект с портупеями, L. Код: С328",
3341,С342,777,880.0,data/1 - sets/С301-350/342_0.jpg,"Розовый эротический комплект, размер S. Код: С342","Розовый эротический комплект, размер S. Код: С342",
3342,С343,777,520.0,data/1 - sets/С301-350/343_0.jpg,"Черно-бежевый комплект, пушап чашка 80В. Код: С343","Черно-бежевый комплект, пушап чашка 80В. Код: С343",
3343,С343,777,520.0,data/1 - sets/С301-350/343_4.jpg,"Молочный комплект, пушап чашка 85В. Код: С343","Молочный комплект, пушап чашка 85В. Код: С343",
3460,Б138,777,120.0,data/2 - bras_bralets/Б101-150/138_20.jpg,Подростковый топик с поролоновой вставкой. Код: Б138,Подростковый топик с поролоновой вставкой. Код: Б138,
3345,Б142,777,350.0,data/2 - bras_bralets/Б101-150/142_12.jpg,Гладкий молочный бюстик чашка 85В. Код: Б142,Гладкий молочный бюстик чашка 85В. Код: Б142,
3346,Б143,777,350.0,data/2 - bras_bralets/Б101-150/143_12.jpg,"Гладкий бюстик пушап чашка 85В, два цвета. Код: Б143","Гладкий бюстик пушап чашка 85В, два цвета. Код: Б143",
3347,С177,777,580.0,data/1 - sets/С151-200/177_20.jpg,"Комплект чашка D, черного цвета. Код: С177","Комплект чашка D, черного цвета. Код: С177",
3350,Б182,777,320.0,data/2 - bras_bralets/Б151-200/182_21.jpg,"Розовый бюстик для кормления грудью, чашка В/С. Код: Б182","Розовый бюстик для кормления грудью, чашка В/С. Код: Б182",
3351,С344,777,900.0,data/1 - sets/С301-350/344_0.jpg,"Комплект VS мягкая чашка D, красный. Код: С344","Комплект VS мягкая чашка D, красный. Код: С344",
3484,С303,777,630.0,data/1 - sets/С301-350/303_22.jpg,"Молочный комплект на пушапе, чашка 80В. Код: С303","Молочный комплект на пушапе, чашка 80В. Код: С303",
3353,С346,777,750.0,data/1 - sets/С301-350/346_0.jpg,Черный кожаный комплект белья чашка 80D. Код: С346,Черный кожаный комплект белья чашка 80D. Код: С346,
3354,Б144,777,440.0,data/2 - bras_bralets/Б101-150/144_5.jpg,"Бюстик без поролона чашка Е, два цвета. Код: Б144","Бюстик без поролона чашка Е, два цвета. Код: Б144",
3355,Б145,777,390.0,data/2 - bras_bralets/Б101-150/145_20.jpg,Бежевый бюстик без поролона чашка D. Код: Б145,Бежевый бюстик без поролона чашка D. Код: Б145,
3356,Б146,777,390.0,data/2 - bras_bralets/Б101-150/146_20.jpg,Бюстик без поролона чашка Е синего цвета. Код: Б146,Бюстик без поролона чашка Е синего цвета. Код: Б146,
3357,Т133,77,180.0,data/3 - panties/Т101-150/133_0.jpg,"Трусики стринги Coeur Joie, 2 цвета. Код: Т133","Трусики стринги Coeur Joie, 2 цвета. Код: Т133",
3358,Т134,77,180.0,data/3 - panties/Т101-150/134_0.jpg,"Трусики стринги XL, молочный. Код: Т134","Трусики стринги XL, молочный. Код: Т134",
3359,Т135,77,180.0,data/3 - panties/Т101-150/135_0.jpg,"Молочные трусики стринги, L. Код: Т135","Молочные трусики стринги, L. Код: Т135",
3360,С330,777,1200.0,data/1 - sets/С301-350/C330_3.jpg,"Черный эротический комплект без поролона, L. Код: С330","Черный эротический комплект без поролона, L. Код: С330",
3361,С355,777,880.0,data/1 - sets/С351-400/C355_0.jpg,"Черный сексуальный комплект белья, S. Код: С355","Черный сексуальный комплект белья, S. Код: С355",
3362,С356,777,700.0,data/1 - sets/С351-400/C356_0.jpg,"Черный сексуальный комплект белья, S, M. Код: С356","Черный сексуальный комплект белья, S, M. Код: С356",
3363,С340,777,880.0,data/1 - sets/С301-350/C340_0.jpg,Синий эротический комплект белья. Код: С340,Синий эротический комплект белья. Код: С340,
3364,С347,777,980.0,data/1 - sets/С301-350/C347_0.jpg,"Черный сексуальный комплект белья, размер S. Код: С347","Черный сексуальный комплект белья, размер S. Код: С347",
3365,С348,777,980.0,data/1 - sets/С301-350/C348_0.jpg,"Черно-синий сексуальный комплект, М. Код: С348","Черно-синий сексуальный комплект, М. Код: С348",
3366,С349,777,980.0,data/1 - sets/С301-350/C349_3.jpg,Белый эротический комплект белья. Код: С349,Белый эротический комплект белья. Код: С349,
3367,С350,777,980.0,data/1 - sets/С301-350/C350_2.jpg,Красный эротический комплект белья. Код: С350,Красный эротический комплект белья. Код: С350,
3368,С351,777,980.0,data/1 - sets/С351-400/C351_0.jpg,Черный эротический комплект белья. Код: С351,Черный эротический комплект белья. Код: С351,
3369,С352,777,980.0,data/1 - sets/С351-400/C352_0.jpg,Черно-розовый эротический комплект белья XL. Код: С352,Черно-розовый эротический комплект белья XL. Код: С352,
3370,С353,777,980.0,data/1 - sets/С351-400/353_4.jpg,Бежево-черный эротический комплект белья. Код: С353,Бежево-черный эротический комплект белья. Код: С353,
3371,С354,777,980.0,data/1 - sets/С351-400/C354_0.jpg,Черно-бежевый эротический комплект белья. Код: С354,Черно-бежевый эротический комплект белья. Код: С354,
3372,С183,777,520.0,data/1 - sets/С151-200/C183_2.jpg,"Комплект без косточки чашка В, цвет пудра. Код: С183","Комплект без косточки чашка В, цвет пудра. Код: С183",
3373,С188,777,520.0,data/1 - sets/С151-200/188_5.jpg,"Невероятный комплект с вышивкой, M. Код: С188","Невероятный комплект с вышивкой, M. Код: С188",
3375,Б127,777,350.0,data/2 - bras_bralets/Б101-150/127_10.jpg,Гладкие черные бюстики пуш-ап чашка 80В. Код: Б127,Гладкие черные бюстики пуш-ап чашка 80В. Код: Б127,
3376,Д69,777,650.0,data/4 - pajamas/51-100/69_0.jpg,Черные лосины экокожа с утеплителем 2XL. Код: Д69,Черные лосины экокожа с утеплителем 2XL. Код: Д69,
3377,Д61,777,1720.0,data/4 - pajamas/51-100/61_черн1.jpg,"Черная велюровая пижама Victoria`s Secret, XL. Код: Д61","Черная велюровая пижама Victoria`s Secret, XL. Код: Д61",
3378,Д62,777,1720.0,data/4 - pajamas/51-100/62_бордо2.jpg,"Шикарная пижама Louis Vuitton, S. Код: Д62","Шикарная пижама Louis Vuitton, S. Код: Д62",
3379,Д70,777,1720.0,data/4 - pajamas/51-100/70_бордо2.jpg,"Пижама Gucci цвета бордо, S. Код: Д70","Пижама Gucci цвета бордо, S. Код: Д70",
3380,Д70,777,1720.0,data/4 - pajamas/51-100/70_черн1.jpg,"Шикарная пижама Gucci, размер L. Код: Д70","Шикарная пижама Gucci, размер L. Код: Д70",
3381,С116,777,850.0,data/1 - sets/С101-150/116_9.jpg,Красный кожаный пуш-ап комплект со стрепами. Код: С116,Красный кожаный пуш-ап комплект со стрепами. Код: С116,
3384,С358,777,620.0,data/1 - sets/С351-400/358_3.jpg,Леопардовый комплект в чашке 100D. Код: С358,Леопардовый комплект в чашке 100D. Код: С358,
3385,С359,777,650.0,data/1 - sets/С351-400/359_1.jpg,Черно-бежевый комплект в чашке 80D. Код: С359,Черно-бежевый комплект в чашке 80D. Код: С359,
3386,С360,777,540.0,data/1 - sets/С351-400/360_0.jpg,Красивый комплект в чашке 75В цвета пудра. Код: С360,Красивый комплект в чашке 75В цвета пудра. Код: С360,
3387,Т398,77,160.0,data/3 - panties/Т351-400/398_1.jpg,"Трусики, р.54, 56, 58 (2XL, 3XL, 4XL). Код: Т398","Трусики, р.54, 56, 58 (2XL, 3XL, 4XL). Код: Т398",
3388,Т399,77,160.0,data/3 - panties/Т351-400/399.jpg,"Трусики, р. 52, 54, 56 (4XL, 5XL, 6XL). Код: Т399","Трусики, р. 52, 54, 56 (4XL, 5XL, 6XL). Код: Т399",
3389,Т400,77,95.0,data/3 - panties/401-450/400.jpg,"Трусики слипы, р.42, 44, 46 (L, XL, 2XL). Код: Т400","Трусики слипы, р.42, 44, 46 (L, XL, 2XL). Код: Т400",
3390,Т401,77,120.0,data/3 - panties/401-450/401_1.jpg,"Трусики, р. 44, 46, 48 (L, XL, 2XL). Код: Т401","Трусики, р. 44, 46, 48 (L, XL, 2XL). Код: Т401",
3391,Т402,77,120.0,data/3 - panties/401-450/402_1.jpg,"Трусики, р.L, XL, 2XL. Код: Т402","Трусики, р.L, XL, 2XL. Код: Т402",
3539,Б344,777,380.0,data/2 - bras_bralets/Б301-350/344_3.jpg,Белый бюстик анжелика на пушап чашку 80С. Код: Б344,Белый бюстик анжелика на пушап чашку 80С. Код: Б344,
3398,Т13,77,135.0,data/3 - panties/Т1-50/13_20.jpg,"Красивые трусики ХL, 2XL, 3XL. Код: Т13","Красивые трусики ХL, 2XL, 3XL. Код: Т13",
3402,С12,777,615.0,data/1 - sets/С1-50/12_21.jpg,Черно-бежевый комплект спейсер чашка 85С. Код: С12,Черно-бежевый комплект спейсер чашка 85С. Код: С12,
3406,С363,777,880.0,data/1 - sets/С351-400/C363.jpg,"Эротический боди, XL. Код: С363","Эротический боди, XL. Код: С363",
3407,С361,777,880.0,data/1 - sets/С351-400/C361.jpg,"Черный сексуальный комплект из сетки, L. Код: С361","Черный сексуальный комплект из сетки, L. Код: С361",
3408,С362,777,880.0,data/1 - sets/С351-400/C362_4.jpg,"Чорний еротичний комплект, XL. Код: С362","Чорний еротичний комплект, XL. Код: С362",
3409,С362,777,880.0,data/1 - sets/С351-400/C362_5.jpg,"Червоний еротичний комплект, L, XL. Код: С362","Червоний еротичний комплект, L, XL. Код: С362",
3410,С362,777,880.0,data/1 - sets/С351-400/C362_0.jpg,"Ніжно рожевий еротичний комплект, L. Код: С362","Ніжно рожевий еротичний комплект, L. Код: С362",
3411,Б109,777,280.0,data/2 - bras_bralets/Б101-150/109_6.jpg,"Базовый черный топ со съемным вкладышем, 4XL, 5XL. Б109","Базовый черный топ со съемным вкладышем, 4XL, 5XL. Б109",
3417,Т32,77,180.0,data/3 - panties/Т1-50/32_8.jpg,"Высокие стринги-утяжка, XL, 2XL. Код: Т32","Высокие стринги-утяжка, XL, 2XL. Код: Т32",
3419,Д32,777,480.0,data/4 - pajamas/Д1-50/32_20чернсофт.jpg,"Черный комплект для дома, р.48. Код: Д32","Черный комплект для дома, р.48. Код: Д32",
3420,Д4,777,690.0,data/4 - pajamas/Д1-50/4_20пинк2.jpg,Велюровый халат цвета пудра с кружевом. Код: Д4,Велюровый халат цвета пудра с кружевом. Код: Д4,
3421,Д72,777,690.0,data/4 - pajamas/51-100/72_малина.jpg,"Длинный халат плюш-велюр, размер М. Код: Д72","Длинный халат плюш-велюр, размер М. Код: Д72",
3422,Д72,777,690.0,data/4 - pajamas/51-100/72_лаванда.jpg,Длинный халат плюш-велюр цвета лаванда. Код: Д72,Длинный халат плюш-велюр цвета лаванда. Код: Д72,
3423,Д71,777,390.0,data/4 - pajamas/51-100/71.jpg,Стильная персиковая накидка для дома. Код: Д71,Стильная персиковая накидка для дома. Код: Д71,
3425,Т150,77,195.0,data/3 - panties/Т101-150/150_20.jpg,"4 расцветки, трусики бикини. Код: Т150","4 расцветки, трусики бикини. Код: Т150",
3426,Т152,77,180.0,data/3 - panties/Т151-200/152_20.jpg,"Трусики бикини, два цвета, S, L. Код: Т152","Трусики бикини, два цвета, S, L. Код: Т152",
3427,Т155,77,180.0,data/3 - panties/Т151-200/155_22.jpg,"Трусики бикини, 2 цвета. Код: Т155","Трусики бикини, 2 цвета. Код: Т155",
3428,Т156,77,180.0,data/3 - panties/Т151-200/156_20.jpg,"Трусики бикини, 2 расцветки. Код: Т156","Трусики бикини, 2 расцветки. Код: Т156",
3429,С348,777,980.0,data/1 - sets/С301-350/C348_6.jpg,"Фиолетовый сексуальный комплект, L. Код: С348","Фиолетовый сексуальный комплект, L. Код: С348",
3430,Б132,777,350.0,data/2 - bras_bralets/Б101-150/132_22.jpg,"Бюстик на гелевом пушапе чашка 85В, черный. Код: Б132","Бюстик на гелевом пушапе чашка 85В, черный. Код: Б132",
3575,С393,777,880.0,data/1 - sets/С351-400/393_2.jpg,"Сексуальный комплект цвета фукция, M. Код: С393","Сексуальный комплект цвета фукция, M. Код: С393",
3432,С366,777,880.0,data/1 - sets/С351-400/366_0.jpg,"Черный эротический комплект женского белья, S. Код: С366","Черный эротический комплект женского белья, S. Код: С366",
3433,С86,777,670.0,data/1 - sets/С51-100/86_20.jpg,"Черно-бежевый женский комплект белья, чашка 85В. Код: С86","Черно-бежевый женский комплект белья, чашка 85В. Код: С86",
3434,Б133,777,350.0,data/2 - bras_bralets/Б101-150/133_20.jpg,Черный бюстик на пушапе чашка 85В. Код: Б133,Черный бюстик на пушапе чашка 85В. Код: Б133,
3435,С367,777,880.0,data/1 - sets/С351-400/367_0.jpg,"Черный эротический комплект &quot;Бантик&quot;, S. Код: С367","Черный эротический комплект &quot;Бантик&quot;, S. Код: С367",
3436,КУ80,3,450.0,data/5 - swim/51-100/80_11.jpg,"Модный малиновый купальник, S, L. Код: КУ80","Модный малиновый купальник, S, L. Код: КУ80",
3439,Б160,777,440.0,data/2 - bras_bralets/Б151-200/160_20.jpg,"Ажурный бюстик в чашке 95D, красно-бежевый. Код: Б160","Ажурный бюстик в чашке 95D, красно-бежевый. Код: Б160",
3437,КУ80,3,450.0,data/5 - swim/51-100/80_9.jpg,"Купальник цвета коричневый леопард, S, M. Код: КУ80","Купальник цвета коричневый леопард, S, M. Код: КУ80",
3438,КУ80,3,450.0,data/5 - swim/51-100/80_10.jpg,"Леопардовый купальник, размер L. Код: КУ80","Леопардовый купальник, размер L. Код: КУ80",
3440,Б162,777,440.0,data/2 - bras_bralets/Б151-200/162_20.jpg,Синий бюстгальтер на чашку 100D. Код: Б162,Синий бюстгальтер на чашку 100D. Код: Б162,
3441,Т8,777,220.0,data/3 - panties/Т1-50/Т8.jpg,"Боксёры мужские GUCCI, L, XL. Код: Т8","Боксёры мужские GUCCI, L, XL. Код: Т8",
3443,Б159,777,370.0,data/2 - bras_bralets/Б151-200/159_20.jpg,Молочный пуш-ап бюстик 75B с фигурным вырезом. Код: Б159,Молочный пуш-ап бюстик 75B с фигурным вырезом. Код: Б159,
3444,Б154,777,390.0,data/2 - bras_bralets/Б151-200/154_20.jpg,"Бюстик на поролоне чашка 85С, черно-бежевый. Код: Б154","Бюстик на поролоне чашка 85С, черно-бежевый. Код: Б154",
3445,Б150,777,370.0,data/2 - bras_bralets/Б101-150/150_20.jpg,"Бюстик пушап чашка В, три цвета. Код: Б150","Бюстик пушап чашка В, три цвета. Код: Б150",
3446,Б151,777,390.0,data/2 - bras_bralets/Б151-200/151_20.jpg,"Бюстик без косточки чашка 85С, черный. Код: Б151","Бюстик без косточки чашка 85С, черный. Код: Б151",
3463,С368,777,640.0,data/1 - sets/С351-400/C368_22.jpg,Красивый комплект цвета фуксия пушап чашка 90С. Код: С368,Красивый комплект цвета фуксия пушап чашка 90С. Код: С368,
3448,Т160,77,160.0,data/3 - panties/Т151-200/160_20.jpg,"Трусики стринги, два цвета, M, L, XL. Код: Т160","Трусики стринги, два цвета, M, L, XL. Код: Т160",
3811,Б380,777,440.0,data/2 - bras_bralets/Б351-400/380_0.jpg,"Бюстик чашка Е, черный. Код: Б380","Бюстик чашка Е, черный. Код: Б380",
3450,Т136,77,100.0,data/3 - panties/Т101-150/136_20.jpg,"Атласные бразилианы, все цвета, L, 2XL. Код: Т136","Атласные бразилианы, все цвета, L, 2XL. Код: Т136",
3451,С369,777,580.0,data/1 - sets/С351-400/C369_1.jpg,"Ажурный комплект на чашку 80D, бежево-коричневый. Код: С369","Ажурный комплект на чашку 80D, бежево-коричневый. Код: С369",
3452,С370,777,450.0,data/1 - sets/С351-400/370_2.jpg,Ажурный бюстик на чашку 85В. Код: С370,Ажурный бюстик на чашку 85В. Код: С370,
3453,Б139,777,420.0,data/2 - bras_bralets/Б101-150/139_23.jpg,Бежевый ажурный пуш-ап бюстик 85B. Код: Б139,Бежевый ажурный пуш-ап бюстик 85B. Код: Б139,
3454,А10,777,200.0,data/6 - erotic/1-50/10_31.jpg,Черные эротические колготки со стразами. Код: А10,Черные эротические колготки со стразами. Код: А10,
3456,А152,777,110.0,data/6 - erotic/151-200/152_0.jpg,Черные ажурные перчатки в горошек. Код: А152,Черные ажурные перчатки в горошек. Код: А152,
3457,А153,777,110.0,data/6 - erotic/151-200/153_0.jpg,"Митенки в сетку, красные. Код: А153","Митенки в сетку, красные. Код: А153",
3458,А154,777,140.0,data/6 - erotic/151-200/154_0.jpg,Черные перчатки удлиненные. Код: А154,Черные перчатки удлиненные. Код: А154,
3459,Б141,777,400.0,data/2 - bras_bralets/Б101-150/141_13.jpg,"Гладкие бюстики на большом пушапе 85В, два цвета. Код: Б141","Гладкие бюстики на большом пушапе 85В, два цвета. Код: Б141",
3461,С361,777,880.0,data/1 - sets/С351-400/C361_7.jpg,"Красно-черный сексуальный комплект, M. Код: С361","Красно-черный сексуальный комплект, M. Код: С361",
3462,С368,777,640.0,data/1 - sets/С351-400/C368_24.jpg,"Молодежный комплект пушап чашка В, два цвета. Код: С368","Молодежный комплект пушап чашка В, два цвета. Код: С368",
3464,С371,777,640.0,data/1 - sets/С351-400/C371_0.jpg,"Нарядный пушап комплект чашка 80В, цвет фуксия. Код: С371","Нарядный пушап комплект чашка 80В, цвет фуксия. Код: С371",
3730,С403,777,720.0,data/1 - sets/401-451/403_20.jpg,Шикарный комплект без поролона на чашку 75С. Код: С403,Шикарный комплект без поролона на чашку 75С. Код: С403,
3466,С55,777,900.0,data/1 - sets/С51-100/C55_лео2.jpg,Комплект леопард Victoria\,Комплект леопард Victoria\,
3467,С372,777,900.0,data/1 - sets/С351-400/C372_3.jpg,"Шикарный комплект чашка 85D, молочный. Код: С372","Шикарный комплект чашка 85D, молочный. Код: С372",
3468,Д8,777,300.0,data/4 - pajamas/Д1-50/8_шокол1.jpg,Шифоновый халатик шоколадного цвета. Код: Д8,Шифоновый халатик шоколадного цвета. Код: Д8,
3469,Д73,777,650.0,data/4 - pajamas/51-100/73_0.jpg,"Синий комплект: халат, майка и шорты, р.М. Код: Д73","Синий комплект: халат, майка и шорты, р.М. Код: Д73",
3471,Д47,777,450.0,data/4 - pajamas/Д1-50/47_красн и бел.jpg,Пижамка с бубонами: майка и шорты. Код: Д47,Пижамка с бубонами: майка и шорты. Код: Д47,
3472,Д74,777,450.0,data/4 - pajamas/51-100/74_черн и бел.jpg,Черная хлопковая пижама: майка и шорты. Код: Д74,Черная хлопковая пижама: майка и шорты. Код: Д74,
3473,Д41,777,450.0,data/4 - pajamas/Д1-50/41_черн и бел.jpg,Черная ночнушка из вискозы с кружевом. Код: Д41,Черная ночнушка из вискозы с кружевом. Код: Д41,
3474,Д41,777,450.0,data/4 - pajamas/Д1-50/41_черн и крас.jpg,Черная ночная рубашка из вискозы. Код: Д41,Черная ночная рубашка из вискозы. Код: Д41,
3475,Д41,777,450.0,data/4 - pajamas/Д1-50/41_персик и черн.jpg,Персиковая ночнушка из вискозы. Код: Д41,Персиковая ночнушка из вискозы. Код: Д41,
3476,Д36,777,450.0,data/4 - pajamas/Д1-50/36_черн без кружева.jpg,Стильный черный пеньюар размер 44-46. Код: Д36,Стильный черный пеньюар размер 44-46. Код: Д36,
3477,Д75,777,400.0,data/4 - pajamas/51-100/75_1.jpg,"Ночная рубашка из модала, с чашкам. Код: Д75","Ночная рубашка из модала, с чашкам. Код: Д75",
3478,С353,777,980.0,data/1 - sets/С351-400/353_5.jpg,Бежево-красный эротический комплект белья. Код: С353,Бежево-красный эротический комплект белья. Код: С353,
3479,С373,777,880.0,data/1 - sets/С351-400/373_1.jpg,"Эротический комплект &quot;Поцелуйчики&quot;, M. Код: С373","Эротический комплект &quot;Поцелуйчики&quot;, M. Код: С373",
3480,С374,777,880.0,data/1 - sets/С351-400/374_2.jpg,"Черный сексуальный комплект из экокожи, M. Код: С374","Черный сексуальный комплект из экокожи, M. Код: С374",
3481,С375,777,880.0,data/1 - sets/С351-400/375_2.jpg,"Шикарный сексуальный комплект с вышивкой, L. Код: С375","Шикарный сексуальный комплект с вышивкой, L. Код: С375",
3482,Т223,777,230.0,data/3 - panties/Т201-250/223_22.jpg,"Черные боксёры Calvin Klein яркая резинка, размер L. Код: Т223","Черные боксёры Calvin Klein яркая резинка, размер L. Код: Т223",
3483,С345,777,520.0,data/1 - sets/С301-350/345_31.jpg,"Белый ажурный комплект белья, чашка 85В. Код: С345","Белый ажурный комплект белья, чашка 85В. Код: С345",
3486,Д47,777,450.0,data/4 - pajamas/Д1-50/47_012 черный+оранж бубоны.jpg,Пижамка с оранжевыми бубонами. Код: Д47,Пижамка с оранжевыми бубонами. Код: Д47,
3487,Д47,777,450.0,data/4 - pajamas/Д1-50/47 черн с бел бубон.jpg,Черный комплект с белыми бубонами. Код: Д47,Черный комплект с белыми бубонами. Код: Д47,
3488,Д32,777,480.0,data/4 - pajamas/Д1-50/32 мятный софт.jpg,Мятный комплект для дома: майка и шортики. Код: Д32,Мятный комплект для дома: майка и шортики. Код: Д32,
3489,Д47,777,450.0,data/4 - pajamas/Д1-50/47 черн с салат бубон.jpg,Черный комплект с салатовыми бубонами. Код: Д47,Черный комплект с салатовыми бубонами. Код: Д47,
3490,Д47,777,450.0,data/4 - pajamas/Д1-50/47 черн с сирен бубон.jpg,Черный комплект с сиреневыми бубонами. Код: Д47,Черный комплект с сиреневыми бубонами. Код: Д47,
3491,Д47,777,450.0,data/4 - pajamas/Д1-50/47 черн с красн бубон.jpg,Черный комплект с красными бубонами. Код: Д47,Черный комплект с красными бубонами. Код: Д47,
3498,Д47,777,450.0,data/4 - pajamas/Д1-50/47 черн с син бубон.jpg,Черный комплект с синими бубонами. Код: Д47,Черный комплект с синими бубонами. Код: Д47,
3493,Д47,777,450.0,data/4 - pajamas/Д1-50/47 красн с черн бубон.jpg,Красный комплект с черными бубонами. Код: Д47,Красный комплект с черными бубонами. Код: Д47,
3494,Д47,777,450.0,data/4 - pajamas/Д1-50/47 красн с красн бубон.jpg,Красный комплект с красными бубонами. Код: Д47,Красный комплект с красными бубонами. Код: Д47,
3495,Д47,777,450.0,data/4 - pajamas/Д1-50/10.jpg,Вишневый комплект с черными бубонами. Код: Д47,Вишневый комплект с черными бубонами. Код: Д47,
3496,Д47,777,450.0,data/4 - pajamas/Д1-50/12.jpg,Вишневый комплект с белыми бубонами. Код: Д47,Вишневый комплект с белыми бубонами. Код: Д47,
3497,Д47,777,450.0,data/4 - pajamas/Д1-50/11.jpg,Вишнёвый комплект для дома из вискозы. Код: Д47,Вишнёвый комплект для дома из вискозы. Код: Д47,
3499,Д31,777,420.0,data/4 - pajamas/Д1-50/094-1 мята.jpg,Пижама цвета мята: майка и шорты. Код: Д31,Пижама цвета мята: майка и шорты. Код: Д31,
3500,Д31,777,420.0,data/4 - pajamas/Д1-50/094-1 темно синий.jpg,Темно-синий комплект: майка и шорты. Код: Д31,Темно-синий комплект: майка и шорты. Код: Д31,
3501,Д76,777,170.0,data/4 - pajamas/51-100/76.jpg,Красная женская футболка из вискозы. Код: Д76,Красная женская футболка из вискозы. Код: Д76,
3502,Б166,777,370.0,data/2 - bras_bralets/Б151-200/166_22.jpg,Белый бюстгальтер гладкий чашка С. Код: Б166,Белый бюстгальтер гладкий чашка С. Код: Б166,
3503,С364,777,880.0,data/1 - sets/С351-400/C364_4.jpg,"Бордовый эротический комплект, XL. Код: С364","Бордовый эротический комплект, XL. Код: С364",
3504,С364,777,880.0,data/1 - sets/С351-400/C364_3.jpg,"Розовый эротический комплект, XL. Код: С364","Розовый эротический комплект, XL. Код: С364",
3505,С376,777,980.0,data/1 - sets/С351-400/376_2.jpg,"Красный сексуальный комплект, М. Код: С376","Красный сексуальный комплект, М. Код: С376",
3507,С378,777,820.0,data/1 - sets/С351-400/378_0.jpg,"Комплект, с трусиками бразильяна в 2х цветах. Код: С378","Комплект, с трусиками бразильяна в 2х цветах. Код: С378",
3508,Т179,77,100.0,data/3 - panties/Т151-200/179_20.jpg,"Бесшовные трусики слипы, S, M. Код: Т179","Бесшовные трусики слипы, S, M. Код: Т179",
3509,Т180,77,100.0,data/3 - panties/Т151-200/180_20.jpg,"Бесшовные трусики американки, M, L, XL. Код: Т180","Бесшовные трусики американки, M, L, XL. Код: Т180",
3510,Т271,77,120.0,data/3 - panties/Т251-300/271_0.jpg,Бесшовные стринги с проклеенными швами на тонких резинках. Код: Т271,Бесшовные стринги с проклеенными швами на тонких резинках. Код: Т271,
3511,Т272,77,120.0,data/3 - panties/Т251-300/272_11.jpg,"Бесшовные трусики-бразильяны, кофейные. Код: Т272","Бесшовные трусики-бразильяны, кофейные. Код: Т272",
3512,Т273,77,120.0,data/3 - panties/Т251-300/273_10.jpg,Бесшовные бразильяны с V-образным вырезом. Код: Т273,Бесшовные бразильяны с V-образным вырезом. Код: Т273,
3513,Т3,77,120.0,data/3 - panties/Т1-50/3_20.jpg,"Бесшовные трусики, три расцветки. Код: Т3","Бесшовные трусики, три расцветки. Код: Т3",
3514,Т76,77,250.0,data/3 - panties/Т51-100/76_20.jpg,"Трусики в стиле VS, 3 расцветки, L. Код: Т76","Трусики в стиле VS, 3 расцветки, L. Код: Т76",
3515,Т84,77,220.0,data/3 - panties/Т51-100/84_20.jpg,"Стринги в стиле VS, черные, M, L. Код: Т84","Стринги в стиле VS, черные, M, L. Код: Т84",
3516,Т77,77,250.0,data/3 - panties/Т51-100/77_11.jpg,Трусики Victoria\,Трусики Victoria\,
3519,Б174,777,370.0,data/2 - bras_bralets/Б151-200/174_21.jpg,Гладкий молочный бюст на пушапе чашка В. Код: Б174,Гладкий молочный бюст на пушапе чашка В. Код: Б174,
3520,Б175,777,380.0,data/2 - bras_bralets/Б151-200/175_21.jpg,Гладкий черный бюстик чашка 75В. Код: Б175,Гладкий черный бюстик чашка 75В. Код: Б175,
3521,С379,777,700.0,data/1 - sets/С351-400/379_0.jpg,Бежево-черный комплект в чашке С. Код: С379,Бежево-черный комплект в чашке С. Код: С379,
3522,Б170,777,430.0,data/2 - bras_bralets/Б151-200/170_21.jpg,Бежевый ажурный бюстик чашка 80D. Код: Б170,Бежевый ажурный бюстик чашка 80D. Код: Б170,
3523,С380,777,700.0,data/1 - sets/С351-400/380_3.jpg,Черно-бежевый пуш-ап комплект в чашке В. Код: С380,Черно-бежевый пуш-ап комплект в чашке В. Код: С380,
3524,С381,777,700.0,data/1 - sets/С351-400/381_1.jpg,"Комплект-спейсер в чашке 75D, бежевый. Код: С381","Комплект-спейсер в чашке 75D, бежевый. Код: С381",
3525,С382,777,700.0,data/1 - sets/С351-400/382_0.jpg,"Черный прозрачный комплект со стрингами, M. Код: С382","Черный прозрачный комплект со стрингами, M. Код: С382",
3526,С383,777,400.0,data/1 - sets/С351-400/383_0.jpg,Комплект в рубчик со вшитым поролоном на чашку A-B. Код: С383,Комплект в рубчик со вшитым поролоном на чашку A-B. Код: С383,
3527,С384,777,600.0,data/1 - sets/С351-400/384_41.jpg,4 расцветки! Комплект в чашке С. Код: С384,4 расцветки! Комплект в чашке С. Код: С384,
3528,С50,777,620.0,data/1 - sets/С1-50/50_10.jpg,"Синий комплект Calvin Klein M, L черная резинка. Код: С50","Синий комплект Calvin Klein M, L черная резинка. Код: С50",
3530,С177,777,580.0,data/1 - sets/С151-200/177_50.jpg,"Комплект чашка 85D, цвета пудра. Код: С177","Комплект чашка 85D, цвета пудра. Код: С177",
3531,Т222,777,120.0,data/3 - panties/Т201-250/222_22.jpg,"Две расцветки. Кружевные трусики, р. 44, 46, 48. Код: Т222","Две расцветки. Кружевные трусики, р. 44, 46, 48. Код: Т222",
3532,С385,777,400.0,data/1 - sets/С351-400/385_0.jpg,"Комплект в рубчик, р.44-46 на чашку B. Код: С385","Комплект в рубчик, р.44-46 на чашку B. Код: С385",
3533,С108,777,520.0,data/1 - sets/С101-150/C108_20.jpg,"Ажурный комплект чашка 70А, кирпичный. Код: С108","Ажурный комплект чашка 70А, кирпичный. Код: С108",
3535,КУ81,3,780.0,data/5 - swim/51-100/81_0.jpg,Черный молодежный раздельный купальник р.46. Код: КУ81,Черный молодежный раздельный купальник р.46. Код: КУ81,
3536,КУ82,3,850.0,data/5 - swim/51-100/82.jpg,Чорний суцільний купальник. Код: КУ82,Чорний суцільний купальник. Код: КУ82,
3546,С20,777,580.0,data/1 - sets/С1-50/20_21.jpg,Молочный комплект пуш-ап чашка 80В. Код: С20,Молочный комплект пуш-ап чашка 80В. Код: С20,
3547,Б1,777,440.0,data/2 - bras_bralets/Б1-50/1_32.jpg,Бюстик на косточке без поролона чашка 105F. Код: Б1,Бюстик на косточке без поролона чашка 105F. Код: Б1,
3548,Б8,777,450.0,data/2 - bras_bralets/Б1-50/8_32.jpg,"Бюстик без поролона 85D, в черном цвете. Код: Б8","Бюстик без поролона 85D, в черном цвете. Код: Б8",
3549,Б15,777,440.0,data/2 - bras_bralets/Б1-50/15_33.jpg,Белый бюстик без поролона чашка 100D. Код: Б15,Белый бюстик без поролона чашка 100D. Код: Б15,
3550,Б349,777,370.0,data/2 - bras_bralets/Б301-350/349.jpg,Черный бюстик на чашку 85В c уплотненной снизу чашечкой. Код: Б349,Черный бюстик на чашку 85В c уплотненной снизу чашечкой. Код: Б349,
3552,Т403,77,180.0,data/3 - panties/401-450/403.jpg,"Молочные трусики бикини, M, L, XL. Код: Т403","Молочные трусики бикини, M, L, XL. Код: Т403",
3553,Т404,77,180.0,data/3 - panties/401-450/404_2.jpg,Трусики бикини Annajolly цвета шампань. Код: Т404,Трусики бикини Annajolly цвета шампань. Код: Т404,
3554,Т405,77,180.0,data/3 - panties/401-450/405_4.jpg,"Трусики бикини Annajolly, три цвета. Код: Т405","Трусики бикини Annajolly, три цвета. Код: Т405",
3555,Т406,77,180.0,data/3 - panties/401-450/406_1.jpg,Белые трусики бикини Annajolly. Код: Т406,Белые трусики бикини Annajolly. Код: Т406,
3556,Т407,77,180.0,data/3 - panties/401-450/407_2.jpg,Красные трусики бикини Annajolly. Код: Т407,Красные трусики бикини Annajolly. Код: Т407,
3557,Т408,77,180.0,data/3 - panties/401-450/408_1.jpg,Трусики бикини Annajolly черного цвета. Код: Т408,Трусики бикини Annajolly черного цвета. Код: Т408,
3558,Т409,77,180.0,data/3 - panties/401-450/409_1.jpg,"Трусики бикини 4XL, разные цвета. Код: Т409","Трусики бикини 4XL, разные цвета. Код: Т409",
3559,Т410,77,180.0,data/3 - panties/401-450/410_1.jpg,"Трусики бикини 46, 48, 50, разные цвета. Код: Т410","Трусики бикини 46, 48, 50, разные цвета. Код: Т410",
3560,Т411,77,130.0,data/3 - panties/401-450/411.jpg,"Трусики бикини L-XL, разные цвета. Код: Т411","Трусики бикини L-XL, разные цвета. Код: Т411",
3561,Т412,77,120.0,data/3 - panties/401-450/412.jpg,"Трусики микрофибра M, XL, разные цвета. Код: Т412","Трусики микрофибра M, XL, разные цвета. Код: Т412",
3562,Т413,77,120.0,data/3 - panties/401-450/413_1.jpg,"Трусики хлопок L, разные цвета. Код: Т413","Трусики хлопок L, разные цвета. Код: Т413",
3563,Т414,77,150.0,data/3 - panties/401-450/414_1.jpg,"Черные трусики микрофибра, р. M. Код: Т414","Черные трусики микрофибра, р. M. Код: Т414",
3564,Т415,77,120.0,data/3 - panties/401-450/415_2.jpg,"Трусики хлопок два цвета, р. M. Код: Т415","Трусики хлопок два цвета, р. M. Код: Т415",
3565,С386,777,450.0,data/1 - sets/С351-400/386_0.jpg,Черно-бежевый комплект без косточек в чашке 75В. Код: С386,Черно-бежевый комплект без косточек в чашке 75В. Код: С386,
3566,С387,777,700.0,data/1 - sets/С351-400/387_2.jpg,Черный комплект в чашке 75С. Код: С387,Черный комплект в чашке 75С. Код: С387,
3567,С388,777,540.0,data/1 - sets/С351-400/388_0.jpg,Комплект в чашке 80С цвета хаки. Код: С388,Комплект в чашке 80С цвета хаки. Код: С388,
3568,С139,777,550.0,data/1 - sets/С101-150/139_30.jpg,"Пуш-ап комплект чашка В, цвет хаки. Код: С139","Пуш-ап комплект чашка В, цвет хаки. Код: С139",
3569,С389,777,580.0,data/1 - sets/С351-400/389_0.jpg,Комплект в чашке 90D бежевого цвета. Код: С389,Комплект в чашке 90D бежевого цвета. Код: С389,
3570,С390,777,580.0,data/1 - sets/С351-400/390_2.jpg,Комплект в чашке 80C без косточек. Код: С390,Комплект в чашке 80C без косточек. Код: С390,
3571,С184,777,540.0,data/1 - sets/С151-200/184_33.jpg,Бежевый комплект чашка 75В. Код: С184,Бежевый комплект чашка 75В. Код: С184,
3573,С376,777,980.0,data/1 - sets/С351-400/376_23.jpg,"Черно-красный сексуальный комплект, М. Код: С376","Черно-красный сексуальный комплект, М. Код: С376",
3574,С365,777,980.0,data/1 - sets/С351-400/365_20.jpg,"Синий сексуальный комплект белья, M. Код: С365","Синий сексуальный комплект белья, M. Код: С365",
3576,С305,777,720.0,data/1 - sets/С301-350/305_20.jpg,Молочный пушап комплект чашка В. Код: С305,Молочный пушап комплект чашка В. Код: С305,
3577,С305,777,720.0,data/1 - sets/С301-350/305_25.jpg,Черно-бежевый пушап комплект чашка 80В. Код: С305,Черно-бежевый пушап комплект чашка 80В. Код: С305,
3578,С391,777,700.0,data/1 - sets/С351-400/391_2.jpg,Гладкий черный комплект пушап чашка 85В. Код: С391,Гладкий черный комплект пушап чашка 85В. Код: С391,
3579,С392,777,580.0,data/1 - sets/С351-400/392_2.jpg,Ажурный белый комплект чашка Д. Код: С392,Ажурный белый комплект чашка Д. Код: С392,
3580,С381,777,700.0,data/1 - sets/С351-400/381_9.jpg,Темно-синий комплект-спейсер чашка 75D. Код: С381,Темно-синий комплект-спейсер чашка 75D. Код: С381,
3581,Б270,777,370.0,data/2 - bras_bralets/Б251-300/270_9.jpg,Гладкий черный бюстик без косточек чашка 85В. Код: Б270,Гладкий черный бюстик без косточек чашка 85В. Код: Б270,
3582,Б350,777,440.0,data/2 - bras_bralets/Б301-350/350_0.jpg,Бюст без поролона на косточке чашка 85D. Код: Б350,Бюст без поролона на косточке чашка 85D. Код: Б350,
3583,Б351,777,420.0,data/2 - bras_bralets/Б351-400/351_2.jpg,"Шикарный бюст на пушапе чашка В, два цвета. Код: Б351","Шикарный бюст на пушапе чашка В, два цвета. Код: Б351",
3584,С394,777,630.0,data/1 - sets/С351-400/394_2.jpg,Черно-бежевый пушап комплект чашка 85В. Код: С394,Черно-бежевый пушап комплект чашка 85В. Код: С394,
3585,С395,777,980.0,data/1 - sets/С351-400/395_0.jpg,"Красный сексуальный комплект белья, M. Код: С395","Красный сексуальный комплект белья, M. Код: С395",
3586,С396,777,850.0,data/1 - sets/С351-400/396_0.jpg,Шикарный красный комплект белья в чашке 75С. Код: С396,Шикарный красный комплект белья в чашке 75С. Код: С396,
3587,С397,777,720.0,data/1 - sets/С351-400/397_0.jpg,"Красивый красный комплект, 75С. Код: С397","Красивый красный комплект, 75С. Код: С397",
3588,С398,777,650.0,data/1 - sets/С351-400/398_0.jpg,Нарядный белый комплект в чашке 75С. Код: С398,Нарядный белый комплект в чашке 75С. Код: С398,
3589,С398,777,650.0,data/1 - sets/С351-400/398_2.jpg,Нарядный красный комплект в чашках С и D. Код: С398,Нарядный красный комплект в чашках С и D. Код: С398,
3590,С401,777,880.0,data/1 - sets/401-451/401_0.jpg,"Сексуальный комплект экокожа, S. Код: С401","Сексуальный комплект экокожа, S. Код: С401",
3591,С399,777,530.0,data/1 - sets/С351-400/399_1.jpg,"Комплект чашка В, в 3-х расцветках. Код: С399","Комплект чашка В, в 3-х расцветках. Код: С399",
3592,С400,777,580.0,data/1 - sets/С351-400/400_1.jpg,"Комплект чашка С, черного цвета. Код: С400","Комплект чашка С, черного цвета. Код: С400",
3593,С190,777,630.0,data/1 - sets/С151-200/190_22.jpg,Красивый черный пуш-ап комплект чашка 85В. Код: С190,Красивый черный пуш-ап комплект чашка 85В. Код: С190,
3595,С190,777,630.0,data/1 - sets/С151-200/190_23.jpg,Сине-розовый пуш-ап комплект чашка В. Код: С190,Сине-розовый пуш-ап комплект чашка В. Код: С190,
3596,С79,777,560.0,data/1 - sets/С51-100/79_21.jpg,Бежевый комплект на тонком поролоне чашка В. Код: С79,Бежевый комплект на тонком поролоне чашка В. Код: С79,
3599,А156,777,420.0,data/6 - erotic/151-200/156_0.jpg,Настольная игра &quot;Ты + Я&quot; для двоих 18+. Код: А156,Настольная игра &quot;Ты + Я&quot; для двоих 18+. Код: А156,
3598,С377,777,980.0,data/1 - sets/С351-400/C377_13.jpg,"Черный комплект для особых случаев, S. Код: С377","Черный комплект для особых случаев, S. Код: С377",
3600,С402,777,980.0,data/1 - sets/401-451/C402_0.jpg,"Красный эротический комплект, M. Код: С402","Красный эротический комплект, M. Код: С402",
3601,А157,777,200.0,data/6 - erotic/151-200/157.jpg,Наручники для ролевых игр 18+. Код: А157,Наручники для ролевых игр 18+. Код: А157,
3602,А158,777,170.0,data/6 - erotic/151-200/158.jpg,Веревка для BDSM игр 10 метров. Код: А158,Веревка для BDSM игр 10 метров. Код: А158,
3603,А159,777,60.0,data/6 - erotic/151-200/159_0.jpg,Пестисы (наклейки на грудь) черные. Код: А159,Пестисы (наклейки на грудь) черные. Код: А159,
3604,А160,777,250.0,data/6 - erotic/151-200/160_0.jpg,"Стэк для BDSM игр (хлыст, кнут). Код: А160","Стэк для BDSM игр (хлыст, кнут). Код: А160",
3605,А161,777,280.0,data/6 - erotic/151-200/161_0.jpg,"Паддл красный для BDSM игр (хлыст, кнут). Код: А161","Паддл красный для BDSM игр (хлыст, кнут). Код: А161",
3606,А162,777,280.0,data/6 - erotic/151-200/162.jpg,Паддл черно-красный &quot;LOVE&quot; для BDSM игр. Код: А162,Паддл черно-красный &quot;LOVE&quot; для BDSM игр. Код: А162,
3607,А163,777,980.0,data/6 - erotic/151-200/163_8.jpg,"Женский эротический комплект из экокожи, S. Код: А163","Женский эротический комплект из экокожи, S. Код: А163",
3608,А164,777,980.0,data/6 - erotic/151-200/164_1.jpg,"Эротический комплект белья, М. Код: А164","Эротический комплект белья, М. Код: А164",
3609,А165,777,1100.0,data/6 - erotic/151-200/165_5.jpg,"Красный сексуальный комплект белья, М. Код: А165","Красный сексуальный комплект белья, М. Код: А165",
3610,А166,777,980.0,data/6 - erotic/151-200/166_0.jpg,"Сексуальный комплект с вышивкой, S. Код: А166","Сексуальный комплект с вышивкой, S. Код: А166",
3611,А167,777,980.0,data/6 - erotic/151-200/167_0.jpg,"Комплект для ролевых игр &quot;Домработница&quot;, М. Код: А167","Комплект для ролевых игр &quot;Домработница&quot;, М. Код: А167",
3613,А169,777,980.0,data/6 - erotic/151-200/169_2.jpg,"Черный эротический комплект, S. Код: А169","Черный эротический комплект, S. Код: А169",
3614,А170,777,700.0,data/6 - erotic/151-200/170_0.jpg,"Эротический комплект цвета изумруд, L. Код: А170","Эротический комплект цвета изумруд, L. Код: А170",
3615,А171,777,980.0,data/6 - erotic/151-200/171_0.jpg,"Черный эротический комплект, М. Код: А171","Черный эротический комплект, М. Код: А171",
3616,А172,777,600.0,data/6 - erotic/151-200/172_0.jpg,"Красный эротический комплект в сетку, S. Код: А172","Красный эротический комплект в сетку, S. Код: А172",
3698,А188,777,270.0,data/6 - erotic/151-200/188_1.jpg,Маска женская &quot;Кролик&quot; для ролевых игр. Код: А188,Маска женская &quot;Кролик&quot; для ролевых игр. Код: А188,
3617,Б352,777,440.0,data/2 - bras_bralets/Б351-400/352_0.jpg,"Бюстики в чашке G, два цвета. Код: Б352","Бюстики в чашке G, два цвета. Код: Б352",
3847,Д77,777,750.0,data/4 - pajamas/51-100/77_7.jpg,"Мужской комплект термобелья двухслойный, серо-синий XL. Код: Д77","Мужской комплект термобелья двухслойный, серо-синий XL. Код: Д77",
3619,Д78,777,750.0,data/4 - pajamas/51-100/78_0.jpg,"Мужской комплект термобелья на микрофлисе L, XL, 2XL, 3XL, 4XL . Код: Д78","Мужской комплект термобелья на микрофлисе L, XL, 2XL, 3XL, 4XL . Код: Д78",
3620,Д79,777,750.0,data/4 - pajamas/51-100/79_0.jpg,Женский комплект термобелья двухслойный с добавлением шерсти. Код: Д79,Женский комплект термобелья двухслойный с добавлением шерсти. Код: Д79,
3845,Д80,777,750.0,data/4 - pajamas/51-100/80_1.jpg,Женский комплект термобелья на микрофлисе 2XL(50). Код: Д80,Женский комплект термобелья на микрофлисе 2XL(50). Код: Д80,
3622,Т114,77,120.0,data/3 - panties/Т101-150/114_9.jpg,"Хлопковые трусики слипы, L. Код: Т114","Хлопковые трусики слипы, L. Код: Т114",
3623,Т116,77,150.0,data/3 - panties/Т101-150/116_9.jpg,"Трусики слипы микрофибра, XL, 2XL, 3XL. Код: Т116","Трусики слипы микрофибра, XL, 2XL, 3XL. Код: Т116",
3624,Т129,77,180.0,data/3 - panties/Т101-150/129_9.jpg,"Трусики слипы PINK, L. Код: Т129","Трусики слипы PINK, L. Код: Т129",
3731,С413,777,720.0,data/1 - sets/401-451/413_1.jpg,Молочный комплект на чашку 80В. Код: С413,Молочный комплект на чашку 80В. Код: С413,
3626,Д81,777,660.0,data/4 - pajamas/51-100/81_11.jpg,"2 цвета. Комплект для дома: футболка и шорты, XL, 2XL, 3XL. Код: Д81","2 цвета. Комплект для дома: футболка и шорты, XL, 2XL, 3XL. Код: Д81",
3627,Д81,777,600.0,data/4 - pajamas/51-100/81_12.jpg,"4 цвета! Велюровый комплект: футболка и шорты, S, M, L. Код: Д81","4 цвета! Велюровый комплект: футболка и шорты, S, M, L. Код: Д81",
3628,Д82,777,980.0,data/4 - pajamas/51-100/82_1.jpg,"Халат и ночнушка цвета пудра, XL. Код: Д82","Халат и ночнушка цвета пудра, XL. Код: Д82",
3629,Д83,777,560.0,data/4 - pajamas/51-100/83_1.jpg,"Пижама цвета бордо, S. Код: Д83","Пижама цвета бордо, S. Код: Д83",
3630,Д83,777,560.0,data/4 - pajamas/51-100/83_2.jpg,"Пижама цвета пудра, S. Код: Д83","Пижама цвета пудра, S. Код: Д83",
3631,Д84,777,560.0,data/4 - pajamas/51-100/84_1.jpg,"Велюровый халат бордо, S. Код: Д84","Велюровый халат бордо, S. Код: Д84",
3632,Д85,777,850.0,data/4 - pajamas/51-100/85_1.jpg,"Комплект черный, р. L. Код: Д85","Комплект черный, р. L. Код: Д85",
3633,Д86,777,1450.0,data/4 - pajamas/51-100/86_12.jpg,"Темно-синий комплект из 3-х единиц, S. Код: Д86","Темно-синий комплект из 3-х единиц, S. Код: Д86",
3634,Д86,777,1450.0,data/4 - pajamas/51-100/86_1.jpg,"Комплект для дома из 4-х единиц, р.L. Код: Д86","Комплект для дома из 4-х единиц, р.L. Код: Д86",
3635,Д87,777,980.0,data/4 - pajamas/51-100/87_1.jpg,"Зеленый велюровый комплект для дома, 3XL. Код: Д87","Зеленый велюровый комплект для дома, 3XL. Код: Д87",
3636,Д88,777,980.0,data/4 - pajamas/51-100/88_1.jpg,"Махровый комплект для дома, зеленый, р.54. Код: Д88","Махровый комплект для дома, зеленый, р.54. Код: Д88",
3637,А173,777,400.0,data/6 - erotic/151-200/173_1.jpg,Мужская шляпа цилиндр высокая. Код: А173,Мужская шляпа цилиндр высокая. Код: А173,
3638,А174,777,120.0,data/6 - erotic/151-200/174.jpg,Женская карнавальная маска &quot;Леди Х&quot;. Код: А174,Женская карнавальная маска &quot;Леди Х&quot;. Код: А174,
3639,А175,777,120.0,data/6 - erotic/151-200/175.jpg,Мужская карнавальная маска &quot;Мистер Х&quot;. Код: А175,Мужская карнавальная маска &quot;Мистер Х&quot;. Код: А175,
3640,А176,777,300.0,data/6 - erotic/151-200/176.jpg,Брошка-заколка &quot;Кармэн&quot; 20 см. Код: А176,Брошка-заколка &quot;Кармэн&quot; 20 см. Код: А176,
3643,Б355,777,420.0,data/2 - bras_bralets/Б351-400/355_0.jpg,Синий бюстгальтер чашка 90Е. Код: Б355,Синий бюстгальтер чашка 90Е. Код: Б355,
3644,Б356,777,420.0,data/2 - bras_bralets/Б351-400/356_3.jpg,Черный пушап бюстгальтер чашка 75В. Код: Б356,Черный пушап бюстгальтер чашка 75В. Код: Б356,
3645,Б357,777,370.0,data/2 - bras_bralets/Б351-400/357_1.jpg,Белый бюстгальтер без косточек чашка 75В. Код: Б357,Белый бюстгальтер без косточек чашка 75В. Код: Б357,
3646,Б358,777,370.0,data/2 - bras_bralets/Б351-400/358_0.jpg,Молочный бюстгальтер чашка 95С. Код: Б358,Молочный бюстгальтер чашка 95С. Код: Б358,
3647,Б359,777,380.0,data/2 - bras_bralets/Б351-400/359_0.jpg,Черный бюстгальтер чашка 85В. Код: Б359,Черный бюстгальтер чашка 85В. Код: Б359,
3648,Б360,777,440.0,data/2 - bras_bralets/Б351-400/360_2.jpg,Бежевый бюстгальтер чашка D. Код: Б360,Бежевый бюстгальтер чашка D. Код: Б360,
3649,Т157,77,180.0,data/3 - panties/Т151-200/157_10.jpg,"Белые трусики стринги, S. Код: Т157","Белые трусики стринги, S. Код: Т157",
3650,Т158,77,180.0,data/3 - panties/Т151-200/158_10.jpg,"Молочные трусики стринги, XL. Код: Т158","Молочные трусики стринги, XL. Код: Т158",
3651,Т163,77,180.0,data/3 - panties/Т151-200/163_11.jpg,"Трусики стринги, молочные, L. Код: Т163","Трусики стринги, молочные, L. Код: Т163",
3652,К102,777,240.0,data/10 - chulki/K102.jpg,Чулки эротические. Код: К102,Чулки эротические. Код: К102,
3653,К103,777,330.0,data/10 - chulki/K103.jpg,Чулки эротические чёрные. Код: К103,Чулки эротические чёрные. Код: К103,
3654,К104,777,250.0,data/10 - chulki/K104.jpg,Чулки эротические. Код: К104,Чулки эротические. Код: К104,
3655,К105,777,240.0,data/10 - chulki/K105.jpg,Чулки эротические. Код: К105,Чулки эротические. Код: К105,
3656,К106,777,300.0,data/10 - chulki/K106.jpg,Чулки эротические черно-красные. Код: К106,Чулки эротические черно-красные. Код: К106,
3657,К107,777,340.0,data/10 - chulki/K107.jpg,Чулки эротические. Код: К107,Чулки эротические. Код: К107,
3658,К108,777,300.0,data/10 - chulki/K108.jpg,Чулки эротические. Код: К108,Чулки эротические. Код: К108,
3659,К109,777,250.0,data/10 - chulki/K109.jpg,"Чулки эротические, в двух цветах. Код: К109","Чулки эротические, в двух цветах. Код: К109",
3660,К110,777,290.0,data/10 - chulki/K110.jpg,Чулки эротические красные. Код: К110,Чулки эротические красные. Код: К110,
3661,К111,777,360.0,data/10 - chulki/K111.jpg,Чулки эротические. Код: К111,Чулки эротические. Код: К111,
3662,Т419,777,220.0,data/3 - panties/401-450/419_0.jpg,"Боксёры Kenzo коттон, L, XL. Код: Т419","Боксёры Kenzo коттон, L, XL. Код: Т419",
3663,Т416,777,220.0,data/3 - panties/401-450/416_0.jpg,"Боксёры Calvin Klein коттон, 3XL. Код: Т416","Боксёры Calvin Klein коттон, 3XL. Код: Т416",
3664,Т417,777,220.0,data/3 - panties/401-450/417_0.jpg,"Мужские трусы Calvin Klein черная резинка 2XL, 3XL. Код: Т417","Мужские трусы Calvin Klein черная резинка 2XL, 3XL. Код: Т417",
3665,Т418,777,220.0,data/3 - panties/401-450/418_0.jpg,Черные мужские трусы Tommy Hilfiger 3XL. Код: Т418,Черные мужские трусы Tommy Hilfiger 3XL. Код: Т418,
3666,А165,777,1100.0,data/6 - erotic/151-200/165_6.jpg,"Черный сексуальный комплект белья, S. Код: А165","Черный сексуальный комплект белья, S. Код: А165",
3667,А167,777,980.0,data/6 - erotic/151-200/167_5.jpg,"Розовый комплект &quot;Домработница&quot;, S. Код: А167","Розовый комплект &quot;Домработница&quot;, S. Код: А167",
3668,А177,777,130.0,data/6 - erotic/151-200/177_10.jpg,"Женские новогодние трусики, разные. Код: А177","Женские новогодние трусики, разные. Код: А177",
3669,Б44,777,420.0,data/2 - bras_bralets/Б1-50/44_30.jpg,Бюстгальтер в чашке D цвета шоколад. Код: Б44,Бюстгальтер в чашке D цвета шоколад. Код: Б44,
3671,Б76,777,450.0,data/2 - bras_bralets/Б51-100/76_10.jpg,Бюстгальтер в чашке D цвет пудра. Код: Б76,Бюстгальтер в чашке D цвет пудра. Код: Б76,
3672,К112,777,360.0,data/jeggings/112_4.jpg,"Лосины push-up черные, размер М. Код: К112","Лосины push-up черные, размер М. Код: К112",
3674,Б310,777,40.0,data/2 - bras_bralets/Б301-350/310_3.jpg,"Удлинитель бюстгальтера на 2 крючка, 2 цвета. Код: Б310","Удлинитель бюстгальтера на 2 крючка, 2 цвета. Код: Б310",
3676,С405,777,720.0,data/1 - sets/401-451/405_0.jpg,Леопардовый комплект на чашку 75В. Код: С405,Леопардовый комплект на чашку 75В. Код: С405,
3677,С404,777,880.0,data/1 - sets/401-451/404_0.jpg,"Чарующий черный пеньюар с трусиками, М. Код: С404","Чарующий черный пеньюар с трусиками, М. Код: С404",
3678,А162,777,280.0,data/6 - erotic/151-200/162_8.jpg,Паддл &quot;SLAVE&quot; для BDSM игр. Код: А162,Паддл &quot;SLAVE&quot; для BDSM игр. Код: А162,
3679,А162,777,280.0,data/6 - erotic/151-200/162_6.jpg,Паддл &quot;BITCH&quot; для BDSM игр. Код: А162,Паддл &quot;BITCH&quot; для BDSM игр. Код: А162,
3680,А160,777,280.0,data/6 - erotic/151-200/160_7.jpg,"Флоггер для BDSM игр (хлыст, кнут). Код: А160","Флоггер для BDSM игр (хлыст, кнут). Код: А160",
3681,А160,777,210.0,data/6 - erotic/151-200/160_12.jpg,"Красный флоггер для BDSM игр (хлыст, кнут). Код: А160","Красный флоггер для BDSM игр (хлыст, кнут). Код: А160",
3682,А160,777,210.0,data/6 - erotic/151-200/160_10.jpg,"Черный флоггер для BDSM игр (хлыст, кнут). Код: А160","Черный флоггер для BDSM игр (хлыст, кнут). Код: А160",
3683,А178,777,250.0,data/6 - erotic/151-200/178_0.jpg,Кляп для BDSM игр. Код: А178,Кляп для BDSM игр. Код: А178,
3684,А186,777,310.0,data/6 - erotic/151-200/186_0.jpg,Женская маска &quot;Крольчиха&quot; черная. Код: А186,Женская маска &quot;Крольчиха&quot; черная. Код: А186,
3685,А179,777,195.0,data/6 - erotic/151-200/179.jpg,Наручники с ключиком для BDSM игр. Код: А179,Наручники с ключиком для BDSM игр. Код: А179,
3686,А180,777,160.0,data/6 - erotic/151-200/180_0.jpg,Чокер красный из экокожи. Код: А180,Чокер красный из экокожи. Код: А180,
3687,А180,777,160.0,data/6 - erotic/151-200/180_1.jpg,Чокер черный из экокожи. Код: А180,Чокер черный из экокожи. Код: А180,
3688,А181,777,260.0,data/6 - erotic/151-200/181_2.jpg,Свечи низкотемпературные высокие. Код: А181,Свечи низкотемпературные высокие. Код: А181,
3689,А181,777,270.0,data/6 - erotic/151-200/181_0.jpg,Свечи низкотемпературные широкие. Код: А181,Свечи низкотемпературные широкие. Код: А181,
3690,А182,777,220.0,data/6 - erotic/151-200/182_0.jpg,Наручники черные для ролевых игр. Код: А182,Наручники черные для ролевых игр. Код: А182,
3691,А182,777,220.0,data/6 - erotic/151-200/182_3.jpg,Наручники красные для ролевых игр. Код: А182,Наручники красные для ролевых игр. Код: А182,
3692,А183,777,350.0,data/6 - erotic/151-200/183_3.jpg,"Эротический комплект в сетку, черный. Код: А183","Эротический комплект в сетку, черный. Код: А183",
3693,А183,777,350.0,data/6 - erotic/151-200/183_0.jpg,"Эротический комплект в сетку, красный. Код: А183","Эротический комплект в сетку, красный. Код: А183",
3694,А184,777,160.0,data/6 - erotic/151-200/184_2.jpg,Колготки в крупную сетку. Код: А184,Колготки в крупную сетку. Код: А184,
3695,А185,777,360.0,data/6 - erotic/151-200/185_0.jpg,Боди-сетка с открытой спиной. Код: А185,Боди-сетка с открытой спиной. Код: А185,
3696,А187,777,150.0,data/6 - erotic/151-200/187_0.jpg,Черные длинные кружевные митенки. Код: А187,Черные длинные кружевные митенки. Код: А187,
3697,А168,777,470.0,data/6 - erotic/151-200/168.jpg,Маска &quot;Кошка&quot; в стразах для ролевых игр. Код: А168,Маска &quot;Кошка&quot; в стразах для ролевых игр. Код: А168,
3699,А189,777,300.0,data/6 - erotic/151-200/189_4.jpg,Чокер на шею экокожа с кружевом. Код: А189,Чокер на шею экокожа с кружевом. Код: А189,
3700,А189,777,300.0,data/6 - erotic/151-200/189_5.jpg,Чокер на шею экокожа готический. Код: А189,Чокер на шею экокожа готический. Код: А189,
3701,А189,777,250.0,data/6 - erotic/151-200/189_1.jpg,Чокер на шею черный тканевый. Код: А189,Чокер на шею черный тканевый. Код: А189,
3702,А189,777,250.0,data/6 - erotic/151-200/189_2.jpg,Чокер на шею экокожа. Код: А189,Чокер на шею экокожа. Код: А189,
3703,А189,777,250.0,data/6 - erotic/151-200/189_3.jpg,Чокер на шею &quot;воротничок&quot;. Код: А189,Чокер на шею &quot;воротничок&quot;. Код: А189,
3704,А190,777,250.0,data/6 - erotic/151-200/190.jpg,Стэк (кнут) красно-черный для игр. Код: А190,Стэк (кнут) красно-черный для игр. Код: А190,
3705,А191,777,120.0,data/6 - erotic/151-200/191.jpg,Брелок на ключи &quot;BDSM&quot; лого триксель. Код: А191,Брелок на ключи &quot;BDSM&quot; лого триксель. Код: А191,
3706,Б185,777,390.0,data/2 - bras_bralets/Б151-200/185_20.jpg,"Бюстик на чашку В с небольшим пушап, два цвета. Код: Б185","Бюстик на чашку В с небольшим пушап, два цвета. Код: Б185",
3707,Б152,777,350.0,data/2 - bras_bralets/Б151-200/152_20.jpg,"Двухцветный бюст анжелика с пушап, на чашку 85А/В. Код: Б152","Двухцветный бюст анжелика с пушап, на чашку 85А/В. Код: Б152",
3708,Б156,777,320.0,data/2 - bras_bralets/Б151-200/156_22.jpg,"Черный бюстик с дышащими чашечками, на чашку B. Код: Б156","Черный бюстик с дышащими чашечками, на чашку B. Код: Б156",
3709,С273,777,390.0,data/1 - sets/С251-300/273_0.jpg,"Комплект в рубчик в 2-х цветах, размеры M и L. Код: С273","Комплект в рубчик в 2-х цветах, размеры M и L. Код: С273",
3711,К115,777,270.0,data/10 - chulki/115.jpg,Чулки эротические. Код: К115,Чулки эротические. Код: К115,
3712,К116,777,360.0,data/10 - chulki/116.jpg,"Чулки эротические, в 2-х цветах. Код: К116","Чулки эротические, в 2-х цветах. Код: К116",
3713,К117,777,290.0,data/10 - chulki/117.jpg,Чулки эротические. Код: К117,Чулки эротические. Код: К117,
3715,С190,777,630.0,data/1 - sets/С151-200/190_26.jpg,Молочный пуш-ап комплект чашка В. Код: С190,Молочный пуш-ап комплект чашка В. Код: С190,
3716,С190,777,630.0,data/1 - sets/С151-200/190_13.jpg,Черно-бежевый пуш-ап комплект чашка 85В. Код: С190,Черно-бежевый пуш-ап комплект чашка 85В. Код: С190,
3717,Т164,77,150.0,data/3 - panties/Т151-200/164_26.jpg,Белые трусики американки на регуляторах. Код: Т164,Белые трусики американки на регуляторах. Код: Т164,
3718,С406,777,630.0,data/1 - sets/401-451/406_1.jpg,"Комплект 90В без поролона, черный. Код: С406","Комплект 90В без поролона, черный. Код: С406",
3719,С337,777,1200.0,data/1 - sets/С301-350/337_2.jpg,"Черный сексуальный комплект белья, S. Код: С337","Черный сексуальный комплект белья, S. Код: С337",
3721,Т223,777,230.0,data/3 - panties/Т201-250/223_9060.jpg,Черные боксёры Calvin Klein 3XL. Код: Т223,Черные боксёры Calvin Klein 3XL. Код: Т223,
3722,КУ83,3,800.0,data/5 - swim/51-100/83_0.jpg,"Черный сдельный купальник, р.40,44 на B/C. Код: КУ83","Черный сдельный купальник, р.40,44 на B/C. Код: КУ83",
3723,С407,777,650.0,data/1 - sets/401-451/407_13.jpg,Леопардовый комплект чашка 80DD. Код: С407,Леопардовый комплект чашка 80DD. Код: С407,
3724,С408,777,400.0,data/1 - sets/401-451/408_0.jpg,"Черный комплект в рубчик, на чашку В. Код: С408","Черный комплект в рубчик, на чашку В. Код: С408",
3725,С409,777,620.0,data/1 - sets/401-451/409_1.jpg,"Красный коттоновый комплект Tommy Hilfiger, L. Код: С409","Красный коттоновый комплект Tommy Hilfiger, L. Код: С409",
3726,С410,777,400.0,data/1 - sets/401-451/410_0.jpg,"Стильный комплект в рубчик, р.48 на чашку B-С. Код: С410","Стильный комплект в рубчик, р.48 на чашку B-С. Код: С410",
3727,С412,777,980.0,data/1 - sets/401-451/412_2.jpg,"Роскошный эротический комплект белья, S. Код: С412","Роскошный эротический комплект белья, S. Код: С412",
3728,Т420,77,180.0,data/3 - panties/401-450/420.jpg,"Черные трусики бикини, M. Код: Т420","Черные трусики бикини, M. Код: Т420",
3729,С336,777,940.0,data/1 - sets/С301-350/C336_4.jpg,Черный комплект Victoria\,Черный комплект Victoria\,
3732,С414,777,650.0,data/1 - sets/401-451/414_1.jpg,Леопардовый комплект на чашку В. Код: С414,Леопардовый комплект на чашку В. Код: С414,
3733,С415,777,650.0,data/1 - sets/401-451/415_1.jpg,Черный комплект на чашку 85В. Код: С415,Черный комплект на чашку 85В. Код: С415,
3734,С416,777,300.0,data/1 - sets/401-451/416_1.jpg,Черный спортивный комплект в рубчик. Код: С416,Черный спортивный комплект в рубчик. Код: С416,
3735,С417,777,700.0,data/1 - sets/401-451/417_4.jpg,"Эротический комплект из прозрачной сетки, S, M. Код: С417","Эротический комплект из прозрачной сетки, S, M. Код: С417",
3736,С418,777,800.0,data/1 - sets/401-451/418_2.jpg,"Красный сексуальный комплект, S. Код: С418","Красный сексуальный комплект, S. Код: С418",
3737,С419,777,700.0,data/1 - sets/401-451/419_1.jpg,"Сексуальный комплект, S. Код: С419","Сексуальный комплект, S. Код: С419",
3738,Т421,77,120.0,data/3 - panties/401-450/421_1.jpg,"Кружевные трусики бежевые, XL. Код: Т421","Кружевные трусики бежевые, XL. Код: Т421",
3739,Т422,77,100.0,data/3 - panties/401-450/422.jpg,"Трусики из хлопка, S/M, L/XL. Код: Т422","Трусики из хлопка, S/M, L/XL. Код: Т422",
3740,Б361,777,450.0,data/2 - bras_bralets/Б351-400/361_1.jpg,"Шикарный бюст для пышной груди, чашка D. Код: Б361","Шикарный бюст для пышной груди, чашка D. Код: Б361",
3741,А192,777,40.0,data/6 - erotic/151-200/192_2.jpg,Шестигранный кубик &quot;Позы&quot; для взрослых игр. Код: А192,Шестигранный кубик &quot;Позы&quot; для взрослых игр. Код: А192,
3742,А193,777,60.0,data/6 - erotic/151-200/193_0.jpg,Кубик &quot;Позы&quot; для взрослых игр 12 граней. Код: А193,Кубик &quot;Позы&quot; для взрослых игр 12 граней. Код: А193,
3743,А194,777,280.0,data/6 - erotic/151-200/194_3.jpg,Маска кошки на регулируемой резинке. Код: А194,Маска кошки на регулируемой резинке. Код: А194,
3744,А194,777,280.0,data/6 - erotic/151-200/194_0.jpg,Маска кошки на регулируемой резинке цвета бордо. Код: А194,Маска кошки на регулируемой резинке цвета бордо. Код: А194,
3745,А202,777,420.0,data/6 - erotic/201-250/202_0.jpg,"Черный эротический комплект в сетку, М. Код: А202","Черный эротический комплект в сетку, М. Код: А202",
3746,А202,777,420.0,data/6 - erotic/201-250/202_1.jpg,"Красный эротический комплект в сетку, М. Код: А202","Красный эротический комплект в сетку, М. Код: А202",
3747,А195,777,250.0,data/6 - erotic/151-200/195_2.jpg,Красные эротические колготки с доступом. Код: А195,Красные эротические колготки с доступом. Код: А195,
3748,А196,777,100.0,data/6 - erotic/151-200/196.jpg,BDSM маска на глаза. Код: А196,BDSM маска на глаза. Код: А196,
3749,А197,777,400.0,data/6 - erotic/151-200/197_0.jpg,BDSM фиксатор рук и ног. Код: А197,BDSM фиксатор рук и ног. Код: А197,
3750,А198,777,250.0,data/6 - erotic/151-200/198.jpg,Флоггер (плетка) для взрослых игр. Код: А198,Флоггер (плетка) для взрослых игр. Код: А198,
3751,А199,777,65.0,data/6 - erotic/151-200/199_1.jpg,БДСМ зажимы для сосков с колокольчиками. Код: А199,БДСМ зажимы для сосков с колокольчиками. Код: А199,
3752,А200,777,280.0,data/6 - erotic/151-200/200_0.jpg,Эротические колготки с доступом. Код: А200,Эротические колготки с доступом. Код: А200,
3753,А201,777,340.0,data/6 - erotic/201-250/201_1.jpg,Маски 2-х видов в стразах. Код: А201,Маски 2-х видов в стразах. Код: А201,
3762,Т423,77,70.0,data/3 - panties/401-450/423_0.jpg,"Трусики в широкий рубчик, M, L. Код: Т423","Трусики в широкий рубчик, M, L. Код: Т423",
3758,Д86,777,1450.0,data/4 - pajamas/51-100/86_8.jpg,"Комплект цвета бордо из 4-х единиц, S, M. Код: Д86","Комплект цвета бордо из 4-х единиц, S, M. Код: Д86",
3849,Д91,777,1200.0,data/4 - pajamas/51-100/91.jpg,"Мужской синий махровый халат, р.56. Код: Д91","Мужской синий махровый халат, р.56. Код: Д91",
3761,Б362,777,460.0,data/2 - bras_bralets/Б351-400/362_5.jpg,"Бюстгальтер спейсер чашка Е, два цвета. Код: Б362","Бюстгальтер спейсер чашка Е, два цвета. Код: Б362",
3850,Д91,777,1200.0,data/4 - pajamas/51-100/91_сер.jpg,"Мужской серый махровый халат, р.52. Код: Д91","Мужской серый махровый халат, р.52. Код: Д91",
3759,С420,777,600.0,data/1 - sets/401-451/420_1.jpg,Черный комплект чашка 100D. Код: С420,Черный комплект чашка 100D. Код: С420,
3760,С421,777,600.0,data/1 - sets/401-451/421_0.jpg,"Прелестный комплект на чашку D, три цвета. Код: С421","Прелестный комплект на чашку D, три цвета. Код: С421",
3763,К118,777,420.0,data/jeggings/K118.jpg,Черные пушап лосины в рубчик. Код: К118,Черные пушап лосины в рубчик. Код: К118,
3764,К119,777,320.0,data/jeggings/K119_0.jpg,"Пушап велосипедки в рубчик, три цвета. Код: К119","Пушап велосипедки в рубчик, три цвета. Код: К119",
3765,К120,777,420.0,data/jeggings/K120.jpg,Черные лосины пушап в широкий рубчик. Код: К120,Черные лосины пушап в широкий рубчик. Код: К120,
3766,К121,777,420.0,data/jeggings/K121_1.jpg,Черные гладкие пушап лосины. Код: К121,Черные гладкие пушап лосины. Код: К121,
3767,К122,777,420.0,data/jeggings/K122.jpg,"Черные лосины пушап рубчик, M-L, XL-2XL. Код: К122","Черные лосины пушап рубчик, M-L, XL-2XL. Код: К122",
3768,КУ54,24,250.0,data/5 - swim/51-100/54_7.jpg,"Черные пляжные стринги на завязках, 38,40, 42, 44, 46. Код: КУ54","Черные пляжные стринги на завязках, 38,40, 42, 44, 46. Код: КУ54",
3772,Т425,777,150.0,data/3 - panties/401-450/425_0.jpg,"Леопардовые стринги 2-х расцветок, L, XL . Код: Т425","Леопардовые стринги 2-х расцветок, L, XL . Код: Т425",
3773,С405,777,720.0,data/1 - sets/401-451/405_3.jpg,Шикарный комплект на чашку 85В. Код: С405,Шикарный комплект на чашку 85В. Код: С405,
3774,Б361,777,450.0,data/2 - bras_bralets/Б351-400/361_4.jpg,"Молочный бюстик для пышной груди, чашка D. Код: Б361","Молочный бюстик для пышной груди, чашка D. Код: Б361",
3775,Б363,777,380.0,data/2 - bras_bralets/Б351-400/363_0.jpg,"Пушап бюстик-анжелика на чашку, два цвета B. Код: Б363","Пушап бюстик-анжелика на чашку, два цвета B. Код: Б363",
3776,А199,777,75.0,data/6 - erotic/151-200/199_2.jpg,БДСМ зажимы для сосков на цепочке. Код: А199,БДСМ зажимы для сосков на цепочке. Код: А199,
3777,А160,777,210.0,data/6 - erotic/151-200/160_22.jpg,"Черный флогер BDSM (хлыст, кнут). Код: А160","Черный флогер BDSM (хлыст, кнут). Код: А160",
3778,А205,777,170.0,data/6 - erotic/201-250/205.jpg,Поводок (ошейник) для BDSM игр. Код: А205,Поводок (ошейник) для BDSM игр. Код: А205,
3779,А162,777,280.0,data/6 - erotic/151-200/162_12.jpg,Паддл &quot;XOXO&quot; для BDSM игр. Код: А162,Паддл &quot;XOXO&quot; для BDSM игр. Код: А162,
3780,А204,777,800.0,data/6 - erotic/201-250/204_0.jpg,Бондажный набор для BDSM игр. Код: А204,Бондажный набор для BDSM игр. Код: А204,
3781,Б364,777,380.0,data/2 - bras_bralets/Б351-400/364_0.jpg,Бюстик на поролоне чашка 85В. Код: Б364,Бюстик на поролоне чашка 85В. Код: Б364,
3782,Т426,777,120.0,data/3 - panties/401-450/426_1.jpg,"Мужские трусы семейные, L, XL, 2XL. Код: Т426","Мужские трусы семейные, L, XL, 2XL. Код: Т426",
3783,Б365,777,580.0,data/2 - bras_bralets/Б351-400/365_0.jpg,Черно-леопардовый бюстик на чашку D. Код: Б365,Черно-леопардовый бюстик на чашку D. Код: Б365,
3784,Б366,777,450.0,data/2 - bras_bralets/Б351-400/366_0.jpg,Бежевый бюстик без поролона чашка 95D. Код: Б366,Бежевый бюстик без поролона чашка 95D. Код: Б366,
3785,Б367,777,420.0,data/2 - bras_bralets/Б351-400/367_0.jpg,Бюстик на поролоне чашка 80В. Код: Б367,Бюстик на поролоне чашка 80В. Код: Б367,
3786,А198,777,250.0,data/6 - erotic/151-200/198_5.jpg,Флоггер (плетка) для BDSM игр. Код: А198,Флоггер (плетка) для BDSM игр. Код: А198,
3787,Б368,777,380.0,data/2 - bras_bralets/Б351-400/368_0.jpg,Белый гладкий пушап бюстик чашка B. Код: Б368,Белый гладкий пушап бюстик чашка B. Код: Б368,
3788,Б369,777,460.0,data/2 - bras_bralets/Б351-400/369_5.jpg,Молочный бюстик без поролона в чашках С и D. Код: Б369,Молочный бюстик без поролона в чашках С и D. Код: Б369,
3789,Б369,777,460.0,data/2 - bras_bralets/Б351-400/369_4.jpg,Красный бюстик без поролона в чашке 75D. Код: Б369,Красный бюстик без поролона в чашке 75D. Код: Б369,
3790,Б369,777,460.0,data/2 - bras_bralets/Б351-400/369_0.jpg,Черно-бежевый бюстик без поролона в чашке 75D. Код: Б369,Черно-бежевый бюстик без поролона в чашке 75D. Код: Б369,
3791,Т427,777,150.0,data/3 - panties/401-450/427.jpg,Черные стринги в сетку. Код: Т427,Черные стринги в сетку. Код: Т427,
3792,Т428,777,180.0,data/3 - panties/401-450/428.jpg,"Стринги 2XL, 3XL, 4XL. Код: Т428","Стринги 2XL, 3XL, 4XL. Код: Т428",
3793,Т429,777,150.0,data/3 - panties/401-450/429.jpg,"Трусики с высокой посадкой 3XL, 4XL. Код: Т429","Трусики с высокой посадкой 3XL, 4XL. Код: Т429",
3794,Т430,777,150.0,data/3 - panties/401-450/430.jpg,"Трусики стринги 2XL, 3XL, 4XL. Код: Т430","Трусики стринги 2XL, 3XL, 4XL. Код: Т430",
3795,Т431,777,210.0,data/3 - panties/401-450/431_0.jpg,"Красные трусики с открытым доступом, р.46-48. Код: Т431","Красные трусики с открытым доступом, р.46-48. Код: Т431",
3796,Т432,777,150.0,data/3 - panties/401-450/432_0.jpg,"Полупрозрачные стринги, р.42-46. Код: Т432","Полупрозрачные стринги, р.42-46. Код: Т432",
3797,Т433,777,200.0,data/3 - panties/401-450/433_1.jpg,"Трусики с доступом, черные и красные, S-M. Код: Т433","Трусики с доступом, черные и красные, S-M. Код: Т433",
3798,Т425,777,150.0,data/3 - panties/401-450/425_4.jpg,"Стринги ассорти цветов, L, XL . Код: Т425","Стринги ассорти цветов, L, XL . Код: Т425",
3799,Т434,777,180.0,data/3 - panties/401-450/434.jpg,"Красные стринги, L, XL. Код: Т434","Красные стринги, L, XL. Код: Т434",
3800,Б370,777,440.0,data/2 - bras_bralets/Б351-400/370.jpg,Белый бюстик без поролона чашка Е. Код: Б370,Белый бюстик без поролона чашка Е. Код: Б370,
3801,Б371,777,420.0,data/2 - bras_bralets/Б351-400/371_0.jpg,Черно-бежевый бюстик чашка 90D. Код: Б371,Черно-бежевый бюстик чашка 90D. Код: Б371,
3802,Б372,777,420.0,data/2 - bras_bralets/Б351-400/372.jpg,Белый бюстик чашка 85В. Код: Б372,Белый бюстик чашка 85В. Код: Б372,
3803,Б373,777,420.0,data/2 - bras_bralets/Б351-400/373_0.jpg,Черно-бежевый пушап бюстик чашка В. Код: Б373,Черно-бежевый пушап бюстик чашка В. Код: Б373,
3804,Б374,777,420.0,data/2 - bras_bralets/Б351-400/374_0.jpg,Белый бюстик на поролоне чашка С. Код: Б374,Белый бюстик на поролоне чашка С. Код: Б374,
3805,Б375,777,420.0,data/2 - bras_bralets/Б351-400/375_0.jpg,Белый бюстик на поролоне чашка С. Код: Б375,Белый бюстик на поролоне чашка С. Код: Б375,
3806,Б376,777,420.0,data/2 - bras_bralets/Б351-400/376_1.jpg,Бежевый гладкий бюстик чашка С. Код: Б376,Бежевый гладкий бюстик чашка С. Код: Б376,
3807,Б377,777,420.0,data/2 - bras_bralets/Б351-400/377_0.jpg,Черно-бежевый бюстик чашка 95C. Код: Б377,Черно-бежевый бюстик чашка 95C. Код: Б377,
3808,Б378,777,440.0,data/2 - bras_bralets/Б351-400/378_1.jpg,Шикарный белый бюстик чашка 90D. Код: Б378,Шикарный белый бюстик чашка 90D. Код: Б378,
3809,Б379,777,420.0,data/2 - bras_bralets/Б351-400/379_0.jpg,"Роскошный бюстик чашка 80В, 2 цвета. Код: Б379","Роскошный бюстик чашка 80В, 2 цвета. Код: Б379",
3810,Б153,777,440.0,data/2 - bras_bralets/Б151-200/153_24.jpg,"Гладкий бюстик чашка E plus, 2 расцветки. Код: Б153","Гладкий бюстик чашка E plus, 2 расцветки. Код: Б153",
3812,Т68,777,120.0,data/3 - panties/Т51-100/68_3.jpg,Мужские трусы боксёры 6XL. Код: Т68,Мужские трусы боксёры 6XL. Код: Т68,
3813,Б384,777,380.0,data/2 - bras_bralets/Б351-400/384_3.jpg,"Бюстик без косточек чашка В, два цвета. Код: Б384","Бюстик без косточек чашка В, два цвета. Код: Б384",
3814,Б385,777,420.0,data/2 - bras_bralets/Б351-400/385.jpg,"Бюстик с пушапом чашка В, белый. Код: Б385","Бюстик с пушапом чашка В, белый. Код: Б385",
3815,Б386,777,420.0,data/2 - bras_bralets/Б351-400/386.jpg,Бежевый бюстик чашка C спэйсер. Код: Б386,Бежевый бюстик чашка C спэйсер. Код: Б386,
3816,Б387,777,420.0,data/2 - bras_bralets/Б351-400/387.jpg,Белый бюстик чашка В поролон. Код: Б387,Белый бюстик чашка В поролон. Код: Б387,
3817,Б383,777,420.0,data/2 - bras_bralets/Б351-400/383_0.jpg,Черный пушап бюстик чашка 85В. Код: Б383,Черный пушап бюстик чашка 85В. Код: Б383,
3821,Д89,777,500.0,data/4 - pajamas/51-100/89_персик.jpg,Халатик персиковый из вискозы с кружевом. Код: Д89,Халатик персиковый из вискозы с кружевом. Код: Д89,
3819,Б381,777,380.0,data/2 - bras_bralets/Б351-400/381_2.jpg,Бюстик цвета пудра без косточек чашка А. Код: Б381,Бюстик цвета пудра без косточек чашка А. Код: Б381,
3820,Б382,777,380.0,data/2 - bras_bralets/Б351-400/382_0.jpg,Бежевый бюстик без косточек чашка 85В. Код: Б382,Бежевый бюстик без косточек чашка 85В. Код: Б382,
3822,С424,777,620.0,data/1 - sets/401-451/C424_0.jpg,"Красный х/б комплект Calvin Klein, S. Код: С424","Красный х/б комплект Calvin Klein, S. Код: С424",
3823,С422,777,400.0,data/1 - sets/401-451/C422_0.jpg,Комплект в рубчик с несъемным поролоном. Код: С422,Комплект в рубчик с несъемным поролоном. Код: С422,
3824,С423,777,400.0,data/1 - sets/401-451/C423_0.jpg,Топ-комплект в микрорубчик со съемным поролоном. Код: С423,Топ-комплект в микрорубчик со съемным поролоном. Код: С423,
3826,А207,777,140.0,data/6 - erotic/201-250/207_0.jpg,BDSM кляп. Код: А207,BDSM кляп. Код: А207,
3827,К123,777,280.0,data/10 - chulki/K123_3.jpg,Чулки эротические с гартерами. Код: К123,Чулки эротические с гартерами. Код: К123,
3828,А208,777,100.0,data/6 - erotic/201-250/208_0.jpg,"Белые эротические трусики с доступом, S-M. Код: А208","Белые эротические трусики с доступом, S-M. Код: А208",
3829,А208,777,100.0,data/6 - erotic/201-250/208_1.jpg,"Розовые эротические трусики с доступом, S-M. Код: А208","Розовые эротические трусики с доступом, S-M. Код: А208",
3830,А2067016,777,230.0,data/6 - erotic/201-250/2067016.jpg,Эротический боди-комбинезон сетка. Код: А2067016,Эротический боди-комбинезон сетка. Код: А2067016,
3831,А209,777,40.0,data/6 - erotic/201-250/209.jpg,Черные эротические трусики с доступом. Код: А209,Черные эротические трусики с доступом. Код: А209,
3832,А210,777,75.0,data/6 - erotic/201-250/210_0.jpg,Черные эротические трусики с бусинами. Код: А210,Черные эротические трусики с бусинами. Код: А210,
3833,А210,777,75.0,data/6 - erotic/201-250/210_3.jpg,Красные эротические трусики с бусинами. Код: А210,Красные эротические трусики с бусинами. Код: А210,
3834,А65,777,150.0,data/6 - erotic/51-100/65_22.jpg,Эротические трусики с бусинами малиново-черные. Код: А65,Эротические трусики с бусинами малиново-черные. Код: А65,
3835,А2068022,777,230.0,data/6 - erotic/201-250/2068022_1.jpg,Эротический боди-комбинезон сетка. Код: А2068022,Эротический боди-комбинезон сетка. Код: А2068022,
3836,А2068203,777,320.0,data/6 - erotic/201-250/2068203_0.jpg,Эротический боди-комбинезон сетка. Код: А2068203,Эротический боди-комбинезон сетка. Код: А2068203,
3837,А2068517,777,320.0,data/6 - erotic/201-250/2068517.jpg,Эротический боди-комбинезон сетка. Код: А2068517,Эротический боди-комбинезон сетка. Код: А2068517,
3838,А2068836,777,320.0,data/6 - erotic/201-250/2068836_0.jpg,Эротический боди-комбинезон сетка. Код: А2068836,Эротический боди-комбинезон сетка. Код: А2068836,
3839,А2068948,777,320.0,data/6 - erotic/201-250/2068948_0.jpg,Эротический боди-комбинезон сетка. Код: А2068948,Эротический боди-комбинезон сетка. Код: А2068948,
3840,А206090,777,320.0,data/6 - erotic/201-250/206090_0.jpg,Эротический боди-комбинезон сетка. Код: А206090,Эротический боди-комбинезон сетка. Код: А206090,
3841,А206306,777,320.0,data/6 - erotic/201-250/206306.jpg,Эротический боди-комбинезон сетка. Код: А206306,Эротический боди-комбинезон сетка. Код: А206306,
3842,А206829,777,320.0,data/6 - erotic/201-250/206829_0.jpg,Эротический боди-комбинезон сетка. Код: А206829,Эротический боди-комбинезон сетка. Код: А206829,
3843,Б153,777,440.0,data/2 - bras_bralets/Б151-200/153_24.jpg,Гладкий сливовый бюстик чашка D. Код: Б153,Гладкий сливовый бюстик чашка D. Код: Б153,
3844,Д79,777,750.0,data/4 - pajamas/51-100/80_0.jpg,Женский комплект термобелья двухслойный с добавлением шерсти. Код: Д79,Женский комплект термобелья двухслойный с добавлением шерсти. Код: Д79,
3846,Д77,777,750.0,data/4 - pajamas/51-100/77_0.jpg,"Мужской комплект термобелья двухслойный, темно-серый. Код: Д77","Мужской комплект термобелья двухслойный, темно-серый. Код: Д77",
3848,Д90,777,1200.0,data/4 - pajamas/51-100/90.jpg,"Синяя мужская махровая пижама, р.56. Код: Д90","Синяя мужская махровая пижама, р.56. Код: Д90",
3851,Д92,777,420.0,data/4 - pajamas/51-100/92_0.jpg,"Женский комплект: халатик с пижамой, р.42. Код: Д92","Женский комплект: халатик с пижамой, р.42. Код: Д92",
3852,Д93,777,1200.0,data/4 - pajamas/51-100/93.jpg,"Черный мужской махровый костюм с капюшоном, р.52. Код: Д93","Черный мужской махровый костюм с капюшоном, р.52. Код: Д93",
3853,Д94,777,980.0,data/4 - pajamas/51-100/94.jpg,"Женская махровая пижама &quot;Микки&quot;, р.46. Код: Д94","Женская махровая пижама &quot;Микки&quot;, р.46. Код: Д94",
3854,Д95,777,980.0,data/4 - pajamas/51-100/95.jpg,"Женский короткий серый махровый халатик, р.50. Код: Д95","Женский короткий серый махровый халатик, р.50. Код: Д95",
3855,Д96,777,880.0,data/4 - pajamas/51-100/96_0.jpg,"Женские махровые пижамы, р.42, 46, 54. Код: Д96","Женские махровые пижамы, р.42, 46, 54. Код: Д96",
3856,Д97,777,1300.0,data/4 - pajamas/51-100/97.jpg,"Женский черный махровый домашний костюм на молнии, р.46. Код: Д97","Женский черный махровый домашний костюм на молнии, р.46. Код: Д97",
3857,Д98,777,1100.0,data/4 - pajamas/51-100/98.jpg,Женская махровая пижамка &quot;Леон&quot; р. 54. Код: Д98,Женская махровая пижамка &quot;Леон&quot; р. 54. Код: Д98,
3858,Д99,777,1100.0,data/4 - pajamas/51-100/99_0.jpg,"Махровая пижама с воротником коричневая, р.44, 52. Код: Д99","Махровая пижама с воротником коричневая, р.44, 52. Код: Д99",
3859,Д99,777,1150.0,data/4 - pajamas/51-100/99_1.jpg,"Махровая пижама с воротником серого цвета, р.48, 60. Код: Д99","Махровая пижама с воротником серого цвета, р.48, 60. Код: Д99",
3860,Д99,777,970.0,data/4 - pajamas/51-100/99_2.jpg,"Махровая пижама с воротником цвета фуксия, р.44. Код: Д99","Махровая пижама с воротником цвета фуксия, р.44. Код: Д99",
3861,Д100,777,1100.0,data/4 - pajamas/51-100/100_0.jpg,"Женская махровая пижама с манжетами &quot;Шиншилла&quot;, р.50, 54. Код: Д100","Женская махровая пижама с манжетами &quot;Шиншилла&quot;, р.50, 54. Код: Д100",
3862,Д100,777,1100.0,data/4 - pajamas/51-100/100_1.jpg,"Женская махровая пижама с манжетами &quot;Снежный барс&quot;, р.42. Код: Д100","Женская махровая пижама с манжетами &quot;Снежный барс&quot;, р.42. Код: Д100",
3863,Д111,777,1300.0,data/4 - pajamas/101-150/111.jpg,"Женская махровая пижамка &quot;Шиншилла&quot;, р.48. Код: Д111","Женская махровая пижамка &quot;Шиншилла&quot;, р.48. Код: Д111",
3864,Д112,777,1150.0,data/4 - pajamas/101-150/112.jpg,"Женский длинный махровый халат &quot;Шиншилла&quot;, р.54. Код: Д112","Женский длинный махровый халат &quot;Шиншилла&quot;, р.54. Код: Д112",
3865,Д113,777,980.0,data/4 - pajamas/101-150/113.jpg,"Женский короткий махровый халатик &quot;Шиншилла&quot;, р.42. Код: Д113","Женский короткий махровый халатик &quot;Шиншилла&quot;, р.42. Код: Д113",
3866,Д114,777,980.0,data/4 - pajamas/101-150/114.jpg,"Женская махровая пижама &quot;Леопард&quot;, р.52. Код: Д114","Женская махровая пижама &quot;Леопард&quot;, р.52. Код: Д114",
3873,С190,777,630.0,data/1 - sets/С151-200/190_27.jpg,Пуш-ап комплект цвета пудра чашка В. Код: С190,Пуш-ап комплект цвета пудра чашка В. Код: С190,
3868,Д118,777,820.0,data/4 - pajamas/101-150/118_0.jpg,"Женская пижама тройка, р.М. Код: Д118","Женская пижама тройка, р.М. Код: Д118",
3869,Д116,777,980.0,data/4 - pajamas/101-150/116_0.jpg,"Трикотажный комплект 4-ка, р.M, L, XL. Код: Д116","Трикотажный комплект 4-ка, р.M, L, XL. Код: Д116",
3870,Д117,777,780.0,data/4 - pajamas/101-150/117_0.jpg,"Стильная махровая пижама для дома, р.S. Код: Д117","Стильная махровая пижама для дома, р.S. Код: Д117",
3871,Д115,777,740.0,data/4 - pajamas/101-150/115_3.jpg,"Два цвета! Халат и ночная рубашка, р.М. Код: Д115","Два цвета! Халат и ночная рубашка, р.М. Код: Д115",
3872,Д119,777,780.0,data/4 - pajamas/101-150/119_3.jpg,"Розовый махровый халатик, р.М. Код: Д119","Розовый махровый халатик, р.М. Код: Д119",
3874,Б388,777,420.0,data/2 - bras_bralets/Б351-400/388_0.jpg,Белый бюстик чашка С с небольшим корректором. Код: Б388,Белый бюстик чашка С с небольшим корректором. Код: Б388,
3875,К124,777,360.0,data/10 - chulki/K124.jpg,"Чулки эротические, две расцветки. Код: К124","Чулки эротические, две расцветки. Код: К124",
3876,К125,777,320.0,data/10 - chulki/K125.jpg,Чулки эротические. Код: К125,Чулки эротические. Код: К125,
3877,А211,777,1200.0,data/6 - erotic/201-250/211.jpg,"Комплект: пеньюар, перчатки, чокер, вуаль и чулки. Код: А211","Комплект: пеньюар, перчатки, чокер, вуаль и чулки. Код: А211",
3878,С425,777,720.0,data/1 - sets/401-451/425_0.jpg,"Комплект без поролона на чашку С, в 2-х расцветках. Код: С425","Комплект без поролона на чашку С, в 2-х расцветках. Код: С425",
3879,Д120,777,520.0,data/4 - pajamas/101-150/120_0.jpg,"Черная пижамка из вискозы, р.М. Код: Д120","Черная пижамка из вискозы, р.М. Код: Д120",
3880,Д121,777,590.0,data/4 - pajamas/101-150/121.jpg,"Трикотажная пижама леопард, р.М. Код: Д121","Трикотажная пижама леопард, р.М. Код: Д121",
3881,Д122,777,590.0,data/4 - pajamas/101-150/122.jpg,"Черная ночнушка микромасло с гипюром, р.М. Код: Д122","Черная ночнушка микромасло с гипюром, р.М. Код: Д122",
3882,Д123,777,780.0,data/4 - pajamas/101-150/123.jpg,"Трикотажная женская пижама, р.XL. Код: Д123","Трикотажная женская пижама, р.XL. Код: Д123",
3883,Д124,777,740.0,data/4 - pajamas/101-150/124.jpg,"Трикотажная пижама леопард, р.L. Код: Д124","Трикотажная пижама леопард, р.L. Код: Д124",
3884,Д125,777,740.0,data/4 - pajamas/101-150/125.jpg,"Трикотажная пижама из кофты и брюк, р.S. Код: Д125","Трикотажная пижама из кофты и брюк, р.S. Код: Д125",
3885,Д126,777,740.0,data/4 - pajamas/101-150/126.jpg,"Трикотажная пижама из кофты и брюк, р.М. Код: Д126","Трикотажная пижама из кофты и брюк, р.М. Код: Д126",
3886,Д127,777,630.0,data/4 - pajamas/101-150/127.jpg,"Велюровый комплект цвета пудра, р. L, XL. Код: Д127","Велюровый комплект цвета пудра, р. L, XL. Код: Д127",
3887,Д128,777,630.0,data/4 - pajamas/101-150/128.jpg,"Синий велюровый комплект, р.М. Код: Д128","Синий велюровый комплект, р.М. Код: Д128",
3888,Т435,777,180.0,data/3 - panties/401-450/435_0.jpg,"Трусики бикини с бантиком, красные. Код: Т435","Трусики бикини с бантиком, красные. Код: Т435",
3889,Т435,777,180.0,data/3 - panties/401-450/435_1.jpg,"Трусики бикини с бантиком, черные. Код: Т435","Трусики бикини с бантиком, черные. Код: Т435",
3894,Т9,777,180.0,data/3 - panties/Т1-50/9_2.jpg,"Трусики бикини цвета бордо, S, M, L. Код: Т9","Трусики бикини цвета бордо, S, M, L. Код: Т9",
3892,Т143,777,180.0,data/3 - panties/Т101-150/Т143_0.jpg,"Красивые трусики, 2 цвета, L, XL, 2XL. Код: Т143","Красивые трусики, 2 цвета, L, XL, 2XL. Код: Т143",
3897,А212,777,520.0,data/6 - erotic/201-250/212_2.jpg,Красный эротический комплект. Код: А212,Красный эротический комплект. Код: А212,
3898,А212,777,520.0,data/6 - erotic/201-250/212_4.jpg,Черный эротический комплект. Код: А212,Черный эротический комплект. Код: А212,
3899,А213,777,390.0,data/6 - erotic/201-250/213_0.jpg,Красный эротический комплект. Код: А213,Красный эротический комплект. Код: А213,
3900,А213,777,390.0,data/6 - erotic/201-250/213_1.jpg,Черный эротический комплект. Код: А213,Черный эротический комплект. Код: А213,
3901,А214,777,180.0,data/6 - erotic/201-250/214_3.jpg,Красные эротические трусики с бусинами. Код: А214,Красные эротические трусики с бусинами. Код: А214,
3902,А214,777,180.0,data/6 - erotic/201-250/214_0.jpg,Черные эротические трусики с бусинами. Код: А214,Черные эротические трусики с бусинами. Код: А214,
3903,А215,777,120.0,data/6 - erotic/201-250/215_0.jpg,Красные эротические трусики с бусинами. Код: А215,Красные эротические трусики с бусинами. Код: А215,
3904,К126,777,380.0,data/10 - chulki/K126.jpg,Чулки эротические Камасутра. Код: К126,Чулки эротические Камасутра. Код: К126,
3905,А216,777,120.0,data/6 - erotic/201-250/216.jpg,Мужские эротические трусики Слоник. Код: А216,Мужские эротические трусики Слоник. Код: А216,
3906,А217,777,85.0,data/6 - erotic/201-250/217_0.jpg,Черные мужские трусики стринги с вырезом. Код: А217,Черные мужские трусики стринги с вырезом. Код: А217,
3907,А217,777,85.0,data/6 - erotic/201-250/217_1.jpg,Красные мужские трусики стринги с вырезом. Код: А217,Красные мужские трусики стринги с вырезом. Код: А217,
3908,А218,777,120.0,data/6 - erotic/201-250/218.jpg,Мужские трусы-стринги высокие на подтяжках. Код: А218,Мужские трусы-стринги высокие на подтяжках. Код: А218,
3909,А219,777,220.0,data/6 - erotic/201-250/219.jpg,Мужской игровой костюм Официант. Код: А219,Мужской игровой костюм Официант. Код: А219,
3910,Д129,777,1100.0,data/4 - pajamas/101-150/129_1.jpg,"Термобілизна тактична Black, р. XL, 2XL. Код: Д129","Термобілизна тактична Black, р. XL, 2XL. Код: Д129",
3911,Д129,777,1100.0,data/4 - pajamas/101-150/129_2.jpg,"Термобілизна тактична Green, р. M, L, 3XL. Код: Д129","Термобілизна тактична Green, р. M, L, 3XL. Код: Д129",
3912,Д130,777,900.0,data/4 - pajamas/101-150/130_0.jpg,"Термобілизна чоловіча флісова зимова, 2XL, 3XL. Код: Д130","Термобілизна чоловіча флісова зимова, 2XL, 3XL. Код: Д130",
3913,А220,777,150.0,data/6 - erotic/201-250/220.jpg,Бондажная лента для BDSM игр. Код: А220,Бондажная лента для BDSM игр. Код: А220,
3914,А221,777,280.0,data/6 - erotic/201-250/221.jpg,BDSM кляп с зажимами. Код: А221,BDSM кляп с зажимами. Код: А221,
3915,А216,777,120.0,data/6 - erotic/201-250/216_2.jpg,Мужские эротические трусики &quot;синий Слоник&quot;. Код: А216,Мужские эротические трусики &quot;синий Слоник&quot;. Код: А216,
3916,Т437,777,180.0,data/3 - panties/401-450/437_0.jpg,"Х/б боксерки удлиненные, S, M, L, XL. Код: Т437","Х/б боксерки удлиненные, S, M, L, XL. Код: Т437",
3917,Д131,777,900.0,data/4 - pajamas/101-150/131_0.jpg,"Термобілизна чоловіча камуфляж, L, XL, 2XL. Код: Д131","Термобілизна чоловіча камуфляж, L, XL, 2XL. Код: Д131",
3918,Т438,777,160.0,data/3 - panties/401-450/438_1.jpg,"Мужские черные х/б боксерки, S, M, L, XL. Код: Т438","Мужские черные х/б боксерки, S, M, L, XL. Код: Т438",
3919,Т439,777,150.0,data/3 - panties/401-450/439_0.jpg,"Х/б боксерки однотонные, 4XL, 5XL. Код: Т439","Х/б боксерки однотонные, 4XL, 5XL. Код: Т439",
3920,Т440,777,150.0,data/3 - panties/401-450/440_0.jpg,"Х/б боксеры в полоску, 6XL. Код: Т440","Х/б боксеры в полоску, 6XL. Код: Т440",
3921,Т441,777,150.0,data/3 - panties/401-450/441_0.jpg,"Мужские трусы боксеры со светлой резинкой, 4XL. Код: Т441","Мужские трусы боксеры со светлой резинкой, 4XL. Код: Т441",
3922,С426,777,540.0,data/1 - sets/401-451/426_2.jpg,"Пушап комплект на чашку В, в 2-х цветах. Код: С426","Пушап комплект на чашку В, в 2-х цветах. Код: С426",
3923,С427,777,620.0,data/1 - sets/401-451/427_1.jpg,"Пушап комплект на чашку В, чорный. Код: С427","Пушап комплект на чашку В, чорный. Код: С427",
3924,С428,777,620.0,data/1 - sets/401-451/428_1.jpg,"Комплект без поролона на чашку D, в 3-х расцветках. Код: С428","Комплект без поролона на чашку D, в 3-х расцветках. Код: С428",
3925,Б389,777,420.0,data/1 - sets/401-451/406_6.jpg,Бюстик без поролона в чашке B разные цвета. Код: Б389,Бюстик без поролона в чашке B разные цвета. Код: Б389,
3926,Б389,777,420.0,data/1 - sets/401-451/406_6.jpg,Бюстик без поролона в чашке С разные цвета. Код: Б389,Бюстик без поролона в чашке С разные цвета. Код: Б389,
3927,Б389,777,420.0,data/1 - sets/401-451/406_6.jpg,Бюстик без поролона в чашке D в 2х цветах. Код: Б389,Бюстик без поролона в чашке D в 2х цветах. Код: Б389,
3928,Т442,777,195.0,data/3 - panties/401-450/442_3.jpg,Трусики бразильяны в 6 расцветках. Код: Т442,Трусики бразильяны в 6 расцветках. Код: Т442,
3929,Т443,777,190.0,data/3 - panties/401-450/443_0.jpg,Трусики бразильяны в 2-х расцветках. Код: Т443,Трусики бразильяны в 2-х расцветках. Код: Т443,
3930,Т444,77,120.0,data/3 - panties/401-450/444_0.jpg,"Трусики стринги S-M, L-XL в разных расцветках. Код: Т444","Трусики стринги S-M, L-XL в разных расцветках. Код: Т444",
3931,Т445,77,190.0,data/3 - panties/401-450/445_1.jpg,Трусики бразильяны в 2-х расцветках. Код: Т445,Трусики бразильяны в 2-х расцветках. Код: Т445,
3932,Т446,777,195.0,data/3 - panties/401-450/446_0.jpg,Трусики слипы в 2-х расцветках. Код: Т446,Трусики слипы в 2-х расцветках. Код: Т446,
3933,С429,777,750.0,data/1 - sets/401-451/429_0.jpg,"Эротический комплект белья в сеточку, S, L. Код: С429","Эротический комплект белья в сеточку, S, L. Код: С429",
3934,С430,777,980.0,data/1 - sets/401-451/430_4.jpg,"Роскошный эротический комплект, S, M. Код: С430","Роскошный эротический комплект, S, M. Код: С430",
3935,С430,777,980.0,data/1 - sets/401-451/430_3.jpg,"Красный роскошный эротический комплект, S, M, L. Код: С430","Красный роскошный эротический комплект, S, M, L. Код: С430",