Имя файла,Рабочая ссылка
C402_0.jpg,https://raw.githubusercontent.com/Richy5959/lastochka_phono/refs/heads/main/catalog_photos/data/1 - sets/401-451/C402_0.jpg
C402_1.jpg,https://raw.githubusercontent.com/Richy5959/lastochka_phono/refs/heads/main/catalog_photos/data/1 - sets/401-451/C402_1.jpg
C422_0.jpg,https://raw.githubusercontent.com/Richy5959/lastochka_phono/refs/heads/main/catalog_photos/data/1 - sets/401-451/C422_0.jpg
C422_1.jpg,https://raw.githubusercontent.com/Richy5959/lastochka_phono/refs/heads/main/catalog_photos/data/1 - sets/401-451/C422_1.jpg
C422_2.jpg,https://raw.githubusercontent.com/Richy5959/lastochka_phono/refs/heads/main/catalog_photos/data/1 - sets/401-451/C422_2.jpg
C423_0.jpg,https://raw.githubusercontent.com/Richy5959/lastochka_phono/refs/heads/main/catalog_photos/data/1 - sets/401-451/C423_0.jpg
C423_1.jpg,https://raw.githubusercontent.com/Richy5959/lastochka_phono/refs/heads/main/catalog_photos/data/1 - sets/401-451/C423_1.jpg
C423_2.jpg,https://raw.githubusercontent.com/Richy5959/lastochka_phono/refs/heads/main/catalog_photos/data/1 - sets/401-451/C423_2.jpg
C423_3.jpg,https://raw.githubusercontent.com/Richy5959/lastochka_phono/refs/heads/main/catalog_photos/data/1 - sets/401-451/C423_3.jpg
C3_16.jpg,https://raw.githubusercontent.com/Richy5959/lastochka_phono/refs/heads/main/catalog_photos/data/1 - sets/С1-50/C3_16.jpg
С11_0.jpg,https://raw.githubusercontent.com/Richy5959/lastochka_phono/refs/heads/main/catalog_photos/data/1 - sets/С1-50/С11_0.jpg
С11_1.jpg,https://raw.githubusercontent.com/Richy5959/lastochka_phono/refs/heads/main/catalog_photos/data/1 - sets/С1-50/С11_1.jpg
С11_2.jpg,https://raw.githubusercontent.com/Richy5959/lastochka_phono/refs/heads/main/catalog_photos/data/1 - sets/С1-50/С11_2.jpg
С11_3.jpg,https://raw.githubusercontent.com/Richy5959/lastochka_phono/refs/heads/main/catalog_photos/data/1 - sets/С1-50/С11_3.jpg
С11_6.jpg,https://raw.githubusercontent.com/Richy5959/lastochka_phono/refs/heads/main/catalog_photos/data/1 - sets/С1-50/С11_6.jpg
С13_1.jpg,https://raw.githubusercontent.com/Richy5959/lastochka_phono/refs/heads/main/catalog_photos/data/1 - sets/С1-50/С13_1.jpg
С14_1.jpg,https://raw.githubusercontent.com/Richy5959/lastochka_phono/refs/heads/main/catalog_photos/data/1 - sets/С1-50/С14_1.jpg
С14_10.jpg,https://raw.githubusercontent.com/Richy5959/lastochka_phono/refs/heads/main/catalog_photos/data/1 - sets/С1-50/С14_10.jpg
С14_11.jpg,https://raw.githubusercontent.com/Richy5959/lastochka_phono/refs/heads/main/catalog_photos/data/1 - sets/С1-50/С14_11.jpg
С14_4.jpg,https://raw.githubusercontent.com/Richy5959/lastochka_phono/refs/heads/main/catalog_photos/data/1 - sets/С1-50/С14_4.jpg
С14_9.jpg,https://raw.githubusercontent.com/Richy5959/lastochka_phono/refs/heads/main/catalog_photos/data/1 - sets/С1-50/С14_9.jpg
С21_2.jpg,https://raw.githubusercontent.com/Richy5959/lastochka_phono/refs/heads/main/catalog_photos/data/1 - sets/С1-50/С21_2.jpg
С24_1.jpg,https://raw.githubusercontent.com/Richy5959/lastochka_phono/refs/heads/main/catalog_photos/data/1 - sets/С1-50/С24_1.jpg
С24_2.jpg,https://raw.githubusercontent.com/Richy5959/lastochka_phono/refs/heads/main/catalog_photos/data/1 - sets/С1-50/С24_2.jpg
С24_3.jpg,https://raw.githubusercontent.com/Richy5959/lastochka_phono/refs/heads/main/catalog_photos/data/1 - sets/С1-50/С24_3.jpg
С25_7.png,https://raw.githubusercontent.com/Richy5959/lastochka_phono/refs/heads/main/catalog_photos/data/1 - sets/С1-50/С25_7.png
С27_3.jpg,https://raw.githubusercontent.com/Richy5959/lastochka_phono/refs/heads/main/catalog_photos/data/1 - sets/С1-50/С27_3.jpg
С29_2.jpg,https://raw.githubusercontent.com/Richy5959/lastochka_phono/refs/heads/main/catalog_photos/data/1 - sets/С1-50/С29_2.jpg
С30.jpg,https://raw.githubusercontent.com/Richy5959/lastochka_phono/refs/heads/main/catalog_photos/data/1 - sets/С1-50/С30.jpg
С30_5.jpg,https://raw.githubusercontent.com/Richy5959/lastochka_phono/refs/heads/main/catalog_photos/data/1 - sets/С1-50/С30_5.jpg
С30_6.jpg,https://raw.githubusercontent.com/Richy5959/lastochka_phono/refs/heads/main/catalog_photos/data/1 - sets/С1-50/С30_6.jpg
С32_4.jpg,https://raw.githubusercontent.com/Richy5959/lastochka_phono/refs/heads/main/catalog_photos/data/1 - sets/С1-50/С32_4.jpg
С113.jpg,https://raw.githubusercontent.com/Richy5959/lastochka_phono/refs/heads/main/catalog_photos/data/1 - sets/С101-150/С113.jpg
С114_0.jpg,https://raw.githubusercontent.com/Richy5959/lastochka_phono/refs/heads/main/catalog_photos/data/1 - sets/С101-150/С114_0.jpg
С114_1.jpg,https://raw.githubusercontent.com/Richy5959/lastochka_phono/refs/heads/main/catalog_photos/data/1 - sets/С101-150/С114_1.jpg
С114_2.jpg,https://raw.githubusercontent.com/Richy5959/lastochka_phono/refs/heads/main/catalog_photos/data/1 - sets/С101-150/С114_2.jpg
С114_3.jpg,https://raw.githubusercontent.com/Richy5959/lastochka_phono/refs/heads/main/catalog_photos/data/1 - sets/С101-150/С114_3.jpg
С116_1.jpg,https://raw.githubusercontent.com/Richy5959/lastochka_phono/refs/heads/main/catalog_photos/data/1 - sets/С101-150/С116_1.jpg
С117_1.jpg,https://raw.githubusercontent.com/Richy5959/lastochka_phono/refs/heads/main/catalog_photos/data/1 - sets/С101-150/С117_1.jpg
С117_2.jpg,https://raw.githubusercontent.com/Richy5959/lastochka_phono/refs/heads/main/catalog_photos/data/1 - sets/С101-150/С117_2.jpg
С117_3.jpg,https://raw.githubusercontent.com/Richy5959/lastochka_phono/refs/heads/main/catalog_photos/data/1 - sets/С101-150/С117_3.jpg
С117_4.jpg,https://raw.githubusercontent.com/Richy5959/lastochka_phono/refs/heads/main/catalog_photos/data/1 - sets/С101-150/С117_4.jpg
С117_5.jpg,https://raw.githubusercontent.com/Richy5959/lastochka_phono/refs/heads/main/catalog_photos/data/1 - sets/С101-150/С117_5.jpg
С147_1.jpg,https://raw.githubusercontent.com/Richy5959/lastochka_phono/refs/heads/main/catalog_photos/data/1 - sets/С101-150/С147_1.jpg
С147_2.jpg,https://raw.githubusercontent.com/Richy5959/lastochka_phono/refs/heads/main/catalog_photos/data/1 - sets/С101-150/С147_2.jpg
С147_3.jpg,https://raw.githubusercontent.com/Richy5959/lastochka_phono/refs/heads/main/catalog_photos/data/1 - sets/С101-150/С147_3.jpg
С147_4.jpg,https://raw.githubusercontent.com/Richy5959/lastochka_phono/refs/heads/main/catalog_photos/data/1 - sets/С101-150/С147_4.jpg
C183_2.jpg,https://raw.githubusercontent.com/Richy5959/lastochka_phono/refs/heads/main/catalog_photos/data/1 - sets/С151-200/C183_2.jpg
C198_40.jpg,https://raw.githubusercontent.com/Richy5959/lastochka_phono/refs/heads/main/catalog_photos/data/1 - sets/С151-200/C198_40.jpg
C198_41.jpg,https://raw.githubusercontent.com/Richy5959/lastochka_phono/refs/heads/main/catalog_photos/data/1 - sets/С151-200/C198_41.jpg
C198_42.jpg,https://raw.githubusercontent.com/Richy5959/lastochka_phono/refs/heads/main/catalog_photos/data/1 - sets/С151-200/C198_42.jpg
С152_1.jpg,https://raw.githubusercontent.com/Richy5959/lastochka_phono/refs/heads/main/catalog_photos/data/1 - sets/С151-200/С152_1.jpg
С152_2.jpg,https://raw.githubusercontent.com/Richy5959/lastochka_phono/refs/heads/main/catalog_photos/data/1 - sets/С151-200/С152_2.jpg
С152_4.png,https://raw.githubusercontent.com/Richy5959/lastochka_phono/refs/heads/main/catalog_photos/data/1 - sets/С151-200/С152_4.png
С152_5.png,https://raw.githubusercontent.com/Richy5959/lastochka_phono/refs/heads/main/catalog_photos/data/1 - sets/С151-200/С152_5.png
С152_6.jpg,https://raw.githubusercontent.com/Richy5959/lastochka_phono/refs/heads/main/catalog_photos/data/1 - sets/С151-200/С152_6.jpg
С156_23.jpg,https://raw.githubusercontent.com/Richy5959/lastochka_phono/refs/heads/main/catalog_photos/data/1 - sets/С151-200/С156_23.jpg
С169_1.jpg,https://raw.githubusercontent.com/Richy5959/lastochka_phono/refs/heads/main/catalog_photos/data/1 - sets/С151-200/С169_1.jpg
С169_2.jpg,https://raw.githubusercontent.com/Richy5959/lastochka_phono/refs/heads/main/catalog_photos/data/1 - sets/С151-200/С169_2.jpg
С170_1.jpg,https://raw.githubusercontent.com/Richy5959/lastochka_phono/refs/heads/main/catalog_photos/data/1 - sets/С151-200/С170_1.jpg
С170_2.jpg,https://raw.githubusercontent.com/Richy5959/lastochka_phono/refs/heads/main/catalog_photos/data/1 - sets/С151-200/С170_2.jpg
С170_3.jpg,https://raw.githubusercontent.com/Richy5959/lastochka_phono/refs/heads/main/catalog_photos/data/1 - sets/С151-200/С170_3.jpg
С171_1.jpg,https://raw.githubusercontent.com/Richy5959/lastochka_phono/refs/heads/main/catalog_photos/data/1 - sets/С151-200/С171_1.jpg
С171_2.jpg,https://raw.githubusercontent.com/Richy5959/lastochka_phono/refs/heads/main/catalog_photos/data/1 - sets/С151-200/С171_2.jpg
С171_3.jpg,https://raw.githubusercontent.com/Richy5959/lastochka_phono/refs/heads/main/catalog_photos/data/1 - sets/С151-200/С171_3.jpg
С171_4.jpg,https://raw.githubusercontent.com/Richy5959/lastochka_phono/refs/heads/main/catalog_photos/data/1 - sets/С151-200/С171_4.jpg
С171_9.jpg,https://raw.githubusercontent.com/Richy5959/lastochka_phono/refs/heads/main/catalog_photos/data/1 - sets/С151-200/С171_9.jpg
С172_1.jpg,https://raw.githubusercontent.com/Richy5959/lastochka_phono/refs/heads/main/catalog_photos/data/1 - sets/С151-200/С172_1.jpg
С172_2.jpg,https://raw.githubusercontent.com/Richy5959/lastochka_phono/refs/heads/main/catalog_photos/data/1 - sets/С151-200/С172_2.jpg
С173_1.jpg,https://raw.githubusercontent.com/Richy5959/lastochka_phono/refs/heads/main/catalog_photos/data/1 - sets/С151-200/С173_1.jpg
С173_2.jpg,https://raw.githubusercontent.com/Richy5959/lastochka_phono/refs/heads/main/catalog_photos/data/1 - sets/С151-200/С173_2.jpg
С173_3.jpg,https://raw.githubusercontent.com/Richy5959/lastochka_phono/refs/heads/main/catalog_photos/data/1 - sets/С151-200/С173_3.jpg
С173_4.jpg,https://raw.githubusercontent.com/Richy5959/lastochka_phono/refs/heads/main/catalog_photos/data/1 - sets/С151-200/С173_4.jpg
С173_5.jpg,https://raw.githubusercontent.com/Richy5959/lastochka_phono/refs/heads/main/catalog_photos/data/1 - sets/С151-200/С173_5.jpg
С173_55.jpeg,https://raw.githubusercontent.com/Richy5959/lastochka_phono/refs/heads/main/catalog_photos/data/1 - sets/С151-200/С173_55.jpeg
С173_56.jpeg,https://raw.githubusercontent.com/Richy5959/lastochka_phono/refs/heads/main/catalog_photos/data/1 - sets/С151-200/С173_56.jpeg
С173_57.jpg,https://raw.githubusercontent.com/Richy5959/lastochka_phono/refs/heads/main/catalog_photos/data/1 - sets/С151-200/С173_57.jpg
С174_1.jpg,https://raw.githubusercontent.com/Richy5959/lastochka_phono/refs/heads/main/catalog_photos/data/1 - sets/С151-200/С174_1.jpg
С174_2.jpg,https://raw.githubusercontent.com/Richy5959/lastochka_phono/refs/heads/main/catalog_photos/data/1 - sets/С151-200/С174_2.jpg
С174_6.jpg,https://raw.githubusercontent.com/Richy5959/lastochka_phono/refs/heads/main/catalog_photos/data/1 - sets/С151-200/С174_6.jpg
С177_1.jpg,https://raw.githubusercontent.com/Richy5959/lastochka_phono/refs/heads/main/catalog_photos/data/1 - sets/С151-200/С177_1.jpg
С177_11.jpg,https://raw.githubusercontent.com/Richy5959/lastochka_phono/refs/heads/main/catalog_photos/data/1 - sets/С151-200/С177_11.jpg
С177_12.jpg,https://raw.githubusercontent.com/Richy5959/lastochka_phono/refs/heads/main/catalog_photos/data/1 - sets/С151-200/С177_12.jpg
С177_13.jpg,https://raw.githubusercontent.com/Richy5959/lastochka_phono/refs/heads/main/catalog_photos/data/1 - sets/С151-200/С177_13.jpg
С177_2.jpg,https://raw.githubusercontent.com/Richy5959/lastochka_phono/refs/heads/main/catalog_photos/data/1 - sets/С151-200/С177_2.jpg
С177_3.jpg,https://raw.githubusercontent.com/Richy5959/lastochka_phono/refs/heads/main/catalog_photos/data/1 - sets/С151-200/С177_3.jpg
С177_4.jpg,https://raw.githubusercontent.com/Richy5959/lastochka_phono/refs/heads/main/catalog_photos/data/1 - sets/С151-200/С177_4.jpg
С178_1.png,https://raw.githubusercontent.com/Richy5959/lastochka_phono/refs/heads/main/catalog_photos/data/1 - sets/С151-200/С178_1.png
С178_2.png,https://raw.githubusercontent.com/Richy5959/lastochka_phono/refs/heads/main/catalog_photos/data/1 - sets/С151-200/С178_2.png
С178_3.png,https://raw.githubusercontent.com/Richy5959/lastochka_phono/refs/heads/main/catalog_photos/data/1 - sets/С151-200/С178_3.png
С178_4.png,https://raw.githubusercontent.com/Richy5959/lastochka_phono/refs/heads/main/catalog_photos/data/1 - sets/С151-200/С178_4.png
С178_5.png,https://raw.githubusercontent.com/Richy5959/lastochka_phono/refs/heads/main/catalog_photos/data/1 - sets/С151-200/С178_5.png
С178_6.png,https://raw.githubusercontent.com/Richy5959/lastochka_phono/refs/heads/main/catalog_photos/data/1 - sets/С151-200/С178_6.png
С178_7.jpg,https://raw.githubusercontent.com/Richy5959/lastochka_phono/refs/heads/main/catalog_photos/data/1 - sets/С151-200/С178_7.jpg
С181_1.jpg,https://raw.githubusercontent.com/Richy5959/lastochka_phono/refs/heads/main/catalog_photos/data/1 - sets/С151-200/С181_1.jpg
С181_2.jpg,https://raw.githubusercontent.com/Richy5959/lastochka_phono/refs/heads/main/catalog_photos/data/1 - sets/С151-200/С181_2.jpg
С181_8.jpg,https://raw.githubusercontent.com/Richy5959/lastochka_phono/refs/heads/main/catalog_photos/data/1 - sets/С151-200/С181_8.jpg
С181_9.jpg,https://raw.githubusercontent.com/Richy5959/lastochka_phono/refs/heads/main/catalog_photos/data/1 - sets/С151-200/С181_9.jpg
С185_1.jpg,https://raw.githubusercontent.com/Richy5959/lastochka_phono/refs/heads/main/catalog_photos/data/1 - sets/С151-200/С185_1.jpg
С185_2.jpg,https://raw.githubusercontent.com/Richy5959/lastochka_phono/refs/heads/main/catalog_photos/data/1 - sets/С151-200/С185_2.jpg
С185_3.jpg,https://raw.githubusercontent.com/Richy5959/lastochka_phono/refs/heads/main/catalog_photos/data/1 - sets/С151-200/С185_3.jpg
С199_19.jpg,https://raw.githubusercontent.com/Richy5959/lastochka_phono/refs/heads/main/catalog_photos/data/1 - sets/С151-200/С199_19.jpg
С199_21.jpg,https://raw.githubusercontent.com/Richy5959/lastochka_phono/refs/heads/main/catalog_photos/data/1 - sets/С151-200/С199_21.jpg
С199_22.jpg,https://raw.githubusercontent.com/Richy5959/lastochka_phono/refs/heads/main/catalog_photos/data/1 - sets/С151-200/С199_22.jpg
С212_7.jpg,https://raw.githubusercontent.com/Richy5959/lastochka_phono/refs/heads/main/catalog_photos/data/1 - sets/С201-250/С212_7.jpg
С216_0.jpg,https://raw.githubusercontent.com/Richy5959/lastochka_phono/refs/heads/main/catalog_photos/data/1 - sets/С201-250/С216_0.jpg
С216_1.jpg,https://raw.githubusercontent.com/Richy5959/lastochka_phono/refs/heads/main/catalog_photos/data/1 - sets/С201-250/С216_1.jpg
С216_2.jpg,https://raw.githubusercontent.com/Richy5959/lastochka_phono/refs/heads/main/catalog_photos/data/1 - sets/С201-250/С216_2.jpg
С223_0.jpg,https://raw.githubusercontent.com/Richy5959/lastochka_phono/refs/heads/main/catalog_photos/data/1 - sets/С201-250/С223_0.jpg
С223_1.jpg,https://raw.githubusercontent.com/Richy5959/lastochka_phono/refs/heads/main/catalog_photos/data/1 - sets/С201-250/С223_1.jpg
С223_2.jpg,https://raw.githubusercontent.com/Richy5959/lastochka_phono/refs/heads/main/catalog_photos/data/1 - sets/С201-250/С223_2.jpg
С223_3.jpg,https://raw.githubusercontent.com/Richy5959/lastochka_phono/refs/heads/main/catalog_photos/data/1 - sets/С201-250/С223_3.jpg
С223_4.jpg,https://raw.githubusercontent.com/Richy5959/lastochka_phono/refs/heads/main/catalog_photos/data/1 - sets/С201-250/С223_4.jpg
С223_5.jpg,https://raw.githubusercontent.com/Richy5959/lastochka_phono/refs/heads/main/catalog_photos/data/1 - sets/С201-250/С223_5.jpg
С240_12.jpg,https://raw.githubusercontent.com/Richy5959/lastochka_phono/refs/heads/main/catalog_photos/data/1 - sets/С201-250/С240_12.jpg
С240_13.jpg,https://raw.githubusercontent.com/Richy5959/lastochka_phono/refs/heads/main/catalog_photos/data/1 - sets/С201-250/С240_13.jpg
С240_14.jpg,https://raw.githubusercontent.com/Richy5959/lastochka_phono/refs/heads/main/catalog_photos/data/1 - sets/С201-250/С240_14.jpg
С240_15.jpg,https://raw.githubusercontent.com/Richy5959/lastochka_phono/refs/heads/main/catalog_photos/data/1 - sets/С201-250/С240_15.jpg
С240_16.jpg,https://raw.githubusercontent.com/Richy5959/lastochka_phono/refs/heads/main/catalog_photos/data/1 - sets/С201-250/С240_16.jpg
С240_6.jpg,https://raw.githubusercontent.com/Richy5959/lastochka_phono/refs/heads/main/catalog_photos/data/1 - sets/С201-250/С240_6.jpg
С241_1.jpg,https://raw.githubusercontent.com/Richy5959/lastochka_phono/refs/heads/main/catalog_photos/data/1 - sets/С201-250/С241_1.jpg
С241_10.jpg,https://raw.githubusercontent.com/Richy5959/lastochka_phono/refs/heads/main/catalog_photos/data/1 - sets/С201-250/С241_10.jpg
С241_11.jpg,https://raw.githubusercontent.com/Richy5959/lastochka_phono/refs/heads/main/catalog_photos/data/1 - sets/С201-250/С241_11.jpg
С241_12.jpg,https://raw.githubusercontent.com/Richy5959/lastochka_phono/refs/heads/main/catalog_photos/data/1 - sets/С201-250/С241_12.jpg
С241_2.jpg,https://raw.githubusercontent.com/Richy5959/lastochka_phono/refs/heads/main/catalog_photos/data/1 - sets/С201-250/С241_2.jpg
С241_3.jpg,https://raw.githubusercontent.com/Richy5959/lastochka_phono/refs/heads/main/catalog_photos/data/1 - sets/С201-250/С241_3.jpg
С241_4.jpg,https://raw.githubusercontent.com/Richy5959/lastochka_phono/refs/heads/main/catalog_photos/data/1 - sets/С201-250/С241_4.jpg
С244_1.jpg,https://raw.githubusercontent.com/Richy5959/lastochka_phono/refs/heads/main/catalog_photos/data/1 - sets/С201-250/С244_1.jpg
С244_2.jpg,https://raw.githubusercontent.com/Richy5959/lastochka_phono/refs/heads/main/catalog_photos/data/1 - sets/С201-250/С244_2.jpg
С244_3.jpeg,https://raw.githubusercontent.com/Richy5959/lastochka_phono/refs/heads/main/catalog_photos/data/1 - sets/С201-250/С244_3.jpeg
С249_1.jpg,https://raw.githubusercontent.com/Richy5959/lastochka_phono/refs/heads/main/catalog_photos/data/1 - sets/С201-250/С249_1.jpg
С249_2.jpg,https://raw.githubusercontent.com/Richy5959/lastochka_phono/refs/heads/main/catalog_photos/data/1 - sets/С201-250/С249_2.jpg
С249_3.jpg,https://raw.githubusercontent.com/Richy5959/lastochka_phono/refs/heads/main/catalog_photos/data/1 - sets/С201-250/С249_3.jpg
С249_5.jpg,https://raw.githubusercontent.com/Richy5959/lastochka_phono/refs/heads/main/catalog_photos/data/1 - sets/С201-250/С249_5.jpg
C257_20.jpg,https://raw.githubusercontent.com/Richy5959/lastochka_phono/refs/heads/main/catalog_photos/data/1 - sets/С251-300/C257_20.jpg
C257_21.jpg,https://raw.githubusercontent.com/Richy5959/lastochka_phono/refs/heads/main/catalog_photos/data/1 - sets/С251-300/C257_21.jpg
C257_22.jpg,https://raw.githubusercontent.com/Richy5959/lastochka_phono/refs/heads/main/catalog_photos/data/1 - sets/С251-300/C257_22.jpg
C257_23.jpg,https://raw.githubusercontent.com/Richy5959/lastochka_phono/refs/heads/main/catalog_photos/data/1 - sets/С251-300/C257_23.jpg
C257_24.jpg,https://raw.githubusercontent.com/Richy5959/lastochka_phono/refs/heads/main/catalog_photos/data/1 - sets/С251-300/C257_24.jpg
С257_0.jpg,https://raw.githubusercontent.com/Richy5959/lastochka_phono/refs/heads/main/catalog_photos/data/1 - sets/С251-300/С257_0.jpg
С257_1.jpg,https://raw.githubusercontent.com/Richy5959/lastochka_phono/refs/heads/main/catalog_photos/data/1 - sets/С251-300/С257_1.jpg
С257_2.jpg,https://raw.githubusercontent.com/Richy5959/lastochka_phono/refs/heads/main/catalog_photos/data/1 - sets/С251-300/С257_2.jpg
С257_3.jpg,https://raw.githubusercontent.com/Richy5959/lastochka_phono/refs/heads/main/catalog_photos/data/1 - sets/С251-300/С257_3.jpg
С257_4.jpg,https://raw.githubusercontent.com/Richy5959/lastochka_phono/refs/heads/main/catalog_photos/data/1 - sets/С251-300/С257_4.jpg
С257_5.jpg,https://raw.githubusercontent.com/Richy5959/lastochka_phono/refs/heads/main/catalog_photos/data/1 - sets/С251-300/С257_5.jpg
С261_1.jpg,https://raw.githubusercontent.com/Richy5959/lastochka_phono/refs/heads/main/catalog_photos/data/1 - sets/С251-300/С261_1.jpg
С261_2.jpg,https://raw.githubusercontent.com/Richy5959/lastochka_phono/refs/heads/main/catalog_photos/data/1 - sets/С251-300/С261_2.jpg
С261_3.jpg,https://raw.githubusercontent.com/Richy5959/lastochka_phono/refs/heads/main/catalog_photos/data/1 - sets/С251-300/С261_3.jpg
С263.jpg,https://raw.githubusercontent.com/Richy5959/lastochka_phono/refs/heads/main/catalog_photos/data/1 - sets/С251-300/С263.jpg
С263_11.jpg,https://raw.githubusercontent.com/Richy5959/lastochka_phono/refs/heads/main/catalog_photos/data/1 - sets/С251-300/С263_11.jpg
С263_12.jpg,https://raw.githubusercontent.com/Richy5959/lastochka_phono/refs/heads/main/catalog_photos/data/1 - sets/С251-300/С263_12.jpg
С265_0.jpg,https://raw.githubusercontent.com/Richy5959/lastochka_phono/refs/heads/main/catalog_photos/data/1 - sets/С251-300/С265_0.jpg
С265_1.jpg,https://raw.githubusercontent.com/Richy5959/lastochka_phono/refs/heads/main/catalog_photos/data/1 - sets/С251-300/С265_1.jpg
С265_2.jpg,https://raw.githubusercontent.com/Richy5959/lastochka_phono/refs/heads/main/catalog_photos/data/1 - sets/С251-300/С265_2.jpg
С265_3.jpg,https://raw.githubusercontent.com/Richy5959/lastochka_phono/refs/heads/main/catalog_photos/data/1 - sets/С251-300/С265_3.jpg
С265_4.jpg,https://raw.githubusercontent.com/Richy5959/lastochka_phono/refs/heads/main/catalog_photos/data/1 - sets/С251-300/С265_4.jpg
С265_5.jpg,https://raw.githubusercontent.com/Richy5959/lastochka_phono/refs/heads/main/catalog_photos/data/1 - sets/С251-300/С265_5.jpg
С265_6.jpg,https://raw.githubusercontent.com/Richy5959/lastochka_phono/refs/heads/main/catalog_photos/data/1 - sets/С251-300/С265_6.jpg
С266_2.jpg,https://raw.githubusercontent.com/Richy5959/lastochka_phono/refs/heads/main/catalog_photos/data/1 - sets/С251-300/С266_2.jpg
С266_3.jpg,https://raw.githubusercontent.com/Richy5959/lastochka_phono/refs/heads/main/catalog_photos/data/1 - sets/С251-300/С266_3.jpg
С266_4.jpg,https://raw.githubusercontent.com/Richy5959/lastochka_phono/refs/heads/main/catalog_photos/data/1 - sets/С251-300/С266_4.jpg
С266_5.jpg,https://raw.githubusercontent.com/Richy5959/lastochka_phono/refs/heads/main/catalog_photos/data/1 - sets/С251-300/С266_5.jpg
С266_6.jpg,https://raw.githubusercontent.com/Richy5959/lastochka_phono/refs/heads/main/catalog_photos/data/1 - sets/С251-300/С266_6.jpg
С266_7.jpg,https://raw.githubusercontent.com/Richy5959/lastochka_phono/refs/heads/main/catalog_photos/data/1 - sets/С251-300/С266_7.jpg
С292_1.jpg,https://raw.githubusercontent.com/Richy5959/lastochka_phono/refs/heads/main/catalog_photos/data/1 - sets/С251-300/С292_1.jpg
С292_2.jpg,https://raw.githubusercontent.com/Richy5959/lastochka_phono/refs/heads/main/catalog_photos/data/1 - sets/С251-300/С292_2.jpg
С292_3.jpg,https://raw.githubusercontent.com/Richy5959/lastochka_phono/refs/heads/main/catalog_photos/data/1 - sets/С251-300/С292_3.jpg
С292_4.jpg,https://raw.githubusercontent.com/Richy5959/lastochka_phono/refs/heads/main/catalog_photos/data/1 - sets/С251-300/С292_4.jpg
302_20.jpg,https://raw.githubusercontent.com/Richy5959/lastochka_phono/refs/heads/main/catalog_photos/data/1 - sets/С301-350/302_20.jpg
302_21.jpg,https://raw.githubusercontent.com/Richy5959/lastochka_phono/refs/heads/main/catalog_photos/data/1 - sets/С301-350/302_21.jpg
302_22.jpg,https://raw.githubusercontent.com/Richy5959/lastochka_phono/refs/heads/main/catalog_photos/data/1 - sets/С301-350/302_22.jpg
302_23.jpg,https://raw.githubusercontent.com/Richy5959/lastochka_phono/refs/heads/main/catalog_photos/data/1 - sets/С301-350/302_23.jpg
303_22.jpg,https://raw.githubusercontent.com/Richy5959/lastochka_phono/refs/heads/main/catalog_photos/data/1 - sets/С301-350/303_22.jpg
303_23.jpg,https://raw.githubusercontent.com/Richy5959/lastochka_phono/refs/heads/main/catalog_photos/data/1 - sets/С301-350/303_23.jpg
305_20.jpg,https://raw.githubusercontent.com/Richy5959/lastochka_phono/refs/heads/main/catalog_photos/data/1 - sets/С301-350/305_20.jpg
305_21.jpg,https://raw.githubusercontent.com/Richy5959/lastochka_phono/refs/heads/main/catalog_photos/data/1 - sets/С301-350/305_21.jpg
305_22.jpg,https://raw.githubusercontent.com/Richy5959/lastochka_phono/refs/heads/main/catalog_photos/data/1 - sets/С301-350/305_22.jpg
305_23.jpg,https://raw.githubusercontent.com/Richy5959/lastochka_phono/refs/heads/main/catalog_photos/data/1 - sets/С301-350/305_23.jpg
305_24.jpg,https://raw.githubusercontent.com/Richy5959/lastochka_phono/refs/heads/main/catalog_photos/data/1 - sets/С301-350/305_24.jpg
305_25.jpg,https://raw.githubusercontent.com/Richy5959/lastochka_phono/refs/heads/main/catalog_photos/data/1 - sets/С301-350/305_25.jpg
305_26.jpg,https://raw.githubusercontent.com/Richy5959/lastochka_phono/refs/heads/main/catalog_photos/data/1 - sets/С301-350/305_26.jpg
305_27.jpg,https://raw.githubusercontent.com/Richy5959/lastochka_phono/refs/heads/main/catalog_photos/data/1 - sets/С301-350/305_27.jpg
306_0.jpg,https://raw.githubusercontent.com/Richy5959/lastochka_phono/refs/heads/main/catalog_photos/data/1 - sets/С301-350/306_0.jpg
306_1.jpg,https://raw.githubusercontent.com/Richy5959/lastochka_phono/refs/heads/main/catalog_photos/data/1 - sets/С301-350/306_1.jpg
306_2.jpg,https://raw.githubusercontent.com/Richy5959/lastochka_phono/refs/heads/main/catalog_photos/data/1 - sets/С301-350/306_2.jpg
307_0.jpg,https://raw.githubusercontent.com/Richy5959/lastochka_phono/refs/heads/main/catalog_photos/data/1 - sets/С301-350/307_0.jpg
307_1.jpg,https://raw.githubusercontent.com/Richy5959/lastochka_phono/refs/heads/main/catalog_photos/data/1 - sets/С301-350/307_1.jpg
307_2.jpg,https://raw.githubusercontent.com/Richy5959/lastochka_phono/refs/heads/main/catalog_photos/data/1 - sets/С301-350/307_2.jpg
307_3.jpg,https://raw.githubusercontent.com/Richy5959/lastochka_phono/refs/heads/main/catalog_photos/data/1 - sets/С301-350/307_3.jpg
308_0.jpg,https://raw.githubusercontent.com/Richy5959/lastochka_phono/refs/heads/main/catalog_photos/data/1 - sets/С301-350/308_0.jpg
308_1.jpg,https://raw.githubusercontent.com/Richy5959/lastochka_phono/refs/heads/main/catalog_photos/data/1 - sets/С301-350/308_1.jpg
308_2.jpg,https://raw.githubusercontent.com/Richy5959/lastochka_phono/refs/heads/main/catalog_photos/data/1 - sets/С301-350/308_2.jpg
309.jpg,https://raw.githubusercontent.com/Richy5959/lastochka_phono/refs/heads/main/catalog_photos/data/1 - sets/С301-350/309.jpg
310_0.jpg,https://raw.githubusercontent.com/Richy5959/lastochka_phono/refs/heads/main/catalog_photos/data/1 - sets/С301-350/310_0.jpg
310_1.jpg,https://raw.githubusercontent.com/Richy5959/lastochka_phono/refs/heads/main/catalog_photos/data/1 - sets/С301-350/310_1.jpg
310_2.jpg,https://raw.githubusercontent.com/Richy5959/lastochka_phono/refs/heads/main/catalog_photos/data/1 - sets/С301-350/310_2.jpg
310_3.jpg,https://raw.githubusercontent.com/Richy5959/lastochka_phono/refs/heads/main/catalog_photos/data/1 - sets/С301-350/310_3.jpg
310_4.jpg,https://raw.githubusercontent.com/Richy5959/lastochka_phono/refs/heads/main/catalog_photos/data/1 - sets/С301-350/310_4.jpg
310_5.jpg,https://raw.githubusercontent.com/Richy5959/lastochka_phono/refs/heads/main/catalog_photos/data/1 - sets/С301-350/310_5.jpg
311_0.jpg,https://raw.githubusercontent.com/Richy5959/lastochka_phono/refs/heads/main/catalog_photos/data/1 - sets/С301-350/311_0.jpg
311_1.jpg,https://raw.githubusercontent.com/Richy5959/lastochka_phono/refs/heads/main/catalog_photos/data/1 - sets/С301-350/311_1.jpg
311_2.jpg,https://raw.githubusercontent.com/Richy5959/lastochka_phono/refs/heads/main/catalog_photos/data/1 - sets/С301-350/311_2.jpg
311_3.jpg,https://raw.githubusercontent.com/Richy5959/lastochka_phono/refs/heads/main/catalog_photos/data/1 - sets/С301-350/311_3.jpg
311_4.jpg,https://raw.githubusercontent.com/Richy5959/lastochka_phono/refs/heads/main/catalog_photos/data/1 - sets/С301-350/311_4.jpg
311_5.jpg,https://raw.githubusercontent.com/Richy5959/lastochka_phono/refs/heads/main/catalog_photos/data/1 - sets/С301-350/311_5.jpg
312_0.jpg,https://raw.githubusercontent.com/Richy5959/lastochka_phono/refs/heads/main/catalog_photos/data/1 - sets/С301-350/312_0.jpg
312_1.jpg,https://raw.githubusercontent.com/Richy5959/lastochka_phono/refs/heads/main/catalog_photos/data/1 - sets/С301-350/312_1.jpg
312_2.jpg,https://raw.githubusercontent.com/Richy5959/lastochka_phono/refs/heads/main/catalog_photos/data/1 - sets/С301-350/312_2.jpg
312_3.jpg,https://raw.githubusercontent.com/Richy5959/lastochka_phono/refs/heads/main/catalog_photos/data/1 - sets/С301-350/312_3.jpg
312_4.jpg,https://raw.githubusercontent.com/Richy5959/lastochka_phono/refs/heads/main/catalog_photos/data/1 - sets/С301-350/312_4.jpg
313_0.jpg,https://raw.githubusercontent.com/Richy5959/lastochka_phono/refs/heads/main/catalog_photos/data/1 - sets/С301-350/313_0.jpg
313_1.jpg,https://raw.githubusercontent.com/Richy5959/lastochka_phono/refs/heads/main/catalog_photos/data/1 - sets/С301-350/313_1.jpg
313_2.jpg,https://raw.githubusercontent.com/Richy5959/lastochka_phono/refs/heads/main/catalog_photos/data/1 - sets/С301-350/313_2.jpg
313_3.jpg,https://raw.githubusercontent.com/Richy5959/lastochka_phono/refs/heads/main/catalog_photos/data/1 - sets/С301-350/313_3.jpg
313_4.jpg,https://raw.githubusercontent.com/Richy5959/lastochka_phono/refs/heads/main/catalog_photos/data/1 - sets/С301-350/313_4.jpg
313_5.jpg,https://raw.githubusercontent.com/Richy5959/lastochka_phono/refs/heads/main/catalog_photos/data/1 - sets/С301-350/313_5.jpg
313_6.jpg,https://raw.githubusercontent.com/Richy5959/lastochka_phono/refs/heads/main/catalog_photos/data/1 - sets/С301-350/313_6.jpg
314_0.jpg,https://raw.githubusercontent.com/Richy5959/lastochka_phono/refs/heads/main/catalog_photos/data/1 - sets/С301-350/314_0.jpg
314_1.jpg,https://raw.githubusercontent.com/Richy5959/lastochka_phono/refs/heads/main/catalog_photos/data/1 - sets/С301-350/314_1.jpg
314_2.jpg,https://raw.githubusercontent.com/Richy5959/lastochka_phono/refs/heads/main/catalog_photos/data/1 - sets/С301-350/314_2.jpg
315_0.jpg,https://raw.githubusercontent.com/Richy5959/lastochka_phono/refs/heads/main/catalog_photos/data/1 - sets/С301-350/315_0.jpg
315_1.png,https://raw.githubusercontent.com/Richy5959/lastochka_phono/refs/heads/main/catalog_photos/data/1 - sets/С301-350/315_1.png
316_0.jpg,https://raw.githubusercontent.com/Richy5959/lastochka_phono/refs/heads/main/catalog_photos/data/1 - sets/С301-350/316_0.jpg
316_1.jpg,https://raw.githubusercontent.com/Richy5959/lastochka_phono/refs/heads/main/catalog_photos/data/1 - sets/С301-350/316_1.jpg
316_2.png,https://raw.githubusercontent.com/Richy5959/lastochka_phono/refs/heads/main/catalog_photos/data/1 - sets/С301-350/316_2.png
316_3.png,https://raw.githubusercontent.com/Richy5959/lastochka_phono/refs/heads/main/catalog_photos/data/1 - sets/С301-350/316_3.png
316_4.png,https://raw.githubusercontent.com/Richy5959/lastochka_phono/refs/heads/main/catalog_photos/data/1 - sets/С301-350/316_4.png
317_0.jpg,https://raw.githubusercontent.com/Richy5959/lastochka_phono/refs/heads/main/catalog_photos/data/1 - sets/С301-350/317_0.jpg
317_1.jpg,https://raw.githubusercontent.com/Richy5959/lastochka_phono/refs/heads/main/catalog_photos/data/1 - sets/С301-350/317_1.jpg
317_2.jpg,https://raw.githubusercontent.com/Richy5959/lastochka_phono/refs/heads/main/catalog_photos/data/1 - sets/С301-350/317_2.jpg
317_3.jpg,https://raw.githubusercontent.com/Richy5959/lastochka_phono/refs/heads/main/catalog_photos/data/1 - sets/С301-350/317_3.jpg
317_4.jpg,https://raw.githubusercontent.com/Richy5959/lastochka_phono/refs/heads/main/catalog_photos/data/1 - sets/С301-350/317_4.jpg
317_5.jpg,https://raw.githubusercontent.com/Richy5959/lastochka_phono/refs/heads/main/catalog_photos/data/1 - sets/С301-350/317_5.jpg
317_6.jpg,https://raw.githubusercontent.com/Richy5959/lastochka_phono/refs/heads/main/catalog_photos/data/1 - sets/С301-350/317_6.jpg
318_0.jpg,https://raw.githubusercontent.com/Richy5959/lastochka_phono/refs/heads/main/catalog_photos/data/1 - sets/С301-350/318_0.jpg
318_1.jpg,https://raw.githubusercontent.com/Richy5959/lastochka_phono/refs/heads/main/catalog_photos/data/1 - sets/С301-350/318_1.jpg
318_2.jpg,https://raw.githubusercontent.com/Richy5959/lastochka_phono/refs/heads/main/catalog_photos/data/1 - sets/С301-350/318_2.jpg
318_3.jpg,https://raw.githubusercontent.com/Richy5959/lastochka_phono/refs/heads/main/catalog_photos/data/1 - sets/С301-350/318_3.jpg
318_4.jpg,https://raw.githubusercontent.com/Richy5959/lastochka_phono/refs/heads/main/catalog_photos/data/1 - sets/С301-350/318_4.jpg
318_5.jpg,https://raw.githubusercontent.com/Richy5959/lastochka_phono/refs/heads/main/catalog_photos/data/1 - sets/С301-350/318_5.jpg
318_6.jpg,https://raw.githubusercontent.com/Richy5959/lastochka_phono/refs/heads/main/catalog_photos/data/1 - sets/С301-350/318_6.jpg
319_0.jpg,https://raw.githubusercontent.com/Richy5959/lastochka_phono/refs/heads/main/catalog_photos/data/1 - sets/С301-350/319_0.jpg
319_1.jpg,https://raw.githubusercontent.com/Richy5959/lastochka_phono/refs/heads/main/catalog_photos/data/1 - sets/С301-350/319_1.jpg
319_2.jpg,https://raw.githubusercontent.com/Richy5959/lastochka_phono/refs/heads/main/catalog_photos/data/1 - sets/С301-350/319_2.jpg
319_3.jpg,https://raw.githubusercontent.com/Richy5959/lastochka_phono/refs/heads/main/catalog_photos/data/1 - sets/С301-350/319_3.jpg
319_4.jpg,https://raw.githubusercontent.com/Richy5959/lastochka_phono/refs/heads/main/catalog_photos/data/1 - sets/С301-350/319_4.jpg
319_5.jpg,https://raw.githubusercontent.com/Richy5959/lastochka_phono/refs/heads/main/catalog_photos/data/1 - sets/С301-350/319_5.jpg
319_6.jpg,https://raw.githubusercontent.com/Richy5959/lastochka_phono/refs/heads/main/catalog_photos/data/1 - sets/С301-350/319_6.jpg
319_7.jpg,https://raw.githubusercontent.com/Richy5959/lastochka_phono/refs/heads/main/catalog_photos/data/1 - sets/С301-350/319_7.jpg
320_0.JPG,https://raw.githubusercontent.com/Richy5959/lastochka_phono/refs/heads/main/catalog_photos/data/1 - sets/С301-350/320_0.JPG
320_1.jpg,https://raw.githubusercontent.com/Richy5959/lastochka_phono/refs/heads/main/catalog_photos/data/1 - sets/С301-350/320_1.jpg
320_2.jpg,https://raw.githubusercontent.com/Richy5959/lastochka_phono/refs/heads/main/catalog_photos/data/1 - sets/С301-350/320_2.jpg
321_0.jpg,https://raw.githubusercontent.com/Richy5959/lastochka_phono/refs/heads/main/catalog_photos/data/1 - sets/С301-350/321_0.jpg
321_1.jpg,https://raw.githubusercontent.com/Richy5959/lastochka_phono/refs/heads/main/catalog_photos/data/1 - sets/С301-350/321_1.jpg
321_3.jpg,https://raw.githubusercontent.com/Richy5959/lastochka_phono/refs/heads/main/catalog_photos/data/1 - sets/С301-350/321_3.jpg
322_0.jpg,https://raw.githubusercontent.com/Richy5959/lastochka_phono/refs/heads/main/catalog_photos/data/1 - sets/С301-350/322_0.jpg
322_1.jpg,https://raw.githubusercontent.com/Richy5959/lastochka_phono/refs/heads/main/catalog_photos/data/1 - sets/С301-350/322_1.jpg
322_2.jpg,https://raw.githubusercontent.com/Richy5959/lastochka_phono/refs/heads/main/catalog_photos/data/1 - sets/С301-350/322_2.jpg
322_3.jpg,https://raw.githubusercontent.com/Richy5959/lastochka_phono/refs/heads/main/catalog_photos/data/1 - sets/С301-350/322_3.jpg
323_0.jpg,https://raw.githubusercontent.com/Richy5959/lastochka_phono/refs/heads/main/catalog_photos/data/1 - sets/С301-350/323_0.jpg
323_1.jpg,https://raw.githubusercontent.com/Richy5959/lastochka_phono/refs/heads/main/catalog_photos/data/1 - sets/С301-350/323_1.jpg
323_2.jpg,https://raw.githubusercontent.com/Richy5959/lastochka_phono/refs/heads/main/catalog_photos/data/1 - sets/С301-350/323_2.jpg
324_0.jpg,https://raw.githubusercontent.com/Richy5959/lastochka_phono/refs/heads/main/catalog_photos/data/1 - sets/С301-350/324_0.jpg
324_1.jpg,https://raw.githubusercontent.com/Richy5959/lastochka_phono/refs/heads/main/catalog_photos/data/1 - sets/С301-350/324_1.jpg
324_2.jpg,https://raw.githubusercontent.com/Richy5959/lastochka_phono/refs/heads/main/catalog_photos/data/1 - sets/С301-350/324_2.jpg
324_3.jpg,https://raw.githubusercontent.com/Richy5959/lastochka_phono/refs/heads/main/catalog_photos/data/1 - sets/С301-350/324_3.jpg
324_4.jpg,https://raw.githubusercontent.com/Richy5959/lastochka_phono/refs/heads/main/catalog_photos/data/1 - sets/С301-350/324_4.jpg
324_5.jpg,https://raw.githubusercontent.com/Richy5959/lastochka_phono/refs/heads/main/catalog_photos/data/1 - sets/С301-350/324_5.jpg
324_6.jpg,https://raw.githubusercontent.com/Richy5959/lastochka_phono/refs/heads/main/catalog_photos/data/1 - sets/С301-350/324_6.jpg
324_7.jpg,https://raw.githubusercontent.com/Richy5959/lastochka_phono/refs/heads/main/catalog_photos/data/1 - sets/С301-350/324_7.jpg
324_8.jpg,https://raw.githubusercontent.com/Richy5959/lastochka_phono/refs/heads/main/catalog_photos/data/1 - sets/С301-350/324_8.jpg
325_0.jpg,https://raw.githubusercontent.com/Richy5959/lastochka_phono/refs/heads/main/catalog_photos/data/1 - sets/С301-350/325_0.jpg
325_1.jpg,https://raw.githubusercontent.com/Richy5959/lastochka_phono/refs/heads/main/catalog_photos/data/1 - sets/С301-350/325_1.jpg
325_2.jpg,https://raw.githubusercontent.com/Richy5959/lastochka_phono/refs/heads/main/catalog_photos/data/1 - sets/С301-350/325_2.jpg
325_3.jpg,https://raw.githubusercontent.com/Richy5959/lastochka_phono/refs/heads/main/catalog_photos/data/1 - sets/С301-350/325_3.jpg
325_4.jpg,https://raw.githubusercontent.com/Richy5959/lastochka_phono/refs/heads/main/catalog_photos/data/1 - sets/С301-350/325_4.jpg
326_0.jpg,https://raw.githubusercontent.com/Richy5959/lastochka_phono/refs/heads/main/catalog_photos/data/1 - sets/С301-350/326_0.jpg
326_1.jpg,https://raw.githubusercontent.com/Richy5959/lastochka_phono/refs/heads/main/catalog_photos/data/1 - sets/С301-350/326_1.jpg
326_2.jpg,https://raw.githubusercontent.com/Richy5959/lastochka_phono/refs/heads/main/catalog_photos/data/1 - sets/С301-350/326_2.jpg
326_3.jpg,https://raw.githubusercontent.com/Richy5959/lastochka_phono/refs/heads/main/catalog_photos/data/1 - sets/С301-350/326_3.jpg
327_0.jpg,https://raw.githubusercontent.com/Richy5959/lastochka_phono/refs/heads/main/catalog_photos/data/1 - sets/С301-350/327_0.jpg
327_1.jpg,https://raw.githubusercontent.com/Richy5959/lastochka_phono/refs/heads/main/catalog_photos/data/1 - sets/С301-350/327_1.jpg
327_2.jpg,https://raw.githubusercontent.com/Richy5959/lastochka_phono/refs/heads/main/catalog_photos/data/1 - sets/С301-350/327_2.jpg
327_3.jpg,https://raw.githubusercontent.com/Richy5959/lastochka_phono/refs/heads/main/catalog_photos/data/1 - sets/С301-350/327_3.jpg
328_0.jpg,https://raw.githubusercontent.com/Richy5959/lastochka_phono/refs/heads/main/catalog_photos/data/1 - sets/С301-350/328_0.jpg
328_1.jpg,https://raw.githubusercontent.com/Richy5959/lastochka_phono/refs/heads/main/catalog_photos/data/1 - sets/С301-350/328_1.jpg
328_2.jpg,https://raw.githubusercontent.com/Richy5959/lastochka_phono/refs/heads/main/catalog_photos/data/1 - sets/С301-350/328_2.jpg
328_3.jpg,https://raw.githubusercontent.com/Richy5959/lastochka_phono/refs/heads/main/catalog_photos/data/1 - sets/С301-350/328_3.jpg
328_4.jpg,https://raw.githubusercontent.com/Richy5959/lastochka_phono/refs/heads/main/catalog_photos/data/1 - sets/С301-350/328_4.jpg
329_0.jpg,https://raw.githubusercontent.com/Richy5959/lastochka_phono/refs/heads/main/catalog_photos/data/1 - sets/С301-350/329_0.jpg
330_0.jpg,https://raw.githubusercontent.com/Richy5959/lastochka_phono/refs/heads/main/catalog_photos/data/1 - sets/С301-350/330_0.jpg
330_1.jpg,https://raw.githubusercontent.com/Richy5959/lastochka_phono/refs/heads/main/catalog_photos/data/1 - sets/С301-350/330_1.jpg
330_2.jpg,https://raw.githubusercontent.com/Richy5959/lastochka_phono/refs/heads/main/catalog_photos/data/1 - sets/С301-350/330_2.jpg
331_0.jpg,https://raw.githubusercontent.com/Richy5959/lastochka_phono/refs/heads/main/catalog_photos/data/1 - sets/С301-350/331_0.jpg
331_1.jpg,https://raw.githubusercontent.com/Richy5959/lastochka_phono/refs/heads/main/catalog_photos/data/1 - sets/С301-350/331_1.jpg
331_2.jpg,https://raw.githubusercontent.com/Richy5959/lastochka_phono/refs/heads/main/catalog_photos/data/1 - sets/С301-350/331_2.jpg
332_0.jpg,https://raw.githubusercontent.com/Richy5959/lastochka_phono/refs/heads/main/catalog_photos/data/1 - sets/С301-350/332_0.jpg
332_1.jpg,https://raw.githubusercontent.com/Richy5959/lastochka_phono/refs/heads/main/catalog_photos/data/1 - sets/С301-350/332_1.jpg
333_0.jpg,https://raw.githubusercontent.com/Richy5959/lastochka_phono/refs/heads/main/catalog_photos/data/1 - sets/С301-350/333_0.jpg
333_1.jpg,https://raw.githubusercontent.com/Richy5959/lastochka_phono/refs/heads/main/catalog_photos/data/1 - sets/С301-350/333_1.jpg
334.jpg,https://raw.githubusercontent.com/Richy5959/lastochka_phono/refs/heads/main/catalog_photos/data/1 - sets/С301-350/334.jpg
335_10.jpg,https://raw.githubusercontent.com/Richy5959/lastochka_phono/refs/heads/main/catalog_photos/data/1 - sets/С301-350/335_10.jpg
335_11.jpg,https://raw.githubusercontent.com/Richy5959/lastochka_phono/refs/heads/main/catalog_photos/data/1 - sets/С301-350/335_11.jpg
335_12.jpg,https://raw.githubusercontent.com/Richy5959/lastochka_phono/refs/heads/main/catalog_photos/data/1 - sets/С301-350/335_12.jpg
336_0.jpg,https://raw.githubusercontent.com/Richy5959/lastochka_phono/refs/heads/main/catalog_photos/data/1 - sets/С301-350/336_0.jpg
336_1.jpg,https://raw.githubusercontent.com/Richy5959/lastochka_phono/refs/heads/main/catalog_photos/data/1 - sets/С301-350/336_1.jpg
336_2.jpg,https://raw.githubusercontent.com/Richy5959/lastochka_phono/refs/heads/main/catalog_photos/data/1 - sets/С301-350/336_2.jpg
336_3.jpg,https://raw.githubusercontent.com/Richy5959/lastochka_phono/refs/heads/main/catalog_photos/data/1 - sets/С301-350/336_3.jpg
337_0.jpg,https://raw.githubusercontent.com/Richy5959/lastochka_phono/refs/heads/main/catalog_photos/data/1 - sets/С301-350/337_0.jpg
337_1.jpg,https://raw.githubusercontent.com/Richy5959/lastochka_phono/refs/heads/main/catalog_photos/data/1 - sets/С301-350/337_1.jpg
337_2.jpg,https://raw.githubusercontent.com/Richy5959/lastochka_phono/refs/heads/main/catalog_photos/data/1 - sets/С301-350/337_2.jpg
338_0.jpg,https://raw.githubusercontent.com/Richy5959/lastochka_phono/refs/heads/main/catalog_photos/data/1 - sets/С301-350/338_0.jpg
338_1.jpg,https://raw.githubusercontent.com/Richy5959/lastochka_phono/refs/heads/main/catalog_photos/data/1 - sets/С301-350/338_1.jpg
338_2.jpg,https://raw.githubusercontent.com/Richy5959/lastochka_phono/refs/heads/main/catalog_photos/data/1 - sets/С301-350/338_2.jpg
339_0.jpg,https://raw.githubusercontent.com/Richy5959/lastochka_phono/refs/heads/main/catalog_photos/data/1 - sets/С301-350/339_0.jpg
339_1.jpg,https://raw.githubusercontent.com/Richy5959/lastochka_phono/refs/heads/main/catalog_photos/data/1 - sets/С301-350/339_1.jpg
339_2.jpg,https://raw.githubusercontent.com/Richy5959/lastochka_phono/refs/heads/main/catalog_photos/data/1 - sets/С301-350/339_2.jpg
341_0.jpg,https://raw.githubusercontent.com/Richy5959/lastochka_phono/refs/heads/main/catalog_photos/data/1 - sets/С301-350/341_0.jpg
341_1.jpg,https://raw.githubusercontent.com/Richy5959/lastochka_phono/refs/heads/main/catalog_photos/data/1 - sets/С301-350/341_1.jpg
342_0.jpg,https://raw.githubusercontent.com/Richy5959/lastochka_phono/refs/heads/main/catalog_photos/data/1 - sets/С301-350/342_0.jpg
343_0.jpg,https://raw.githubusercontent.com/Richy5959/lastochka_phono/refs/heads/main/catalog_photos/data/1 - sets/С301-350/343_0.jpg
343_1.jpg,https://raw.githubusercontent.com/Richy5959/lastochka_phono/refs/heads/main/catalog_photos/data/1 - sets/С301-350/343_1.jpg
343_2.jpg,https://raw.githubusercontent.com/Richy5959/lastochka_phono/refs/heads/main/catalog_photos/data/1 - sets/С301-350/343_2.jpg
343_3.jpg,https://raw.githubusercontent.com/Richy5959/lastochka_phono/refs/heads/main/catalog_photos/data/1 - sets/С301-350/343_3.jpg
343_4.jpg,https://raw.githubusercontent.com/Richy5959/lastochka_phono/refs/heads/main/catalog_photos/data/1 - sets/С301-350/343_4.jpg
343_5.jpg,https://raw.githubusercontent.com/Richy5959/lastochka_phono/refs/heads/main/catalog_photos/data/1 - sets/С301-350/343_5.jpg
343_6.jpg,https://raw.githubusercontent.com/Richy5959/lastochka_phono/refs/heads/main/catalog_photos/data/1 - sets/С301-350/343_6.jpg
344_0.jpg,https://raw.githubusercontent.com/Richy5959/lastochka_phono/refs/heads/main/catalog_photos/data/1 - sets/С301-350/344_0.jpg
344_1.jpg,https://raw.githubusercontent.com/Richy5959/lastochka_phono/refs/heads/main/catalog_photos/data/1 - sets/С301-350/344_1.jpg
344_2.jpg,https://raw.githubusercontent.com/Richy5959/lastochka_phono/refs/heads/main/catalog_photos/data/1 - sets/С301-350/344_2.jpg
344_3.jpg,https://raw.githubusercontent.com/Richy5959/lastochka_phono/refs/heads/main/catalog_photos/data/1 - sets/С301-350/344_3.jpg
344_4.jpg,https://raw.githubusercontent.com/Richy5959/lastochka_phono/refs/heads/main/catalog_photos/data/1 - sets/С301-350/344_4.jpg
345_0.jpg,https://raw.githubusercontent.com/Richy5959/lastochka_phono/refs/heads/main/catalog_photos/data/1 - sets/С301-350/345_0.jpg
345_1.jpg,https://raw.githubusercontent.com/Richy5959/lastochka_phono/refs/heads/main/catalog_photos/data/1 - sets/С301-350/345_1.jpg
345_2.jpg,https://raw.githubusercontent.com/Richy5959/lastochka_phono/refs/heads/main/catalog_photos/data/1 - sets/С301-350/345_2.jpg
345_3.jpg,https://raw.githubusercontent.com/Richy5959/lastochka_phono/refs/heads/main/catalog_photos/data/1 - sets/С301-350/345_3.jpg
345_30.jpg,https://raw.githubusercontent.com/Richy5959/lastochka_phono/refs/heads/main/catalog_photos/data/1 - sets/С301-350/345_30.jpg
345_31.jpg,https://raw.githubusercontent.com/Richy5959/lastochka_phono/refs/heads/main/catalog_photos/data/1 - sets/С301-350/345_31.jpg
345_32.jpg,https://raw.githubusercontent.com/Richy5959/lastochka_phono/refs/heads/main/catalog_photos/data/1 - sets/С301-350/345_32.jpg
345_33.jpg,https://raw.githubusercontent.com/Richy5959/lastochka_phono/refs/heads/main/catalog_photos/data/1 - sets/С301-350/345_33.jpg
346_0.jpg,https://raw.githubusercontent.com/Richy5959/lastochka_phono/refs/heads/main/catalog_photos/data/1 - sets/С301-350/346_0.jpg
346_1.jpg,https://raw.githubusercontent.com/Richy5959/lastochka_phono/refs/heads/main/catalog_photos/data/1 - sets/С301-350/346_1.jpg
348_3.jpg,https://raw.githubusercontent.com/Richy5959/lastochka_phono/refs/heads/main/catalog_photos/data/1 - sets/С301-350/348_3.jpg
348_4.jpg,https://raw.githubusercontent.com/Richy5959/lastochka_phono/refs/heads/main/catalog_photos/data/1 - sets/С301-350/348_4.jpg
348_5.jpg,https://raw.githubusercontent.com/Richy5959/lastochka_phono/refs/heads/main/catalog_photos/data/1 - sets/С301-350/348_5.jpg
C330_3.jpg,https://raw.githubusercontent.com/Richy5959/lastochka_phono/refs/heads/main/catalog_photos/data/1 - sets/С301-350/C330_3.jpg
C336_4.jpg,https://raw.githubusercontent.com/Richy5959/lastochka_phono/refs/heads/main/catalog_photos/data/1 - sets/С301-350/C336_4.jpg
C336_5.jpg,https://raw.githubusercontent.com/Richy5959/lastochka_phono/refs/heads/main/catalog_photos/data/1 - sets/С301-350/C336_5.jpg
C336_6.jpg,https://raw.githubusercontent.com/Richy5959/lastochka_phono/refs/heads/main/catalog_photos/data/1 - sets/С301-350/C336_6.jpg
C340_0.jpg,https://raw.githubusercontent.com/Richy5959/lastochka_phono/refs/heads/main/catalog_photos/data/1 - sets/С301-350/C340_0.jpg
C347_0.jpg,https://raw.githubusercontent.com/Richy5959/lastochka_phono/refs/heads/main/catalog_photos/data/1 - sets/С301-350/C347_0.jpg
C347_1.jpg,https://raw.githubusercontent.com/Richy5959/lastochka_phono/refs/heads/main/catalog_photos/data/1 - sets/С301-350/C347_1.jpg
C347_2.jpg,https://raw.githubusercontent.com/Richy5959/lastochka_phono/refs/heads/main/catalog_photos/data/1 - sets/С301-350/C347_2.jpg
C348_0.jpg,https://raw.githubusercontent.com/Richy5959/lastochka_phono/refs/heads/main/catalog_photos/data/1 - sets/С301-350/C348_0.jpg
C348_1.jpg,https://raw.githubusercontent.com/Richy5959/lastochka_phono/refs/heads/main/catalog_photos/data/1 - sets/С301-350/C348_1.jpg
C348_10.jpg,https://raw.githubusercontent.com/Richy5959/lastochka_phono/refs/heads/main/catalog_photos/data/1 - sets/С301-350/C348_10.jpg
C348_11.jpg,https://raw.githubusercontent.com/Richy5959/lastochka_phono/refs/heads/main/catalog_photos/data/1 - sets/С301-350/C348_11.jpg
C348_14.jpg,https://raw.githubusercontent.com/Richy5959/lastochka_phono/refs/heads/main/catalog_photos/data/1 - sets/С301-350/C348_14.jpg
C348_6.jpg,https://raw.githubusercontent.com/Richy5959/lastochka_phono/refs/heads/main/catalog_photos/data/1 - sets/С301-350/C348_6.jpg
C348_7.jpg,https://raw.githubusercontent.com/Richy5959/lastochka_phono/refs/heads/main/catalog_photos/data/1 - sets/С301-350/C348_7.jpg
C348_8.jpg,https://raw.githubusercontent.com/Richy5959/lastochka_phono/refs/heads/main/catalog_photos/data/1 - sets/С301-350/C348_8.jpg
C348_9.jpg,https://raw.githubusercontent.com/Richy5959/lastochka_phono/refs/heads/main/catalog_photos/data/1 - sets/С301-350/C348_9.jpg
C349_0.jpg,https://raw.githubusercontent.com/Richy5959/lastochka_phono/refs/heads/main/catalog_photos/data/1 - sets/С301-350/C349_0.jpg
C349_1.jpg,https://raw.githubusercontent.com/Richy5959/lastochka_phono/refs/heads/main/catalog_photos/data/1 - sets/С301-350/C349_1.jpg
C349_2.jpg,https://raw.githubusercontent.com/Richy5959/lastochka_phono/refs/heads/main/catalog_photos/data/1 - sets/С301-350/C349_2.jpg
C349_3.jpg,https://raw.githubusercontent.com/Richy5959/lastochka_phono/refs/heads/main/catalog_photos/data/1 - sets/С301-350/C349_3.jpg
C350_0.jpg,https://raw.githubusercontent.com/Richy5959/lastochka_phono/refs/heads/main/catalog_photos/data/1 - sets/С301-350/C350_0.jpg
C350_1.jpg,https://raw.githubusercontent.com/Richy5959/lastochka_phono/refs/heads/main/catalog_photos/data/1 - sets/С301-350/C350_1.jpg
C350_2.jpg,https://raw.githubusercontent.com/Richy5959/lastochka_phono/refs/heads/main/catalog_photos/data/1 - sets/С301-350/C350_2.jpg
С301_0.jpg,https://raw.githubusercontent.com/Richy5959/lastochka_phono/refs/heads/main/catalog_photos/data/1 - sets/С301-350/С301_0.jpg
С301_1.jpg,https://raw.githubusercontent.com/Richy5959/lastochka_phono/refs/heads/main/catalog_photos/data/1 - sets/С301-350/С301_1.jpg
С301_2.jpg,https://raw.githubusercontent.com/Richy5959/lastochka_phono/refs/heads/main/catalog_photos/data/1 - sets/С301-350/С301_2.jpg
С301_3.jpg,https://raw.githubusercontent.com/Richy5959/lastochka_phono/refs/heads/main/catalog_photos/data/1 - sets/С301-350/С301_3.jpg
С301_4.jpg,https://raw.githubusercontent.com/Richy5959/lastochka_phono/refs/heads/main/catalog_photos/data/1 - sets/С301-350/С301_4.jpg
С301_5.jpg,https://raw.githubusercontent.com/Richy5959/lastochka_phono/refs/heads/main/catalog_photos/data/1 - sets/С301-350/С301_5.jpg
С303_0.jpg,https://raw.githubusercontent.com/Richy5959/lastochka_phono/refs/heads/main/catalog_photos/data/1 - sets/С301-350/С303_0.jpg
С303_1.jpg,https://raw.githubusercontent.com/Richy5959/lastochka_phono/refs/heads/main/catalog_photos/data/1 - sets/С301-350/С303_1.jpg
С303_2.jpg,https://raw.githubusercontent.com/Richy5959/lastochka_phono/refs/heads/main/catalog_photos/data/1 - sets/С301-350/С303_2.jpg
С304_0.jpg,https://raw.githubusercontent.com/Richy5959/lastochka_phono/refs/heads/main/catalog_photos/data/1 - sets/С301-350/С304_0.jpg
С304_1.jpg,https://raw.githubusercontent.com/Richy5959/lastochka_phono/refs/heads/main/catalog_photos/data/1 - sets/С301-350/С304_1.jpg
С304_2.jpg,https://raw.githubusercontent.com/Richy5959/lastochka_phono/refs/heads/main/catalog_photos/data/1 - sets/С301-350/С304_2.jpg
С304_3.jpg,https://raw.githubusercontent.com/Richy5959/lastochka_phono/refs/heads/main/catalog_photos/data/1 - sets/С301-350/С304_3.jpg
C353_0.jpg,https://raw.githubusercontent.com/Richy5959/lastochka_phono/refs/heads/main/catalog_photos/data/1 - sets/С351-400/C353_0.jpg
C353_1.jpg,https://raw.githubusercontent.com/Richy5959/lastochka_phono/refs/heads/main/catalog_photos/data/1 - sets/С351-400/C353_1.jpg
C353_2.jpg,https://raw.githubusercontent.com/Richy5959/lastochka_phono/refs/heads/main/catalog_photos/data/1 - sets/С351-400/C353_2.jpg
C353_3.jpg,https://raw.githubusercontent.com/Richy5959/lastochka_phono/refs/heads/main/catalog_photos/data/1 - sets/С351-400/C353_3.jpg
C356_0.jpg,https://raw.githubusercontent.com/Richy5959/lastochka_phono/refs/heads/main/catalog_photos/data/1 - sets/С351-400/C356_0.jpg
C362_0.jpg,https://raw.githubusercontent.com/Richy5959/lastochka_phono/refs/heads/main/catalog_photos/data/1 - sets/С351-400/C362_0.jpg
C362_1.jpg,https://raw.githubusercontent.com/Richy5959/lastochka_phono/refs/heads/main/catalog_photos/data/1 - sets/С351-400/C362_1.jpg
C362_2.jpg,https://raw.githubusercontent.com/Richy5959/lastochka_phono/refs/heads/main/catalog_photos/data/1 - sets/С351-400/C362_2.jpg
C362_3.jpg,https://raw.githubusercontent.com/Richy5959/lastochka_phono/refs/heads/main/catalog_photos/data/1 - sets/С351-400/C362_3.jpg
C362_4.jpg,https://raw.githubusercontent.com/Richy5959/lastochka_phono/refs/heads/main/catalog_photos/data/1 - sets/С351-400/C362_4.jpg
C362_5.jpg,https://raw.githubusercontent.com/Richy5959/lastochka_phono/refs/heads/main/catalog_photos/data/1 - sets/С351-400/C362_5.jpg
C363.jpg,https://raw.githubusercontent.com/Richy5959/lastochka_phono/refs/heads/main/catalog_photos/data/1 - sets/С351-400/C363.jpg
C364_0.jpg,https://raw.githubusercontent.com/Richy5959/lastochka_phono/refs/heads/main/catalog_photos/data/1 - sets/С351-400/C364_0.jpg
C364_1.jpg,https://raw.githubusercontent.com/Richy5959/lastochka_phono/refs/heads/main/catalog_photos/data/1 - sets/С351-400/C364_1.jpg
C364_2.jpg,https://raw.githubusercontent.com/Richy5959/lastochka_phono/refs/heads/main/catalog_photos/data/1 - sets/С351-400/C364_2.jpg
C364_3.jpg,https://raw.githubusercontent.com/Richy5959/lastochka_phono/refs/heads/main/catalog_photos/data/1 - sets/С351-400/C364_3.jpg
C364_4.jpg,https://raw.githubusercontent.com/Richy5959/lastochka_phono/refs/heads/main/catalog_photos/data/1 - sets/С351-400/C364_4.jpg
C368_20.jpg,https://raw.githubusercontent.com/Richy5959/lastochka_phono/refs/heads/main/catalog_photos/data/1 - sets/С351-400/C368_20.jpg
C368_21.jpg,https://raw.githubusercontent.com/Richy5959/lastochka_phono/refs/heads/main/catalog_photos/data/1 - sets/С351-400/C368_21.jpg
C368_22.jpg,https://raw.githubusercontent.com/Richy5959/lastochka_phono/refs/heads/main/catalog_photos/data/1 - sets/С351-400/C368_22.jpg
C368_23.jpg,https://raw.githubusercontent.com/Richy5959/lastochka_phono/refs/heads/main/catalog_photos/data/1 - sets/С351-400/C368_23.jpg
C368_24.jpg,https://raw.githubusercontent.com/Richy5959/lastochka_phono/refs/heads/main/catalog_photos/data/1 - sets/С351-400/C368_24.jpg
C368_25.jpg,https://raw.githubusercontent.com/Richy5959/lastochka_phono/refs/heads/main/catalog_photos/data/1 - sets/С351-400/C368_25.jpg
C55_40.jpg,https://raw.githubusercontent.com/Richy5959/lastochka_phono/refs/heads/main/catalog_photos/data/1 - sets/С51-100/C55_40.jpg
C55_41.jpg,https://raw.githubusercontent.com/Richy5959/lastochka_phono/refs/heads/main/catalog_photos/data/1 - sets/С51-100/C55_41.jpg
C55_42.jpg,https://raw.githubusercontent.com/Richy5959/lastochka_phono/refs/heads/main/catalog_photos/data/1 - sets/С51-100/C55_42.jpg
C55_43.jpg,https://raw.githubusercontent.com/Richy5959/lastochka_phono/refs/heads/main/catalog_photos/data/1 - sets/С51-100/C55_43.jpg
C55_44.jpg,https://raw.githubusercontent.com/Richy5959/lastochka_phono/refs/heads/main/catalog_photos/data/1 - sets/С51-100/C55_44.jpg
C55_45.jpg,https://raw.githubusercontent.com/Richy5959/lastochka_phono/refs/heads/main/catalog_photos/data/1 - sets/С51-100/C55_45.jpg
C55_лео1.jpg,https://raw.githubusercontent.com/Richy5959/lastochka_phono/refs/heads/main/catalog_photos/data/1 - sets/С51-100/C55_лео1.jpg
C55_лео2.jpg,https://raw.githubusercontent.com/Richy5959/lastochka_phono/refs/heads/main/catalog_photos/data/1 - sets/С51-100/C55_лео2.jpg
C60_0.jpg,https://raw.githubusercontent.com/Richy5959/lastochka_phono/refs/heads/main/catalog_photos/data/1 - sets/С51-100/C60_0.jpg
C60_1.jpg,https://raw.githubusercontent.com/Richy5959/lastochka_phono/refs/heads/main/catalog_photos/data/1 - sets/С51-100/C60_1.jpg
C60_10.jpg,https://raw.githubusercontent.com/Richy5959/lastochka_phono/refs/heads/main/catalog_photos/data/1 - sets/С51-100/C60_10.jpg
C60_11.jpg,https://raw.githubusercontent.com/Richy5959/lastochka_phono/refs/heads/main/catalog_photos/data/1 - sets/С51-100/C60_11.jpg
C60_2.jpg,https://raw.githubusercontent.com/Richy5959/lastochka_phono/refs/heads/main/catalog_photos/data/1 - sets/С51-100/C60_2.jpg
C60_3.jpg,https://raw.githubusercontent.com/Richy5959/lastochka_phono/refs/heads/main/catalog_photos/data/1 - sets/С51-100/C60_3.jpg
C60_4.jpg,https://raw.githubusercontent.com/Richy5959/lastochka_phono/refs/heads/main/catalog_photos/data/1 - sets/С51-100/C60_4.jpg
C60_5.jpg,https://raw.githubusercontent.com/Richy5959/lastochka_phono/refs/heads/main/catalog_photos/data/1 - sets/С51-100/C60_5.jpg
C60_6.jpg,https://raw.githubusercontent.com/Richy5959/lastochka_phono/refs/heads/main/catalog_photos/data/1 - sets/С51-100/C60_6.jpg
C60_7.jpg,https://raw.githubusercontent.com/Richy5959/lastochka_phono/refs/heads/main/catalog_photos/data/1 - sets/С51-100/C60_7.jpg
C60_8.jpg,https://raw.githubusercontent.com/Richy5959/lastochka_phono/refs/heads/main/catalog_photos/data/1 - sets/С51-100/C60_8.jpg
C60_9.jpg,https://raw.githubusercontent.com/Richy5959/lastochka_phono/refs/heads/main/catalog_photos/data/1 - sets/С51-100/C60_9.jpg
C96_4.jpg,https://raw.githubusercontent.com/Richy5959/lastochka_phono/refs/heads/main/catalog_photos/data/1 - sets/С51-100/C96_4.jpg
С55_0.jpg,https://raw.githubusercontent.com/Richy5959/lastochka_phono/refs/heads/main/catalog_photos/data/1 - sets/С51-100/С55_0.jpg
С55_1.jpg,https://raw.githubusercontent.com/Richy5959/lastochka_phono/refs/heads/main/catalog_photos/data/1 - sets/С51-100/С55_1.jpg
С55_2.jpg,https://raw.githubusercontent.com/Richy5959/lastochka_phono/refs/heads/main/catalog_photos/data/1 - sets/С51-100/С55_2.jpg
С55_6.jpg,https://raw.githubusercontent.com/Richy5959/lastochka_phono/refs/heads/main/catalog_photos/data/1 - sets/С51-100/С55_6.jpg
С82.jpg,https://raw.githubusercontent.com/Richy5959/lastochka_phono/refs/heads/main/catalog_photos/data/1 - sets/С51-100/С82.jpg
С82_2.jpg,https://raw.githubusercontent.com/Richy5959/lastochka_phono/refs/heads/main/catalog_photos/data/1 - sets/С51-100/С82_2.jpg
С83_0.jpg,https://raw.githubusercontent.com/Richy5959/lastochka_phono/refs/heads/main/catalog_photos/data/1 - sets/С51-100/С83_0.jpg
С83_1.jpg,https://raw.githubusercontent.com/Richy5959/lastochka_phono/refs/heads/main/catalog_photos/data/1 - sets/С51-100/С83_1.jpg
С83_2.jpg,https://raw.githubusercontent.com/Richy5959/lastochka_phono/refs/heads/main/catalog_photos/data/1 - sets/С51-100/С83_2.jpg
С83_3.jpg,https://raw.githubusercontent.com/Richy5959/lastochka_phono/refs/heads/main/catalog_photos/data/1 - sets/С51-100/С83_3.jpg
С84_1.jpg,https://raw.githubusercontent.com/Richy5959/lastochka_phono/refs/heads/main/catalog_photos/data/1 - sets/С51-100/С84_1.jpg
С84_2.jpg,https://raw.githubusercontent.com/Richy5959/lastochka_phono/refs/heads/main/catalog_photos/data/1 - sets/С51-100/С84_2.jpg
С84_3.jpg,https://raw.githubusercontent.com/Richy5959/lastochka_phono/refs/heads/main/catalog_photos/data/1 - sets/С51-100/С84_3.jpg
С84_9.jpg,https://raw.githubusercontent.com/Richy5959/lastochka_phono/refs/heads/main/catalog_photos/data/1 - sets/С51-100/С84_9.jpg
С87_1.jpg,https://raw.githubusercontent.com/Richy5959/lastochka_phono/refs/heads/main/catalog_photos/data/1 - sets/С51-100/С87_1.jpg
С87_2.jpg,https://raw.githubusercontent.com/Richy5959/lastochka_phono/refs/heads/main/catalog_photos/data/1 - sets/С51-100/С87_2.jpg
С87_3.jpg,https://raw.githubusercontent.com/Richy5959/lastochka_phono/refs/heads/main/catalog_photos/data/1 - sets/С51-100/С87_3.jpg
С91_1.jpg,https://raw.githubusercontent.com/Richy5959/lastochka_phono/refs/heads/main/catalog_photos/data/1 - sets/С51-100/С91_1.jpg
С91_2.jpg,https://raw.githubusercontent.com/Richy5959/lastochka_phono/refs/heads/main/catalog_photos/data/1 - sets/С51-100/С91_2.jpg
С91_3.jpg,https://raw.githubusercontent.com/Richy5959/lastochka_phono/refs/heads/main/catalog_photos/data/1 - sets/С51-100/С91_3.jpg
С94_1.jpg,https://raw.githubusercontent.com/Richy5959/lastochka_phono/refs/heads/main/catalog_photos/data/1 - sets/С51-100/С94_1.jpg
С94_2.jpg,https://raw.githubusercontent.com/Richy5959/lastochka_phono/refs/heads/main/catalog_photos/data/1 - sets/С51-100/С94_2.jpg
С94_3.jpg,https://raw.githubusercontent.com/Richy5959/lastochka_phono/refs/heads/main/catalog_photos/data/1 - sets/С51-100/С94_3.jpg
С94_4.jpg,https://raw.githubusercontent.com/Richy5959/lastochka_phono/refs/heads/main/catalog_photos/data/1 - sets/С51-100/С94_4.jpg
С94_9.jpg,https://raw.githubusercontent.com/Richy5959/lastochka_phono/refs/heads/main/catalog_photos/data/1 - sets/С51-100/С94_9.jpg
С96_1.jpg,https://raw.githubusercontent.com/Richy5959/lastochka_phono/refs/heads/main/catalog_photos/data/1 - sets/С51-100/С96_1.jpg
С96_2.jpg,https://raw.githubusercontent.com/Richy5959/lastochka_phono/refs/heads/main/catalog_photos/data/1 - sets/С51-100/С96_2.jpg
С96_3.jpg,https://raw.githubusercontent.com/Richy5959/lastochka_phono/refs/heads/main/catalog_photos/data/1 - sets/С51-100/С96_3.jpg
K104.jpg,https://raw.githubusercontent.com/Richy5959/lastochka_phono/refs/heads/main/catalog_photos/data/10 - chulki/K104.jpg
K106.jpg,https://raw.githubusercontent.com/Richy5959/lastochka_phono/refs/heads/main/catalog_photos/data/10 - chulki/K106.jpg
K109.jpg,https://raw.githubusercontent.com/Richy5959/lastochka_phono/refs/heads/main/catalog_photos/data/10 - chulki/K109.jpg
K110.jpg,https://raw.githubusercontent.com/Richy5959/lastochka_phono/refs/heads/main/catalog_photos/data/10 - chulki/K110.jpg
K111.jpg,https://raw.githubusercontent.com/Richy5959/lastochka_phono/refs/heads/main/catalog_photos/data/10 - chulki/K111.jpg
K124.jpg,https://raw.githubusercontent.com/Richy5959/lastochka_phono/refs/heads/main/catalog_photos/data/10 - chulki/K124.jpg
K125.jpg,https://raw.githubusercontent.com/Richy5959/lastochka_phono/refs/heads/main/catalog_photos/data/10 - chulki/K125.jpg
11_10.jpg,https://raw.githubusercontent.com/Richy5959/lastochka_phono/refs/heads/main/catalog_photos/data/2 - bras_bralets/Б1-50/11_10.jpg
11_7.jpg,https://raw.githubusercontent.com/Richy5959/lastochka_phono/refs/heads/main/catalog_photos/data/2 - bras_bralets/Б1-50/11_7.jpg
11_8.jpg,https://raw.githubusercontent.com/Richy5959/lastochka_phono/refs/heads/main/catalog_photos/data/2 - bras_bralets/Б1-50/11_8.jpg
11_9.jpg,https://raw.githubusercontent.com/Richy5959/lastochka_phono/refs/heads/main/catalog_photos/data/2 - bras_bralets/Б1-50/11_9.jpg
12_0.jpg,https://raw.githubusercontent.com/Richy5959/lastochka_phono/refs/heads/main/catalog_photos/data/2 - bras_bralets/Б1-50/12_0.jpg
12_1.jpg,https://raw.githubusercontent.com/Richy5959/lastochka_phono/refs/heads/main/catalog_photos/data/2 - bras_bralets/Б1-50/12_1.jpg
12_2.jpg,https://raw.githubusercontent.com/Richy5959/lastochka_phono/refs/heads/main/catalog_photos/data/2 - bras_bralets/Б1-50/12_2.jpg
13_20.jpg,https://raw.githubusercontent.com/Richy5959/lastochka_phono/refs/heads/main/catalog_photos/data/2 - bras_bralets/Б1-50/13_20.jpg
13_21.jpg,https://raw.githubusercontent.com/Richy5959/lastochka_phono/refs/heads/main/catalog_photos/data/2 - bras_bralets/Б1-50/13_21.jpg
13_22.jpg,https://raw.githubusercontent.com/Richy5959/lastochka_phono/refs/heads/main/catalog_photos/data/2 - bras_bralets/Б1-50/13_22.jpg
13_23.jpg,https://raw.githubusercontent.com/Richy5959/lastochka_phono/refs/heads/main/catalog_photos/data/2 - bras_bralets/Б1-50/13_23.jpg
15_0.jpg,https://raw.githubusercontent.com/Richy5959/lastochka_phono/refs/heads/main/catalog_photos/data/2 - bras_bralets/Б1-50/15_0.jpg
15_1.jpg,https://raw.githubusercontent.com/Richy5959/lastochka_phono/refs/heads/main/catalog_photos/data/2 - bras_bralets/Б1-50/15_1.jpg
15_2.jpg,https://raw.githubusercontent.com/Richy5959/lastochka_phono/refs/heads/main/catalog_photos/data/2 - bras_bralets/Б1-50/15_2.jpg
15_3.jpg,https://raw.githubusercontent.com/Richy5959/lastochka_phono/refs/heads/main/catalog_photos/data/2 - bras_bralets/Б1-50/15_3.jpg
15_31.jpg,https://raw.githubusercontent.com/Richy5959/lastochka_phono/refs/heads/main/catalog_photos/data/2 - bras_bralets/Б1-50/15_31.jpg
15_32.jpg,https://raw.githubusercontent.com/Richy5959/lastochka_phono/refs/heads/main/catalog_photos/data/2 - bras_bralets/Б1-50/15_32.jpg
15_33.jpg,https://raw.githubusercontent.com/Richy5959/lastochka_phono/refs/heads/main/catalog_photos/data/2 - bras_bralets/Б1-50/15_33.jpg
15_4.jpg,https://raw.githubusercontent.com/Richy5959/lastochka_phono/refs/heads/main/catalog_photos/data/2 - bras_bralets/Б1-50/15_4.jpg
16_21.jpg,https://raw.githubusercontent.com/Richy5959/lastochka_phono/refs/heads/main/catalog_photos/data/2 - bras_bralets/Б1-50/16_21.jpg
16_22.jpg,https://raw.githubusercontent.com/Richy5959/lastochka_phono/refs/heads/main/catalog_photos/data/2 - bras_bralets/Б1-50/16_22.jpg
16_23.jpg,https://raw.githubusercontent.com/Richy5959/lastochka_phono/refs/heads/main/catalog_photos/data/2 - bras_bralets/Б1-50/16_23.jpg
19.jpg,https://raw.githubusercontent.com/Richy5959/lastochka_phono/refs/heads/main/catalog_photos/data/2 - bras_bralets/Б1-50/19.jpg
1_31.jpg,https://raw.githubusercontent.com/Richy5959/lastochka_phono/refs/heads/main/catalog_photos/data/2 - bras_bralets/Б1-50/1_31.jpg
1_32.jpg,https://raw.githubusercontent.com/Richy5959/lastochka_phono/refs/heads/main/catalog_photos/data/2 - bras_bralets/Б1-50/1_32.jpg
1_33.jpg,https://raw.githubusercontent.com/Richy5959/lastochka_phono/refs/heads/main/catalog_photos/data/2 - bras_bralets/Б1-50/1_33.jpg
1_34.jpg,https://raw.githubusercontent.com/Richy5959/lastochka_phono/refs/heads/main/catalog_photos/data/2 - bras_bralets/Б1-50/1_34.jpg
20_0.jpg,https://raw.githubusercontent.com/Richy5959/lastochka_phono/refs/heads/main/catalog_photos/data/2 - bras_bralets/Б1-50/20_0.jpg
20_1.jpg,https://raw.githubusercontent.com/Richy5959/lastochka_phono/refs/heads/main/catalog_photos/data/2 - bras_bralets/Б1-50/20_1.jpg
21_0.jpg,https://raw.githubusercontent.com/Richy5959/lastochka_phono/refs/heads/main/catalog_photos/data/2 - bras_bralets/Б1-50/21_0.jpg
21_1.jpg,https://raw.githubusercontent.com/Richy5959/lastochka_phono/refs/heads/main/catalog_photos/data/2 - bras_bralets/Б1-50/21_1.jpg
23_0.jpg,https://raw.githubusercontent.com/Richy5959/lastochka_phono/refs/heads/main/catalog_photos/data/2 - bras_bralets/Б1-50/23_0.jpg
23_1.jpg,https://raw.githubusercontent.com/Richy5959/lastochka_phono/refs/heads/main/catalog_photos/data/2 - bras_bralets/Б1-50/23_1.jpg
23_2.jpg,https://raw.githubusercontent.com/Richy5959/lastochka_phono/refs/heads/main/catalog_photos/data/2 - bras_bralets/Б1-50/23_2.jpg
24_0.jpg,https://raw.githubusercontent.com/Richy5959/lastochka_phono/refs/heads/main/catalog_photos/data/2 - bras_bralets/Б1-50/24_0.jpg
24_1.jpg,https://raw.githubusercontent.com/Richy5959/lastochka_phono/refs/heads/main/catalog_photos/data/2 - bras_bralets/Б1-50/24_1.jpg
25_0.jpg,https://raw.githubusercontent.com/Richy5959/lastochka_phono/refs/heads/main/catalog_photos/data/2 - bras_bralets/Б1-50/25_0.jpg
25_1.jpg,https://raw.githubusercontent.com/Richy5959/lastochka_phono/refs/heads/main/catalog_photos/data/2 - bras_bralets/Б1-50/25_1.jpg
25_2.jpg,https://raw.githubusercontent.com/Richy5959/lastochka_phono/refs/heads/main/catalog_photos/data/2 - bras_bralets/Б1-50/25_2.jpg
27_0.jpg,https://raw.githubusercontent.com/Richy5959/lastochka_phono/refs/heads/main/catalog_photos/data/2 - bras_bralets/Б1-50/27_0.jpg
27_1.jpg,https://raw.githubusercontent.com/Richy5959/lastochka_phono/refs/heads/main/catalog_photos/data/2 - bras_bralets/Б1-50/27_1.jpg
27_2.jpg,https://raw.githubusercontent.com/Richy5959/lastochka_phono/refs/heads/main/catalog_photos/data/2 - bras_bralets/Б1-50/27_2.jpg
29.jpg,https://raw.githubusercontent.com/Richy5959/lastochka_phono/refs/heads/main/catalog_photos/data/2 - bras_bralets/Б1-50/29.jpg
29_0.jpg,https://raw.githubusercontent.com/Richy5959/lastochka_phono/refs/heads/main/catalog_photos/data/2 - bras_bralets/Б1-50/29_0.jpg
29_2.jpg,https://raw.githubusercontent.com/Richy5959/lastochka_phono/refs/heads/main/catalog_photos/data/2 - bras_bralets/Б1-50/29_2.jpg
29_3.jpg,https://raw.githubusercontent.com/Richy5959/lastochka_phono/refs/heads/main/catalog_photos/data/2 - bras_bralets/Б1-50/29_3.jpg
29_4.jpg,https://raw.githubusercontent.com/Richy5959/lastochka_phono/refs/heads/main/catalog_photos/data/2 - bras_bralets/Б1-50/29_4.jpg
2_10.jpg,https://raw.githubusercontent.com/Richy5959/lastochka_phono/refs/heads/main/catalog_photos/data/2 - bras_bralets/Б1-50/2_10.jpg
2_11.jpg,https://raw.githubusercontent.com/Richy5959/lastochka_phono/refs/heads/main/catalog_photos/data/2 - bras_bralets/Б1-50/2_11.jpg
2_12.jpg,https://raw.githubusercontent.com/Richy5959/lastochka_phono/refs/heads/main/catalog_photos/data/2 - bras_bralets/Б1-50/2_12.jpg
31_13.jpg,https://raw.githubusercontent.com/Richy5959/lastochka_phono/refs/heads/main/catalog_photos/data/2 - bras_bralets/Б1-50/31_13.jpg
31_14.jpg,https://raw.githubusercontent.com/Richy5959/lastochka_phono/refs/heads/main/catalog_photos/data/2 - bras_bralets/Б1-50/31_14.jpg
31_15.jpg,https://raw.githubusercontent.com/Richy5959/lastochka_phono/refs/heads/main/catalog_photos/data/2 - bras_bralets/Б1-50/31_15.jpg
32_4.jpg,https://raw.githubusercontent.com/Richy5959/lastochka_phono/refs/heads/main/catalog_photos/data/2 - bras_bralets/Б1-50/32_4.jpg
32_5.jpg,https://raw.githubusercontent.com/Richy5959/lastochka_phono/refs/heads/main/catalog_photos/data/2 - bras_bralets/Б1-50/32_5.jpg
33_0.jpg,https://raw.githubusercontent.com/Richy5959/lastochka_phono/refs/heads/main/catalog_photos/data/2 - bras_bralets/Б1-50/33_0.jpg
33_1.jpg,https://raw.githubusercontent.com/Richy5959/lastochka_phono/refs/heads/main/catalog_photos/data/2 - bras_bralets/Б1-50/33_1.jpg
35_0.jpg,https://raw.githubusercontent.com/Richy5959/lastochka_phono/refs/heads/main/catalog_photos/data/2 - bras_bralets/Б1-50/35_0.jpg
35_1.jpg,https://raw.githubusercontent.com/Richy5959/lastochka_phono/refs/heads/main/catalog_photos/data/2 - bras_bralets/Б1-50/35_1.jpg
35_2.jpg,https://raw.githubusercontent.com/Richy5959/lastochka_phono/refs/heads/main/catalog_photos/data/2 - bras_bralets/Б1-50/35_2.jpg
35_3.jpg,https://raw.githubusercontent.com/Richy5959/lastochka_phono/refs/heads/main/catalog_photos/data/2 - bras_bralets/Б1-50/35_3.jpg
36_0.jpg,https://raw.githubusercontent.com/Richy5959/lastochka_phono/refs/heads/main/catalog_photos/data/2 - bras_bralets/Б1-50/36_0.jpg
36_1.jpg,https://raw.githubusercontent.com/Richy5959/lastochka_phono/refs/heads/main/catalog_photos/data/2 - bras_bralets/Б1-50/36_1.jpg
36_2.jpg,https://raw.githubusercontent.com/Richy5959/lastochka_phono/refs/heads/main/catalog_photos/data/2 - bras_bralets/Б1-50/36_2.jpg
36_3.jpg,https://raw.githubusercontent.com/Richy5959/lastochka_phono/refs/heads/main/catalog_photos/data/2 - bras_bralets/Б1-50/36_3.jpg
36_4.jpg,https://raw.githubusercontent.com/Richy5959/lastochka_phono/refs/heads/main/catalog_photos/data/2 - bras_bralets/Б1-50/36_4.jpg
37_0.jpg,https://raw.githubusercontent.com/Richy5959/lastochka_phono/refs/heads/main/catalog_photos/data/2 - bras_bralets/Б1-50/37_0.jpg
37_1.jpg,https://raw.githubusercontent.com/Richy5959/lastochka_phono/refs/heads/main/catalog_photos/data/2 - bras_bralets/Б1-50/37_1.jpg
37_2.jpg,https://raw.githubusercontent.com/Richy5959/lastochka_phono/refs/heads/main/catalog_photos/data/2 - bras_bralets/Б1-50/37_2.jpg
38_0.jpg,https://raw.githubusercontent.com/Richy5959/lastochka_phono/refs/heads/main/catalog_photos/data/2 - bras_bralets/Б1-50/38_0.jpg
38_1.jpg,https://raw.githubusercontent.com/Richy5959/lastochka_phono/refs/heads/main/catalog_photos/data/2 - bras_bralets/Б1-50/38_1.jpg
38_2.jpg,https://raw.githubusercontent.com/Richy5959/lastochka_phono/refs/heads/main/catalog_photos/data/2 - bras_bralets/Б1-50/38_2.jpg
38_3.jpg,https://raw.githubusercontent.com/Richy5959/lastochka_phono/refs/heads/main/catalog_photos/data/2 - bras_bralets/Б1-50/38_3.jpg
38_4.jpg,https://raw.githubusercontent.com/Richy5959/lastochka_phono/refs/heads/main/catalog_photos/data/2 - bras_bralets/Б1-50/38_4.jpg
38_5.jpg,https://raw.githubusercontent.com/Richy5959/lastochka_phono/refs/heads/main/catalog_photos/data/2 - bras_bralets/Б1-50/38_5.jpg
39_0.jpg,https://raw.githubusercontent.com/Richy5959/lastochka_phono/refs/heads/main/catalog_photos/data/2 - bras_bralets/Б1-50/39_0.jpg
39_1.jpg,https://raw.githubusercontent.com/Richy5959/lastochka_phono/refs/heads/main/catalog_photos/data/2 - bras_bralets/Б1-50/39_1.jpg
39_2.jpg,https://raw.githubusercontent.com/Richy5959/lastochka_phono/refs/heads/main/catalog_photos/data/2 - bras_bralets/Б1-50/39_2.jpg
39_3.jpg,https://raw.githubusercontent.com/Richy5959/lastochka_phono/refs/heads/main/catalog_photos/data/2 - bras_bralets/Б1-50/39_3.jpg
3_20.jpg,https://raw.githubusercontent.com/Richy5959/lastochka_phono/refs/heads/main/catalog_photos/data/2 - bras_bralets/Б1-50/3_20.jpg
3_21.jpg,https://raw.githubusercontent.com/Richy5959/lastochka_phono/refs/heads/main/catalog_photos/data/2 - bras_bralets/Б1-50/3_21.jpg
3_22.jpg,https://raw.githubusercontent.com/Richy5959/lastochka_phono/refs/heads/main/catalog_photos/data/2 - bras_bralets/Б1-50/3_22.jpg
3_23.jpg,https://raw.githubusercontent.com/Richy5959/lastochka_phono/refs/heads/main/catalog_photos/data/2 - bras_bralets/Б1-50/3_23.jpg
40_1.jpg,https://raw.githubusercontent.com/Richy5959/lastochka_phono/refs/heads/main/catalog_photos/data/2 - bras_bralets/Б1-50/40_1.jpg
40_2.jpg,https://raw.githubusercontent.com/Richy5959/lastochka_phono/refs/heads/main/catalog_photos/data/2 - bras_bralets/Б1-50/40_2.jpg
40_3.jpg,https://raw.githubusercontent.com/Richy5959/lastochka_phono/refs/heads/main/catalog_photos/data/2 - bras_bralets/Б1-50/40_3.jpg
40_4.jpg,https://raw.githubusercontent.com/Richy5959/lastochka_phono/refs/heads/main/catalog_photos/data/2 - bras_bralets/Б1-50/40_4.jpg
40_5.jpg,https://raw.githubusercontent.com/Richy5959/lastochka_phono/refs/heads/main/catalog_photos/data/2 - bras_bralets/Б1-50/40_5.jpg
41_1.jpg,https://raw.githubusercontent.com/Richy5959/lastochka_phono/refs/heads/main/catalog_photos/data/2 - bras_bralets/Б1-50/41_1.jpg
41_2.jpg,https://raw.githubusercontent.com/Richy5959/lastochka_phono/refs/heads/main/catalog_photos/data/2 - bras_bralets/Б1-50/41_2.jpg
41_3.jpg,https://raw.githubusercontent.com/Richy5959/lastochka_phono/refs/heads/main/catalog_photos/data/2 - bras_bralets/Б1-50/41_3.jpg
41_4.jpg,https://raw.githubusercontent.com/Richy5959/lastochka_phono/refs/heads/main/catalog_photos/data/2 - bras_bralets/Б1-50/41_4.jpg
41_5.jpg,https://raw.githubusercontent.com/Richy5959/lastochka_phono/refs/heads/main/catalog_photos/data/2 - bras_bralets/Б1-50/41_5.jpg
41_6.jpg,https://raw.githubusercontent.com/Richy5959/lastochka_phono/refs/heads/main/catalog_photos/data/2 - bras_bralets/Б1-50/41_6.jpg
41_7.jpg,https://raw.githubusercontent.com/Richy5959/lastochka_phono/refs/heads/main/catalog_photos/data/2 - bras_bralets/Б1-50/41_7.jpg
42_0.jpg,https://raw.githubusercontent.com/Richy5959/lastochka_phono/refs/heads/main/catalog_photos/data/2 - bras_bralets/Б1-50/42_0.jpg
42_1.jpg,https://raw.githubusercontent.com/Richy5959/lastochka_phono/refs/heads/main/catalog_photos/data/2 - bras_bralets/Б1-50/42_1.jpg
42_2.jpg,https://raw.githubusercontent.com/Richy5959/lastochka_phono/refs/heads/main/catalog_photos/data/2 - bras_bralets/Б1-50/42_2.jpg
43.JPG,https://raw.githubusercontent.com/Richy5959/lastochka_phono/refs/heads/main/catalog_photos/data/2 - bras_bralets/Б1-50/43.JPG
43_back.jpg,https://raw.githubusercontent.com/Richy5959/lastochka_phono/refs/heads/main/catalog_photos/data/2 - bras_bralets/Б1-50/43_back.jpg
44_0.jpg,https://raw.githubusercontent.com/Richy5959/lastochka_phono/refs/heads/main/catalog_photos/data/2 - bras_bralets/Б1-50/44_0.jpg
44_1.jpg,https://raw.githubusercontent.com/Richy5959/lastochka_phono/refs/heads/main/catalog_photos/data/2 - bras_bralets/Б1-50/44_1.jpg
44_2.jpg,https://raw.githubusercontent.com/Richy5959/lastochka_phono/refs/heads/main/catalog_photos/data/2 - bras_bralets/Б1-50/44_2.jpg
44_30.jpg,https://raw.githubusercontent.com/Richy5959/lastochka_phono/refs/heads/main/catalog_photos/data/2 - bras_bralets/Б1-50/44_30.jpg
44_31.jpg,https://raw.githubusercontent.com/Richy5959/lastochka_phono/refs/heads/main/catalog_photos/data/2 - bras_bralets/Б1-50/44_31.jpg
44_8.jpg,https://raw.githubusercontent.com/Richy5959/lastochka_phono/refs/heads/main/catalog_photos/data/2 - bras_bralets/Б1-50/44_8.jpg
45.JPG,https://raw.githubusercontent.com/Richy5959/lastochka_phono/refs/heads/main/catalog_photos/data/2 - bras_bralets/Б1-50/45.JPG
46.JPG,https://raw.githubusercontent.com/Richy5959/lastochka_phono/refs/heads/main/catalog_photos/data/2 - bras_bralets/Б1-50/46.JPG
47.JPG,https://raw.githubusercontent.com/Richy5959/lastochka_phono/refs/heads/main/catalog_photos/data/2 - bras_bralets/Б1-50/47.JPG
48_0.jpg,https://raw.githubusercontent.com/Richy5959/lastochka_phono/refs/heads/main/catalog_photos/data/2 - bras_bralets/Б1-50/48_0.jpg
48_1.jpg,https://raw.githubusercontent.com/Richy5959/lastochka_phono/refs/heads/main/catalog_photos/data/2 - bras_bralets/Б1-50/48_1.jpg
48_2.jpg,https://raw.githubusercontent.com/Richy5959/lastochka_phono/refs/heads/main/catalog_photos/data/2 - bras_bralets/Б1-50/48_2.jpg
48_3.jpg,https://raw.githubusercontent.com/Richy5959/lastochka_phono/refs/heads/main/catalog_photos/data/2 - bras_bralets/Б1-50/48_3.jpg
49.JPG,https://raw.githubusercontent.com/Richy5959/lastochka_phono/refs/heads/main/catalog_photos/data/2 - bras_bralets/Б1-50/49.JPG
49_back.jpg,https://raw.githubusercontent.com/Richy5959/lastochka_phono/refs/heads/main/catalog_photos/data/2 - bras_bralets/Б1-50/49_back.jpg
50_0.jpg,https://raw.githubusercontent.com/Richy5959/lastochka_phono/refs/heads/main/catalog_photos/data/2 - bras_bralets/Б1-50/50_0.jpg
50_1.jpg,https://raw.githubusercontent.com/Richy5959/lastochka_phono/refs/heads/main/catalog_photos/data/2 - bras_bralets/Б1-50/50_1.jpg
50_2.jpg,https://raw.githubusercontent.com/Richy5959/lastochka_phono/refs/heads/main/catalog_photos/data/2 - bras_bralets/Б1-50/50_2.jpg
6_8.jpg,https://raw.githubusercontent.com/Richy5959/lastochka_phono/refs/heads/main/catalog_photos/data/2 - bras_bralets/Б1-50/6_8.jpg
6_9.jpg,https://raw.githubusercontent.com/Richy5959/lastochka_phono/refs/heads/main/catalog_photos/data/2 - bras_bralets/Б1-50/6_9.jpg
8.jpg,https://raw.githubusercontent.com/Richy5959/lastochka_phono/refs/heads/main/catalog_photos/data/2 - bras_bralets/Б1-50/8.jpg
8_31.jpg,https://raw.githubusercontent.com/Richy5959/lastochka_phono/refs/heads/main/catalog_photos/data/2 - bras_bralets/Б1-50/8_31.jpg
8_32.jpg,https://raw.githubusercontent.com/Richy5959/lastochka_phono/refs/heads/main/catalog_photos/data/2 - bras_bralets/Б1-50/8_32.jpg
8_33.jpg,https://raw.githubusercontent.com/Richy5959/lastochka_phono/refs/heads/main/catalog_photos/data/2 - bras_bralets/Б1-50/8_33.jpg
Б10_1.jpg,https://raw.githubusercontent.com/Richy5959/lastochka_phono/refs/heads/main/catalog_photos/data/2 - bras_bralets/Б1-50/Б10_1.jpg
Б10_2.jpg,https://raw.githubusercontent.com/Richy5959/lastochka_phono/refs/heads/main/catalog_photos/data/2 - bras_bralets/Б1-50/Б10_2.jpg
Б14.png,https://raw.githubusercontent.com/Richy5959/lastochka_phono/refs/heads/main/catalog_photos/data/2 - bras_bralets/Б1-50/Б14.png
Б17_1.jpg,https://raw.githubusercontent.com/Richy5959/lastochka_phono/refs/heads/main/catalog_photos/data/2 - bras_bralets/Б1-50/Б17_1.jpg
Б17_2.jpg,https://raw.githubusercontent.com/Richy5959/lastochka_phono/refs/heads/main/catalog_photos/data/2 - bras_bralets/Б1-50/Б17_2.jpg
Б18_1.jpg,https://raw.githubusercontent.com/Richy5959/lastochka_phono/refs/heads/main/catalog_photos/data/2 - bras_bralets/Б1-50/Б18_1.jpg
Б22.png,https://raw.githubusercontent.com/Richy5959/lastochka_phono/refs/heads/main/catalog_photos/data/2 - bras_bralets/Б1-50/Б22.png
Б26_1.jpg,https://raw.githubusercontent.com/Richy5959/lastochka_phono/refs/heads/main/catalog_photos/data/2 - bras_bralets/Б1-50/Б26_1.jpg
Б26_2.jpg,https://raw.githubusercontent.com/Richy5959/lastochka_phono/refs/heads/main/catalog_photos/data/2 - bras_bralets/Б1-50/Б26_2.jpg
Б28.png,https://raw.githubusercontent.com/Richy5959/lastochka_phono/refs/heads/main/catalog_photos/data/2 - bras_bralets/Б1-50/Б28.png
Б28_1.jpg,https://raw.githubusercontent.com/Richy5959/lastochka_phono/refs/heads/main/catalog_photos/data/2 - bras_bralets/Б1-50/Б28_1.jpg
Б28_3.jpg,https://raw.githubusercontent.com/Richy5959/lastochka_phono/refs/heads/main/catalog_photos/data/2 - bras_bralets/Б1-50/Б28_3.jpg
Б2_0.jpg,https://raw.githubusercontent.com/Richy5959/lastochka_phono/refs/heads/main/catalog_photos/data/2 - bras_bralets/Б1-50/Б2_0.jpg
Б2_1.jpg,https://raw.githubusercontent.com/Richy5959/lastochka_phono/refs/heads/main/catalog_photos/data/2 - bras_bralets/Б1-50/Б2_1.jpg
Б2_2.jpg,https://raw.githubusercontent.com/Richy5959/lastochka_phono/refs/heads/main/catalog_photos/data/2 - bras_bralets/Б1-50/Б2_2.jpg
Б30_11.jpg,https://raw.githubusercontent.com/Richy5959/lastochka_phono/refs/heads/main/catalog_photos/data/2 - bras_bralets/Б1-50/Б30_11.jpg
Б30_12.jpg,https://raw.githubusercontent.com/Richy5959/lastochka_phono/refs/heads/main/catalog_photos/data/2 - bras_bralets/Б1-50/Б30_12.jpg
Б30_13.jpg,https://raw.githubusercontent.com/Richy5959/lastochka_phono/refs/heads/main/catalog_photos/data/2 - bras_bralets/Б1-50/Б30_13.jpg
Б31_11.jpg,https://raw.githubusercontent.com/Richy5959/lastochka_phono/refs/heads/main/catalog_photos/data/2 - bras_bralets/Б1-50/Б31_11.jpg
Б31_12.jpg,https://raw.githubusercontent.com/Richy5959/lastochka_phono/refs/heads/main/catalog_photos/data/2 - bras_bralets/Б1-50/Б31_12.jpg
Б34.png,https://raw.githubusercontent.com/Richy5959/lastochka_phono/refs/heads/main/catalog_photos/data/2 - bras_bralets/Б1-50/Б34.png
Б4.png,https://raw.githubusercontent.com/Richy5959/lastochka_phono/refs/heads/main/catalog_photos/data/2 - bras_bralets/Б1-50/Б4.png
Б5_1.jpg,https://raw.githubusercontent.com/Richy5959/lastochka_phono/refs/heads/main/catalog_photos/data/2 - bras_bralets/Б1-50/Б5_1.jpg
Б5_2.jpg,https://raw.githubusercontent.com/Richy5959/lastochka_phono/refs/heads/main/catalog_photos/data/2 - bras_bralets/Б1-50/Б5_2.jpg
Б7.png,https://raw.githubusercontent.com/Richy5959/lastochka_phono/refs/heads/main/catalog_photos/data/2 - bras_bralets/Б1-50/Б7.png
Б9.png,https://raw.githubusercontent.com/Richy5959/lastochka_phono/refs/heads/main/catalog_photos/data/2 - bras_bralets/Б1-50/Б9.png
Б103_1.jpg,https://raw.githubusercontent.com/Richy5959/lastochka_phono/refs/heads/main/catalog_photos/data/2 - bras_bralets/Б101-150/Б103_1.jpg
Б103_2.jpg,https://raw.githubusercontent.com/Richy5959/lastochka_phono/refs/heads/main/catalog_photos/data/2 - bras_bralets/Б101-150/Б103_2.jpg
Б121_1.jpg,https://raw.githubusercontent.com/Richy5959/lastochka_phono/refs/heads/main/catalog_photos/data/2 - bras_bralets/Б101-150/Б121_1.jpg
Б121_2.jpg,https://raw.githubusercontent.com/Richy5959/lastochka_phono/refs/heads/main/catalog_photos/data/2 - bras_bralets/Б101-150/Б121_2.jpg
Б122_1.jpg,https://raw.githubusercontent.com/Richy5959/lastochka_phono/refs/heads/main/catalog_photos/data/2 - bras_bralets/Б101-150/Б122_1.jpg
Б122_2.jpg,https://raw.githubusercontent.com/Richy5959/lastochka_phono/refs/heads/main/catalog_photos/data/2 - bras_bralets/Б101-150/Б122_2.jpg
Б123_1.jpg,https://raw.githubusercontent.com/Richy5959/lastochka_phono/refs/heads/main/catalog_photos/data/2 - bras_bralets/Б101-150/Б123_1.jpg
Б123_2.jpg,https://raw.githubusercontent.com/Richy5959/lastochka_phono/refs/heads/main/catalog_photos/data/2 - bras_bralets/Б101-150/Б123_2.jpg
Б134_2.jpg,https://raw.githubusercontent.com/Richy5959/lastochka_phono/refs/heads/main/catalog_photos/data/2 - bras_bralets/Б101-150/Б134_2.jpg
Б147_1.jpg,https://raw.githubusercontent.com/Richy5959/lastochka_phono/refs/heads/main/catalog_photos/data/2 - bras_bralets/Б101-150/Б147_1.jpg
Б147_2.jpg,https://raw.githubusercontent.com/Richy5959/lastochka_phono/refs/heads/main/catalog_photos/data/2 - bras_bralets/Б101-150/Б147_2.jpg
Б148_1.jpg,https://raw.githubusercontent.com/Richy5959/lastochka_phono/refs/heads/main/catalog_photos/data/2 - bras_bralets/Б101-150/Б148_1.jpg
Б148_2.jpg,https://raw.githubusercontent.com/Richy5959/lastochka_phono/refs/heads/main/catalog_photos/data/2 - bras_bralets/Б101-150/Б148_2.jpg
Б172.jpg,https://raw.githubusercontent.com/Richy5959/lastochka_phono/refs/heads/main/catalog_photos/data/2 - bras_bralets/Б151-200/Б172.jpg
Б173.jpg,https://raw.githubusercontent.com/Richy5959/lastochka_phono/refs/heads/main/catalog_photos/data/2 - bras_bralets/Б151-200/Б173.jpg
Б173_1.jpg,https://raw.githubusercontent.com/Richy5959/lastochka_phono/refs/heads/main/catalog_photos/data/2 - bras_bralets/Б151-200/Б173_1.jpg
Б176_0.jpg,https://raw.githubusercontent.com/Richy5959/lastochka_phono/refs/heads/main/catalog_photos/data/2 - bras_bralets/Б151-200/Б176_0.jpg
Б176_1.jpg,https://raw.githubusercontent.com/Richy5959/lastochka_phono/refs/heads/main/catalog_photos/data/2 - bras_bralets/Б151-200/Б176_1.jpg
Б176_2.jpg,https://raw.githubusercontent.com/Richy5959/lastochka_phono/refs/heads/main/catalog_photos/data/2 - bras_bralets/Б151-200/Б176_2.jpg
Б177_45.jpg,https://raw.githubusercontent.com/Richy5959/lastochka_phono/refs/heads/main/catalog_photos/data/2 - bras_bralets/Б151-200/Б177_45.jpg
Б178_8.jpg,https://raw.githubusercontent.com/Richy5959/lastochka_phono/refs/heads/main/catalog_photos/data/2 - bras_bralets/Б151-200/Б178_8.jpg
Б179_0.jpg,https://raw.githubusercontent.com/Richy5959/lastochka_phono/refs/heads/main/catalog_photos/data/2 - bras_bralets/Б151-200/Б179_0.jpg
Б179_1.jpg,https://raw.githubusercontent.com/Richy5959/lastochka_phono/refs/heads/main/catalog_photos/data/2 - bras_bralets/Б151-200/Б179_1.jpg
Б179_2.jpg,https://raw.githubusercontent.com/Richy5959/lastochka_phono/refs/heads/main/catalog_photos/data/2 - bras_bralets/Б151-200/Б179_2.jpg
Б180.jpg,https://raw.githubusercontent.com/Richy5959/lastochka_phono/refs/heads/main/catalog_photos/data/2 - bras_bralets/Б151-200/Б180.jpg
Б180_2.jpg,https://raw.githubusercontent.com/Richy5959/lastochka_phono/refs/heads/main/catalog_photos/data/2 - bras_bralets/Б151-200/Б180_2.jpg
Б180_3.jpg,https://raw.githubusercontent.com/Richy5959/lastochka_phono/refs/heads/main/catalog_photos/data/2 - bras_bralets/Б151-200/Б180_3.jpg
Б181_0.jpg,https://raw.githubusercontent.com/Richy5959/lastochka_phono/refs/heads/main/catalog_photos/data/2 - bras_bralets/Б151-200/Б181_0.jpg
Б181_1.jpg,https://raw.githubusercontent.com/Richy5959/lastochka_phono/refs/heads/main/catalog_photos/data/2 - bras_bralets/Б151-200/Б181_1.jpg
Б181_2.jpg,https://raw.githubusercontent.com/Richy5959/lastochka_phono/refs/heads/main/catalog_photos/data/2 - bras_bralets/Б151-200/Б181_2.jpg
Б183_0.jpg,https://raw.githubusercontent.com/Richy5959/lastochka_phono/refs/heads/main/catalog_photos/data/2 - bras_bralets/Б151-200/Б183_0.jpg
Б183_1.jpg,https://raw.githubusercontent.com/Richy5959/lastochka_phono/refs/heads/main/catalog_photos/data/2 - bras_bralets/Б151-200/Б183_1.jpg
Б183_2.jpg,https://raw.githubusercontent.com/Richy5959/lastochka_phono/refs/heads/main/catalog_photos/data/2 - bras_bralets/Б151-200/Б183_2.jpg
Б184_0.jpg,https://raw.githubusercontent.com/Richy5959/lastochka_phono/refs/heads/main/catalog_photos/data/2 - bras_bralets/Б151-200/Б184_0.jpg
Б184_1.jpg,https://raw.githubusercontent.com/Richy5959/lastochka_phono/refs/heads/main/catalog_photos/data/2 - bras_bralets/Б151-200/Б184_1.jpg
Б184_2.jpg,https://raw.githubusercontent.com/Richy5959/lastochka_phono/refs/heads/main/catalog_photos/data/2 - bras_bralets/Б151-200/Б184_2.jpg
Б184_3.jpg,https://raw.githubusercontent.com/Richy5959/lastochka_phono/refs/heads/main/catalog_photos/data/2 - bras_bralets/Б151-200/Б184_3.jpg
Б184_4.jpg,https://raw.githubusercontent.com/Richy5959/lastochka_phono/refs/heads/main/catalog_photos/data/2 - bras_bralets/Б151-200/Б184_4.jpg
Б184_5.jpg,https://raw.githubusercontent.com/Richy5959/lastochka_phono/refs/heads/main/catalog_photos/data/2 - bras_bralets/Б151-200/Б184_5.jpg
Б184_6.jpg,https://raw.githubusercontent.com/Richy5959/lastochka_phono/refs/heads/main/catalog_photos/data/2 - bras_bralets/Б151-200/Б184_6.jpg
Б184_7.jpg,https://raw.githubusercontent.com/Richy5959/lastochka_phono/refs/heads/main/catalog_photos/data/2 - bras_bralets/Б151-200/Б184_7.jpg
Б187_1.jpg,https://raw.githubusercontent.com/Richy5959/lastochka_phono/refs/heads/main/catalog_photos/data/2 - bras_bralets/Б151-200/Б187_1.jpg
Б187_2.jpg,https://raw.githubusercontent.com/Richy5959/lastochka_phono/refs/heads/main/catalog_photos/data/2 - bras_bralets/Б151-200/Б187_2.jpg
Б187_3.jpg,https://raw.githubusercontent.com/Richy5959/lastochka_phono/refs/heads/main/catalog_photos/data/2 - bras_bralets/Б151-200/Б187_3.jpg
Б207_1.jpg,https://raw.githubusercontent.com/Richy5959/lastochka_phono/refs/heads/main/catalog_photos/data/2 - bras_bralets/Б201-250/Б207_1.jpg
Б207_2.jpg,https://raw.githubusercontent.com/Richy5959/lastochka_phono/refs/heads/main/catalog_photos/data/2 - bras_bralets/Б201-250/Б207_2.jpg
Б223_1.jpg,https://raw.githubusercontent.com/Richy5959/lastochka_phono/refs/heads/main/catalog_photos/data/2 - bras_bralets/Б201-250/Б223_1.jpg
Б223_2.jpg,https://raw.githubusercontent.com/Richy5959/lastochka_phono/refs/heads/main/catalog_photos/data/2 - bras_bralets/Б201-250/Б223_2.jpg
Б223_3.jpg,https://raw.githubusercontent.com/Richy5959/lastochka_phono/refs/heads/main/catalog_photos/data/2 - bras_bralets/Б201-250/Б223_3.jpg
Б223_4.jpg,https://raw.githubusercontent.com/Richy5959/lastochka_phono/refs/heads/main/catalog_photos/data/2 - bras_bralets/Б201-250/Б223_4.jpg
Б223_5.jpg,https://raw.githubusercontent.com/Richy5959/lastochka_phono/refs/heads/main/catalog_photos/data/2 - bras_bralets/Б201-250/Б223_5.jpg
Б223_6.jpg,https://raw.githubusercontent.com/Richy5959/lastochka_phono/refs/heads/main/catalog_photos/data/2 - bras_bralets/Б201-250/Б223_6.jpg
Б223_7.jpg,https://raw.githubusercontent.com/Richy5959/lastochka_phono/refs/heads/main/catalog_photos/data/2 - bras_bralets/Б201-250/Б223_7.jpg
Б223_8.jpg,https://raw.githubusercontent.com/Richy5959/lastochka_phono/refs/heads/main/catalog_photos/data/2 - bras_bralets/Б201-250/Б223_8.jpg
Б223_9.jpg,https://raw.githubusercontent.com/Richy5959/lastochka_phono/refs/heads/main/catalog_photos/data/2 - bras_bralets/Б201-250/Б223_9.jpg
Б224_1.jpg,https://raw.githubusercontent.com/Richy5959/lastochka_phono/refs/heads/main/catalog_photos/data/2 - bras_bralets/Б201-250/Б224_1.jpg
Б228_1.jpg,https://raw.githubusercontent.com/Richy5959/lastochka_phono/refs/heads/main/catalog_photos/data/2 - bras_bralets/Б201-250/Б228_1.jpg
Б236_1.jpg,https://raw.githubusercontent.com/Richy5959/lastochka_phono/refs/heads/main/catalog_photos/data/2 - bras_bralets/Б201-250/Б236_1.jpg
Б236_4.jpg,https://raw.githubusercontent.com/Richy5959/lastochka_phono/refs/heads/main/catalog_photos/data/2 - bras_bralets/Б201-250/Б236_4.jpg
Б240_1.jpg,https://raw.githubusercontent.com/Richy5959/lastochka_phono/refs/heads/main/catalog_photos/data/2 - bras_bralets/Б201-250/Б240_1.jpg
Б240_2.jpg,https://raw.githubusercontent.com/Richy5959/lastochka_phono/refs/heads/main/catalog_photos/data/2 - bras_bralets/Б201-250/Б240_2.jpg
Б280.jpg,https://raw.githubusercontent.com/Richy5959/lastochka_phono/refs/heads/main/catalog_photos/data/2 - bras_bralets/Б251-300/Б280.jpg
Б286_3.jpg,https://raw.githubusercontent.com/Richy5959/lastochka_phono/refs/heads/main/catalog_photos/data/2 - bras_bralets/Б251-300/Б286_3.jpg
Б286_4.jpg,https://raw.githubusercontent.com/Richy5959/lastochka_phono/refs/heads/main/catalog_photos/data/2 - bras_bralets/Б251-300/Б286_4.jpg
Б286_5.jpg,https://raw.githubusercontent.com/Richy5959/lastochka_phono/refs/heads/main/catalog_photos/data/2 - bras_bralets/Б251-300/Б286_5.jpg
Б286_6.jpg,https://raw.githubusercontent.com/Richy5959/lastochka_phono/refs/heads/main/catalog_photos/data/2 - bras_bralets/Б251-300/Б286_6.jpg
Б286_7.jpg,https://raw.githubusercontent.com/Richy5959/lastochka_phono/refs/heads/main/catalog_photos/data/2 - bras_bralets/Б251-300/Б286_7.jpg
Б286_8.jpg,https://raw.githubusercontent.com/Richy5959/lastochka_phono/refs/heads/main/catalog_photos/data/2 - bras_bralets/Б251-300/Б286_8.jpg
Б316_1.jpg,https://raw.githubusercontent.com/Richy5959/lastochka_phono/refs/heads/main/catalog_photos/data/2 - bras_bralets/Б301-350/Б316_1.jpg
Б316_2.jpg,https://raw.githubusercontent.com/Richy5959/lastochka_phono/refs/heads/main/catalog_photos/data/2 - bras_bralets/Б301-350/Б316_2.jpg
Б316_3.jpg,https://raw.githubusercontent.com/Richy5959/lastochka_phono/refs/heads/main/catalog_photos/data/2 - bras_bralets/Б301-350/Б316_3.jpg
Б316_4.jpg,https://raw.githubusercontent.com/Richy5959/lastochka_phono/refs/heads/main/catalog_photos/data/2 - bras_bralets/Б301-350/Б316_4.jpg
Б316_5.jpg,https://raw.githubusercontent.com/Richy5959/lastochka_phono/refs/heads/main/catalog_photos/data/2 - bras_bralets/Б301-350/Б316_5.jpg
Б316_7.jpg,https://raw.githubusercontent.com/Richy5959/lastochka_phono/refs/heads/main/catalog_photos/data/2 - bras_bralets/Б301-350/Б316_7.jpg
Б320.jpg,https://raw.githubusercontent.com/Richy5959/lastochka_phono/refs/heads/main/catalog_photos/data/2 - bras_bralets/Б301-350/Б320.jpg
Б321.jpg,https://raw.githubusercontent.com/Richy5959/lastochka_phono/refs/heads/main/catalog_photos/data/2 - bras_bralets/Б301-350/Б321.jpg
Б322.jpg,https://raw.githubusercontent.com/Richy5959/lastochka_phono/refs/heads/main/catalog_photos/data/2 - bras_bralets/Б301-350/Б322.jpg
Б323.jpg,https://raw.githubusercontent.com/Richy5959/lastochka_phono/refs/heads/main/catalog_photos/data/2 - bras_bralets/Б301-350/Б323.jpg
Б324.jpg,https://raw.githubusercontent.com/Richy5959/lastochka_phono/refs/heads/main/catalog_photos/data/2 - bras_bralets/Б301-350/Б324.jpg
Б325.jpg,https://raw.githubusercontent.com/Richy5959/lastochka_phono/refs/heads/main/catalog_photos/data/2 - bras_bralets/Б301-350/Б325.jpg
Б326.jpg,https://raw.githubusercontent.com/Richy5959/lastochka_phono/refs/heads/main/catalog_photos/data/2 - bras_bralets/Б301-350/Б326.jpg
Б327_1.jpg,https://raw.githubusercontent.com/Richy5959/lastochka_phono/refs/heads/main/catalog_photos/data/2 - bras_bralets/Б301-350/Б327_1.jpg
Б327_2.jpg,https://raw.githubusercontent.com/Richy5959/lastochka_phono/refs/heads/main/catalog_photos/data/2 - bras_bralets/Б301-350/Б327_2.jpg
Б328_1.jpg,https://raw.githubusercontent.com/Richy5959/lastochka_phono/refs/heads/main/catalog_photos/data/2 - bras_bralets/Б301-350/Б328_1.jpg
Б328_2.jpg,https://raw.githubusercontent.com/Richy5959/lastochka_phono/refs/heads/main/catalog_photos/data/2 - bras_bralets/Б301-350/Б328_2.jpg
Б328_3.jpg,https://raw.githubusercontent.com/Richy5959/lastochka_phono/refs/heads/main/catalog_photos/data/2 - bras_bralets/Б301-350/Б328_3.jpg
Б328_4.jpg,https://raw.githubusercontent.com/Richy5959/lastochka_phono/refs/heads/main/catalog_photos/data/2 - bras_bralets/Б301-350/Б328_4.jpg
Б329_1.jpg,https://raw.githubusercontent.com/Richy5959/lastochka_phono/refs/heads/main/catalog_photos/data/2 - bras_bralets/Б301-350/Б329_1.jpg
Б329_2.jpg,https://raw.githubusercontent.com/Richy5959/lastochka_phono/refs/heads/main/catalog_photos/data/2 - bras_bralets/Б301-350/Б329_2.jpg
Б329_3.jpg,https://raw.githubusercontent.com/Richy5959/lastochka_phono/refs/heads/main/catalog_photos/data/2 - bras_bralets/Б301-350/Б329_3.jpg
Б340_0.jpg,https://raw.githubusercontent.com/Richy5959/lastochka_phono/refs/heads/main/catalog_photos/data/2 - bras_bralets/Б301-350/Б340_0.jpg
Б341_1.jpg,https://raw.githubusercontent.com/Richy5959/lastochka_phono/refs/heads/main/catalog_photos/data/2 - bras_bralets/Б301-350/Б341_1.jpg
Б341_2.jpg,https://raw.githubusercontent.com/Richy5959/lastochka_phono/refs/heads/main/catalog_photos/data/2 - bras_bralets/Б301-350/Б341_2.jpg
351_0.jpg,https://raw.githubusercontent.com/Richy5959/lastochka_phono/refs/heads/main/catalog_photos/data/2 - bras_bralets/Б351-400/351_0.jpg
351_1.jpg,https://raw.githubusercontent.com/Richy5959/lastochka_phono/refs/heads/main/catalog_photos/data/2 - bras_bralets/Б351-400/351_1.jpg
351_2.jpg,https://raw.githubusercontent.com/Richy5959/lastochka_phono/refs/heads/main/catalog_photos/data/2 - bras_bralets/Б351-400/351_2.jpg
352_0.jpg,https://raw.githubusercontent.com/Richy5959/lastochka_phono/refs/heads/main/catalog_photos/data/2 - bras_bralets/Б351-400/352_0.jpg
352_1.jpg,https://raw.githubusercontent.com/Richy5959/lastochka_phono/refs/heads/main/catalog_photos/data/2 - bras_bralets/Б351-400/352_1.jpg
352_2.jpg,https://raw.githubusercontent.com/Richy5959/lastochka_phono/refs/heads/main/catalog_photos/data/2 - bras_bralets/Б351-400/352_2.jpg
353_0.jpg,https://raw.githubusercontent.com/Richy5959/lastochka_phono/refs/heads/main/catalog_photos/data/2 - bras_bralets/Б351-400/353_0.jpg
353_1.jpg,https://raw.githubusercontent.com/Richy5959/lastochka_phono/refs/heads/main/catalog_photos/data/2 - bras_bralets/Б351-400/353_1.jpg
353_2.jpg,https://raw.githubusercontent.com/Richy5959/lastochka_phono/refs/heads/main/catalog_photos/data/2 - bras_bralets/Б351-400/353_2.jpg
354_0.jpg,https://raw.githubusercontent.com/Richy5959/lastochka_phono/refs/heads/main/catalog_photos/data/2 - bras_bralets/Б351-400/354_0.jpg
354_1.jpg,https://raw.githubusercontent.com/Richy5959/lastochka_phono/refs/heads/main/catalog_photos/data/2 - bras_bralets/Б351-400/354_1.jpg
354_2.jpg,https://raw.githubusercontent.com/Richy5959/lastochka_phono/refs/heads/main/catalog_photos/data/2 - bras_bralets/Б351-400/354_2.jpg
355_0.jpg,https://raw.githubusercontent.com/Richy5959/lastochka_phono/refs/heads/main/catalog_photos/data/2 - bras_bralets/Б351-400/355_0.jpg
355_1.jpg,https://raw.githubusercontent.com/Richy5959/lastochka_phono/refs/heads/main/catalog_photos/data/2 - bras_bralets/Б351-400/355_1.jpg
356_0.jpg,https://raw.githubusercontent.com/Richy5959/lastochka_phono/refs/heads/main/catalog_photos/data/2 - bras_bralets/Б351-400/356_0.jpg
356_1.jpg,https://raw.githubusercontent.com/Richy5959/lastochka_phono/refs/heads/main/catalog_photos/data/2 - bras_bralets/Б351-400/356_1.jpg
356_2.jpg,https://raw.githubusercontent.com/Richy5959/lastochka_phono/refs/heads/main/catalog_photos/data/2 - bras_bralets/Б351-400/356_2.jpg
356_3.jpg,https://raw.githubusercontent.com/Richy5959/lastochka_phono/refs/heads/main/catalog_photos/data/2 - bras_bralets/Б351-400/356_3.jpg
356_4.jpg,https://raw.githubusercontent.com/Richy5959/lastochka_phono/refs/heads/main/catalog_photos/data/2 - bras_bralets/Б351-400/356_4.jpg
357_0.jpg,https://raw.githubusercontent.com/Richy5959/lastochka_phono/refs/heads/main/catalog_photos/data/2 - bras_bralets/Б351-400/357_0.jpg
357_1.jpg,https://raw.githubusercontent.com/Richy5959/lastochka_phono/refs/heads/main/catalog_photos/data/2 - bras_bralets/Б351-400/357_1.jpg
358_0.jpg,https://raw.githubusercontent.com/Richy5959/lastochka_phono/refs/heads/main/catalog_photos/data/2 - bras_bralets/Б351-400/358_0.jpg
358_1.jpg,https://raw.githubusercontent.com/Richy5959/lastochka_phono/refs/heads/main/catalog_photos/data/2 - bras_bralets/Б351-400/358_1.jpg
359_0.jpg,https://raw.githubusercontent.com/Richy5959/lastochka_phono/refs/heads/main/catalog_photos/data/2 - bras_bralets/Б351-400/359_0.jpg
359_1.jpg,https://raw.githubusercontent.com/Richy5959/lastochka_phono/refs/heads/main/catalog_photos/data/2 - bras_bralets/Б351-400/359_1.jpg
360_0.jpg,https://raw.githubusercontent.com/Richy5959/lastochka_phono/refs/heads/main/catalog_photos/data/2 - bras_bralets/Б351-400/360_0.jpg
360_1.jpg,https://raw.githubusercontent.com/Richy5959/lastochka_phono/refs/heads/main/catalog_photos/data/2 - bras_bralets/Б351-400/360_1.jpg
360_2.jpg,https://raw.githubusercontent.com/Richy5959/lastochka_phono/refs/heads/main/catalog_photos/data/2 - bras_bralets/Б351-400/360_2.jpg
361_1.jpg,https://raw.githubusercontent.com/Richy5959/lastochka_phono/refs/heads/main/catalog_photos/data/2 - bras_bralets/Б351-400/361_1.jpg
361_2.jpg,https://raw.githubusercontent.com/Richy5959/lastochka_phono/refs/heads/main/catalog_photos/data/2 - bras_bralets/Б351-400/361_2.jpg
361_3.jpg,https://raw.githubusercontent.com/Richy5959/lastochka_phono/refs/heads/main/catalog_photos/data/2 - bras_bralets/Б351-400/361_3.jpg
361_4.jpg,https://raw.githubusercontent.com/Richy5959/lastochka_phono/refs/heads/main/catalog_photos/data/2 - bras_bralets/Б351-400/361_4.jpg
362_10.jpg,https://raw.githubusercontent.com/Richy5959/lastochka_phono/refs/heads/main/catalog_photos/data/2 - bras_bralets/Б351-400/362_10.jpg
362_4.jpg,https://raw.githubusercontent.com/Richy5959/lastochka_phono/refs/heads/main/catalog_photos/data/2 - bras_bralets/Б351-400/362_4.jpg
362_5.jpg,https://raw.githubusercontent.com/Richy5959/lastochka_phono/refs/heads/main/catalog_photos/data/2 - bras_bralets/Б351-400/362_5.jpg
362_6.jpg,https://raw.githubusercontent.com/Richy5959/lastochka_phono/refs/heads/main/catalog_photos/data/2 - bras_bralets/Б351-400/362_6.jpg
362_7.jpg,https://raw.githubusercontent.com/Richy5959/lastochka_phono/refs/heads/main/catalog_photos/data/2 - bras_bralets/Б351-400/362_7.jpg
362_8.jpg,https://raw.githubusercontent.com/Richy5959/lastochka_phono/refs/heads/main/catalog_photos/data/2 - bras_bralets/Б351-400/362_8.jpg
362_9.jpg,https://raw.githubusercontent.com/Richy5959/lastochka_phono/refs/heads/main/catalog_photos/data/2 - bras_bralets/Б351-400/362_9.jpg
363_0.jpg,https://raw.githubusercontent.com/Richy5959/lastochka_phono/refs/heads/main/catalog_photos/data/2 - bras_bralets/Б351-400/363_0.jpg
363_1.jpg,https://raw.githubusercontent.com/Richy5959/lastochka_phono/refs/heads/main/catalog_photos/data/2 - bras_bralets/Б351-400/363_1.jpg
364_0.jpg,https://raw.githubusercontent.com/Richy5959/lastochka_phono/refs/heads/main/catalog_photos/data/2 - bras_bralets/Б351-400/364_0.jpg
364_1.jpg,https://raw.githubusercontent.com/Richy5959/lastochka_phono/refs/heads/main/catalog_photos/data/2 - bras_bralets/Б351-400/364_1.jpg
365_0.jpg,https://raw.githubusercontent.com/Richy5959/lastochka_phono/refs/heads/main/catalog_photos/data/2 - bras_bralets/Б351-400/365_0.jpg
365_1.jpg,https://raw.githubusercontent.com/Richy5959/lastochka_phono/refs/heads/main/catalog_photos/data/2 - bras_bralets/Б351-400/365_1.jpg
365_2.jpg,https://raw.githubusercontent.com/Richy5959/lastochka_phono/refs/heads/main/catalog_photos/data/2 - bras_bralets/Б351-400/365_2.jpg
365_3.jpg,https://raw.githubusercontent.com/Richy5959/lastochka_phono/refs/heads/main/catalog_photos/data/2 - bras_bralets/Б351-400/365_3.jpg
366_0.jpg,https://raw.githubusercontent.com/Richy5959/lastochka_phono/refs/heads/main/catalog_photos/data/2 - bras_bralets/Б351-400/366_0.jpg
366_1.jpg,https://raw.githubusercontent.com/Richy5959/lastochka_phono/refs/heads/main/catalog_photos/data/2 - bras_bralets/Б351-400/366_1.jpg
367_0.jpg,https://raw.githubusercontent.com/Richy5959/lastochka_phono/refs/heads/main/catalog_photos/data/2 - bras_bralets/Б351-400/367_0.jpg
367_1.jpg,https://raw.githubusercontent.com/Richy5959/lastochka_phono/refs/heads/main/catalog_photos/data/2 - bras_bralets/Б351-400/367_1.jpg
368_0.jpg,https://raw.githubusercontent.com/Richy5959/lastochka_phono/refs/heads/main/catalog_photos/data/2 - bras_bralets/Б351-400/368_0.jpg
368_1.jpg,https://raw.githubusercontent.com/Richy5959/lastochka_phono/refs/heads/main/catalog_photos/data/2 - bras_bralets/Б351-400/368_1.jpg
369_0.jpg,https://raw.githubusercontent.com/Richy5959/lastochka_phono/refs/heads/main/catalog_photos/data/2 - bras_bralets/Б351-400/369_0.jpg
369_1.jpg,https://raw.githubusercontent.com/Richy5959/lastochka_phono/refs/heads/main/catalog_photos/data/2 - bras_bralets/Б351-400/369_1.jpg
369_2.jpg,https://raw.githubusercontent.com/Richy5959/lastochka_phono/refs/heads/main/catalog_photos/data/2 - bras_bralets/Б351-400/369_2.jpg
369_3.jpg,https://raw.githubusercontent.com/Richy5959/lastochka_phono/refs/heads/main/catalog_photos/data/2 - bras_bralets/Б351-400/369_3.jpg
369_4.jpg,https://raw.githubusercontent.com/Richy5959/lastochka_phono/refs/heads/main/catalog_photos/data/2 - bras_bralets/Б351-400/369_4.jpg
369_5.jpg,https://raw.githubusercontent.com/Richy5959/lastochka_phono/refs/heads/main/catalog_photos/data/2 - bras_bralets/Б351-400/369_5.jpg
370.jpg,https://raw.githubusercontent.com/Richy5959/lastochka_phono/refs/heads/main/catalog_photos/data/2 - bras_bralets/Б351-400/370.jpg
371_0.jpg,https://raw.githubusercontent.com/Richy5959/lastochka_phono/refs/heads/main/catalog_photos/data/2 - bras_bralets/Б351-400/371_0.jpg
371_1.jpg,https://raw.githubusercontent.com/Richy5959/lastochka_phono/refs/heads/main/catalog_photos/data/2 - bras_bralets/Б351-400/371_1.jpg
372.jpg,https://raw.githubusercontent.com/Richy5959/lastochka_phono/refs/heads/main/catalog_photos/data/2 - bras_bralets/Б351-400/372.jpg
373_0.jpg,https://raw.githubusercontent.com/Richy5959/lastochka_phono/refs/heads/main/catalog_photos/data/2 - bras_bralets/Б351-400/373_0.jpg
373_1.jpg,https://raw.githubusercontent.com/Richy5959/lastochka_phono/refs/heads/main/catalog_photos/data/2 - bras_bralets/Б351-400/373_1.jpg
374_0.jpg,https://raw.githubusercontent.com/Richy5959/lastochka_phono/refs/heads/main/catalog_photos/data/2 - bras_bralets/Б351-400/374_0.jpg
374_1.jpg,https://raw.githubusercontent.com/Richy5959/lastochka_phono/refs/heads/main/catalog_photos/data/2 - bras_bralets/Б351-400/374_1.jpg
375_0.jpg,https://raw.githubusercontent.com/Richy5959/lastochka_phono/refs/heads/main/catalog_photos/data/2 - bras_bralets/Б351-400/375_0.jpg
375_1.jpg,https://raw.githubusercontent.com/Richy5959/lastochka_phono/refs/heads/main/catalog_photos/data/2 - bras_bralets/Б351-400/375_1.jpg
376_1.jpg,https://raw.githubusercontent.com/Richy5959/lastochka_phono/refs/heads/main/catalog_photos/data/2 - bras_bralets/Б351-400/376_1.jpg
376_2.jpg,https://raw.githubusercontent.com/Richy5959/lastochka_phono/refs/heads/main/catalog_photos/data/2 - bras_bralets/Б351-400/376_2.jpg
376_3.jpg,https://raw.githubusercontent.com/Richy5959/lastochka_phono/refs/heads/main/catalog_photos/data/2 - bras_bralets/Б351-400/376_3.jpg
377_0.jpg,https://raw.githubusercontent.com/Richy5959/lastochka_phono/refs/heads/main/catalog_photos/data/2 - bras_bralets/Б351-400/377_0.jpg
377_1.jpg,https://raw.githubusercontent.com/Richy5959/lastochka_phono/refs/heads/main/catalog_photos/data/2 - bras_bralets/Б351-400/377_1.jpg
378_1.jpg,https://raw.githubusercontent.com/Richy5959/lastochka_phono/refs/heads/main/catalog_photos/data/2 - bras_bralets/Б351-400/378_1.jpg
378_2.jpg,https://raw.githubusercontent.com/Richy5959/lastochka_phono/refs/heads/main/catalog_photos/data/2 - bras_bralets/Б351-400/378_2.jpg
378_3.jpg,https://raw.githubusercontent.com/Richy5959/lastochka_phono/refs/heads/main/catalog_photos/data/2 - bras_bralets/Б351-400/378_3.jpg
378_4.jpg,https://raw.githubusercontent.com/Richy5959/lastochka_phono/refs/heads/main/catalog_photos/data/2 - bras_bralets/Б351-400/378_4.jpg
379_0.jpg,https://raw.githubusercontent.com/Richy5959/lastochka_phono/refs/heads/main/catalog_photos/data/2 - bras_bralets/Б351-400/379_0.jpg
379_1.jpg,https://raw.githubusercontent.com/Richy5959/lastochka_phono/refs/heads/main/catalog_photos/data/2 - bras_bralets/Б351-400/379_1.jpg
379_2.jpg,https://raw.githubusercontent.com/Richy5959/lastochka_phono/refs/heads/main/catalog_photos/data/2 - bras_bralets/Б351-400/379_2.jpg
380_0.jpg,https://raw.githubusercontent.com/Richy5959/lastochka_phono/refs/heads/main/catalog_photos/data/2 - bras_bralets/Б351-400/380_0.jpg
380_1.jpg,https://raw.githubusercontent.com/Richy5959/lastochka_phono/refs/heads/main/catalog_photos/data/2 - bras_bralets/Б351-400/380_1.jpg
380_2.jpg,https://raw.githubusercontent.com/Richy5959/lastochka_phono/refs/heads/main/catalog_photos/data/2 - bras_bralets/Б351-400/380_2.jpg
380_3.jpg,https://raw.githubusercontent.com/Richy5959/lastochka_phono/refs/heads/main/catalog_photos/data/2 - bras_bralets/Б351-400/380_3.jpg
381_0.jpg,https://raw.githubusercontent.com/Richy5959/lastochka_phono/refs/heads/main/catalog_photos/data/2 - bras_bralets/Б351-400/381_0.jpg
381_1.jpg,https://raw.githubusercontent.com/Richy5959/lastochka_phono/refs/heads/main/catalog_photos/data/2 - bras_bralets/Б351-400/381_1.jpg
381_2.jpg,https://raw.githubusercontent.com/Richy5959/lastochka_phono/refs/heads/main/catalog_photos/data/2 - bras_bralets/Б351-400/381_2.jpg
382_0.jpg,https://raw.githubusercontent.com/Richy5959/lastochka_phono/refs/heads/main/catalog_photos/data/2 - bras_bralets/Б351-400/382_0.jpg
382_1.jpg,https://raw.githubusercontent.com/Richy5959/lastochka_phono/refs/heads/main/catalog_photos/data/2 - bras_bralets/Б351-400/382_1.jpg
382_2.jpg,https://raw.githubusercontent.com/Richy5959/lastochka_phono/refs/heads/main/catalog_photos/data/2 - bras_bralets/Б351-400/382_2.jpg
383_0.jpg,https://raw.githubusercontent.com/Richy5959/lastochka_phono/refs/heads/main/catalog_photos/data/2 - bras_bralets/Б351-400/383_0.jpg
383_1.jpg,https://raw.githubusercontent.com/Richy5959/lastochka_phono/refs/heads/main/catalog_photos/data/2 - bras_bralets/Б351-400/383_1.jpg
383_2.jpg,https://raw.githubusercontent.com/Richy5959/lastochka_phono/refs/heads/main/catalog_photos/data/2 - bras_bralets/Б351-400/383_2.jpg
384_0.jpg,https://raw.githubusercontent.com/Richy5959/lastochka_phono/refs/heads/main/catalog_photos/data/2 - bras_bralets/Б351-400/384_0.jpg
384_1.jpg,https://raw.githubusercontent.com/Richy5959/lastochka_phono/refs/heads/main/catalog_photos/data/2 - bras_bralets/Б351-400/384_1.jpg
384_2.jpg,https://raw.githubusercontent.com/Richy5959/lastochka_phono/refs/heads/main/catalog_photos/data/2 - bras_bralets/Б351-400/384_2.jpg
384_3.jpg,https://raw.githubusercontent.com/Richy5959/lastochka_phono/refs/heads/main/catalog_photos/data/2 - bras_bralets/Б351-400/384_3.jpg
385.jpg,https://raw.githubusercontent.com/Richy5959/lastochka_phono/refs/heads/main/catalog_photos/data/2 - bras_bralets/Б351-400/385.jpg
386.jpg,https://raw.githubusercontent.com/Richy5959/lastochka_phono/refs/heads/main/catalog_photos/data/2 - bras_bralets/Б351-400/386.jpg
387.jpg,https://raw.githubusercontent.com/Richy5959/lastochka_phono/refs/heads/main/catalog_photos/data/2 - bras_bralets/Б351-400/387.jpg
388_0.jpg,https://raw.githubusercontent.com/Richy5959/lastochka_phono/refs/heads/main/catalog_photos/data/2 - bras_bralets/Б351-400/388_0.jpg
100_1.jpg,https://raw.githubusercontent.com/Richy5959/lastochka_phono/refs/heads/main/catalog_photos/data/2 - bras_bralets/Б51-100/100_1.jpg
100_2.jpg,https://raw.githubusercontent.com/Richy5959/lastochka_phono/refs/heads/main/catalog_photos/data/2 - bras_bralets/Б51-100/100_2.jpg
51_20.jpg,https://raw.githubusercontent.com/Richy5959/lastochka_phono/refs/heads/main/catalog_photos/data/2 - bras_bralets/Б51-100/51_20.jpg
51_21.jpg,https://raw.githubusercontent.com/Richy5959/lastochka_phono/refs/heads/main/catalog_photos/data/2 - bras_bralets/Б51-100/51_21.jpg
52_0.jpg,https://raw.githubusercontent.com/Richy5959/lastochka_phono/refs/heads/main/catalog_photos/data/2 - bras_bralets/Б51-100/52_0.jpg
52_1.jpg,https://raw.githubusercontent.com/Richy5959/lastochka_phono/refs/heads/main/catalog_photos/data/2 - bras_bralets/Б51-100/52_1.jpg
52_2.jpg,https://raw.githubusercontent.com/Richy5959/lastochka_phono/refs/heads/main/catalog_photos/data/2 - bras_bralets/Б51-100/52_2.jpg
53_0.jpg,https://raw.githubusercontent.com/Richy5959/lastochka_phono/refs/heads/main/catalog_photos/data/2 - bras_bralets/Б51-100/53_0.jpg
53_1.jpg,https://raw.githubusercontent.com/Richy5959/lastochka_phono/refs/heads/main/catalog_photos/data/2 - bras_bralets/Б51-100/53_1.jpg
54_1.png,https://raw.githubusercontent.com/Richy5959/lastochka_phono/refs/heads/main/catalog_photos/data/2 - bras_bralets/Б51-100/54_1.png
54_2.png,https://raw.githubusercontent.com/Richy5959/lastochka_phono/refs/heads/main/catalog_photos/data/2 - bras_bralets/Б51-100/54_2.png
55_0.jpg,https://raw.githubusercontent.com/Richy5959/lastochka_phono/refs/heads/main/catalog_photos/data/2 - bras_bralets/Б51-100/55_0.jpg
55_1.jpg,https://raw.githubusercontent.com/Richy5959/lastochka_phono/refs/heads/main/catalog_photos/data/2 - bras_bralets/Б51-100/55_1.jpg
55_2.jpg,https://raw.githubusercontent.com/Richy5959/lastochka_phono/refs/heads/main/catalog_photos/data/2 - bras_bralets/Б51-100/55_2.jpg
56_0.jpg,https://raw.githubusercontent.com/Richy5959/lastochka_phono/refs/heads/main/catalog_photos/data/2 - bras_bralets/Б51-100/56_0.jpg
56_1.jpg,https://raw.githubusercontent.com/Richy5959/lastochka_phono/refs/heads/main/catalog_photos/data/2 - bras_bralets/Б51-100/56_1.jpg
57.jpg,https://raw.githubusercontent.com/Richy5959/lastochka_phono/refs/heads/main/catalog_photos/data/2 - bras_bralets/Б51-100/57.jpg
58.jpg,https://raw.githubusercontent.com/Richy5959/lastochka_phono/refs/heads/main/catalog_photos/data/2 - bras_bralets/Б51-100/58.jpg
60_21.jpg,https://raw.githubusercontent.com/Richy5959/lastochka_phono/refs/heads/main/catalog_photos/data/2 - bras_bralets/Б51-100/60_21.jpg
60_3.jpg,https://raw.githubusercontent.com/Richy5959/lastochka_phono/refs/heads/main/catalog_photos/data/2 - bras_bralets/Б51-100/60_3.jpg
60_7.jpg,https://raw.githubusercontent.com/Richy5959/lastochka_phono/refs/heads/main/catalog_photos/data/2 - bras_bralets/Б51-100/60_7.jpg
61_20.jpg,https://raw.githubusercontent.com/Richy5959/lastochka_phono/refs/heads/main/catalog_photos/data/2 - bras_bralets/Б51-100/61_20.jpg
61_21.jpg,https://raw.githubusercontent.com/Richy5959/lastochka_phono/refs/heads/main/catalog_photos/data/2 - bras_bralets/Б51-100/61_21.jpg
62_3.jpg,https://raw.githubusercontent.com/Richy5959/lastochka_phono/refs/heads/main/catalog_photos/data/2 - bras_bralets/Б51-100/62_3.jpg
62_4.jpg,https://raw.githubusercontent.com/Richy5959/lastochka_phono/refs/heads/main/catalog_photos/data/2 - bras_bralets/Б51-100/62_4.jpg
63_1.jpg,https://raw.githubusercontent.com/Richy5959/lastochka_phono/refs/heads/main/catalog_photos/data/2 - bras_bralets/Б51-100/63_1.jpg
63_2.jpg,https://raw.githubusercontent.com/Richy5959/lastochka_phono/refs/heads/main/catalog_photos/data/2 - bras_bralets/Б51-100/63_2.jpg
63_3.jpg,https://raw.githubusercontent.com/Richy5959/lastochka_phono/refs/heads/main/catalog_photos/data/2 - bras_bralets/Б51-100/63_3.jpg
64_2.jpg,https://raw.githubusercontent.com/Richy5959/lastochka_phono/refs/heads/main/catalog_photos/data/2 - bras_bralets/Б51-100/64_2.jpg
64_3.jpg,https://raw.githubusercontent.com/Richy5959/lastochka_phono/refs/heads/main/catalog_photos/data/2 - bras_bralets/Б51-100/64_3.jpg
65_1.jpg,https://raw.githubusercontent.com/Richy5959/lastochka_phono/refs/heads/main/catalog_photos/data/2 - bras_bralets/Б51-100/65_1.jpg
65_2.jpg,https://raw.githubusercontent.com/Richy5959/lastochka_phono/refs/heads/main/catalog_photos/data/2 - bras_bralets/Б51-100/65_2.jpg
66_1.jpg,https://raw.githubusercontent.com/Richy5959/lastochka_phono/refs/heads/main/catalog_photos/data/2 - bras_bralets/Б51-100/66_1.jpg
66_10.jpg,https://raw.githubusercontent.com/Richy5959/lastochka_phono/refs/heads/main/catalog_photos/data/2 - bras_bralets/Б51-100/66_10.jpg
66_2.jpg,https://raw.githubusercontent.com/Richy5959/lastochka_phono/refs/heads/main/catalog_photos/data/2 - bras_bralets/Б51-100/66_2.jpg
66_3.jpg,https://raw.githubusercontent.com/Richy5959/lastochka_phono/refs/heads/main/catalog_photos/data/2 - bras_bralets/Б51-100/66_3.jpg
66_4.png,https://raw.githubusercontent.com/Richy5959/lastochka_phono/refs/heads/main/catalog_photos/data/2 - bras_bralets/Б51-100/66_4.png
66_5.png,https://raw.githubusercontent.com/Richy5959/lastochka_phono/refs/heads/main/catalog_photos/data/2 - bras_bralets/Б51-100/66_5.png
67_1.jpg,https://raw.githubusercontent.com/Richy5959/lastochka_phono/refs/heads/main/catalog_photos/data/2 - bras_bralets/Б51-100/67_1.jpg
67_2.jpg,https://raw.githubusercontent.com/Richy5959/lastochka_phono/refs/heads/main/catalog_photos/data/2 - bras_bralets/Б51-100/67_2.jpg
68_5.jpg,https://raw.githubusercontent.com/Richy5959/lastochka_phono/refs/heads/main/catalog_photos/data/2 - bras_bralets/Б51-100/68_5.jpg
69_1.jpg,https://raw.githubusercontent.com/Richy5959/lastochka_phono/refs/heads/main/catalog_photos/data/2 - bras_bralets/Б51-100/69_1.jpg
69_2.jpg,https://raw.githubusercontent.com/Richy5959/lastochka_phono/refs/heads/main/catalog_photos/data/2 - bras_bralets/Б51-100/69_2.jpg
70_0.jpg,https://raw.githubusercontent.com/Richy5959/lastochka_phono/refs/heads/main/catalog_photos/data/2 - bras_bralets/Б51-100/70_0.jpg
70_1.jpg,https://raw.githubusercontent.com/Richy5959/lastochka_phono/refs/heads/main/catalog_photos/data/2 - bras_bralets/Б51-100/70_1.jpg
71_8.jpg,https://raw.githubusercontent.com/Richy5959/lastochka_phono/refs/heads/main/catalog_photos/data/2 - bras_bralets/Б51-100/71_8.jpg
71_9.jpg,https://raw.githubusercontent.com/Richy5959/lastochka_phono/refs/heads/main/catalog_photos/data/2 - bras_bralets/Б51-100/71_9.jpg
72_0.jpg,https://raw.githubusercontent.com/Richy5959/lastochka_phono/refs/heads/main/catalog_photos/data/2 - bras_bralets/Б51-100/72_0.jpg
72_1.jpg,https://raw.githubusercontent.com/Richy5959/lastochka_phono/refs/heads/main/catalog_photos/data/2 - bras_bralets/Б51-100/72_1.jpg
72_2.jpg,https://raw.githubusercontent.com/Richy5959/lastochka_phono/refs/heads/main/catalog_photos/data/2 - bras_bralets/Б51-100/72_2.jpg
73_0.jpg,https://raw.githubusercontent.com/Richy5959/lastochka_phono/refs/heads/main/catalog_photos/data/2 - bras_bralets/Б51-100/73_0.jpg
73_1.jpg,https://raw.githubusercontent.com/Richy5959/lastochka_phono/refs/heads/main/catalog_photos/data/2 - bras_bralets/Б51-100/73_1.jpg
73_2.jpg,https://raw.githubusercontent.com/Richy5959/lastochka_phono/refs/heads/main/catalog_photos/data/2 - bras_bralets/Б51-100/73_2.jpg
74_0.jpg,https://raw.githubusercontent.com/Richy5959/lastochka_phono/refs/heads/main/catalog_photos/data/2 - bras_bralets/Б51-100/74_0.jpg
74_1.jpg,https://raw.githubusercontent.com/Richy5959/lastochka_phono/refs/heads/main/catalog_photos/data/2 - bras_bralets/Б51-100/74_1.jpg
74_2.jpg,https://raw.githubusercontent.com/Richy5959/lastochka_phono/refs/heads/main/catalog_photos/data/2 - bras_bralets/Б51-100/74_2.jpg
75_0.jpg,https://raw.githubusercontent.com/Richy5959/lastochka_phono/refs/heads/main/catalog_photos/data/2 - bras_bralets/Б51-100/75_0.jpg
75_1.jpg,https://raw.githubusercontent.com/Richy5959/lastochka_phono/refs/heads/main/catalog_photos/data/2 - bras_bralets/Б51-100/75_1.jpg
75_2.jpg,https://raw.githubusercontent.com/Richy5959/lastochka_phono/refs/heads/main/catalog_photos/data/2 - bras_bralets/Б51-100/75_2.jpg
76_10.jpg,https://raw.githubusercontent.com/Richy5959/lastochka_phono/refs/heads/main/catalog_photos/data/2 - bras_bralets/Б51-100/76_10.jpg
76_11.jpg,https://raw.githubusercontent.com/Richy5959/lastochka_phono/refs/heads/main/catalog_photos/data/2 - bras_bralets/Б51-100/76_11.jpg
84_0.jpg,https://raw.githubusercontent.com/Richy5959/lastochka_phono/refs/heads/main/catalog_photos/data/2 - bras_bralets/Б51-100/84_0.jpg
84_1.jpg,https://raw.githubusercontent.com/Richy5959/lastochka_phono/refs/heads/main/catalog_photos/data/2 - bras_bralets/Б51-100/84_1.jpg
88_0.jpg,https://raw.githubusercontent.com/Richy5959/lastochka_phono/refs/heads/main/catalog_photos/data/2 - bras_bralets/Б51-100/88_0.jpg
88_1.jpg,https://raw.githubusercontent.com/Richy5959/lastochka_phono/refs/heads/main/catalog_photos/data/2 - bras_bralets/Б51-100/88_1.jpg
88_2.jpg,https://raw.githubusercontent.com/Richy5959/lastochka_phono/refs/heads/main/catalog_photos/data/2 - bras_bralets/Б51-100/88_2.jpg
91_0.jpg,https://raw.githubusercontent.com/Richy5959/lastochka_phono/refs/heads/main/catalog_photos/data/2 - bras_bralets/Б51-100/91_0.jpg
91_1.jpg,https://raw.githubusercontent.com/Richy5959/lastochka_phono/refs/heads/main/catalog_photos/data/2 - bras_bralets/Б51-100/91_1.jpg
91_2.jpg,https://raw.githubusercontent.com/Richy5959/lastochka_phono/refs/heads/main/catalog_photos/data/2 - bras_bralets/Б51-100/91_2.jpg
91_3.jpg,https://raw.githubusercontent.com/Richy5959/lastochka_phono/refs/heads/main/catalog_photos/data/2 - bras_bralets/Б51-100/91_3.jpg
98_10.jpg,https://raw.githubusercontent.com/Richy5959/lastochka_phono/refs/heads/main/catalog_photos/data/2 - bras_bralets/Б51-100/98_10.jpg
98_11.jpg,https://raw.githubusercontent.com/Richy5959/lastochka_phono/refs/heads/main/catalog_photos/data/2 - bras_bralets/Б51-100/98_11.jpg
98_12.jpg,https://raw.githubusercontent.com/Richy5959/lastochka_phono/refs/heads/main/catalog_photos/data/2 - bras_bralets/Б51-100/98_12.jpg
98_9.jpg,https://raw.githubusercontent.com/Richy5959/lastochka_phono/refs/heads/main/catalog_photos/data/2 - bras_bralets/Б51-100/98_9.jpg
99_0.jpg,https://raw.githubusercontent.com/Richy5959/lastochka_phono/refs/heads/main/catalog_photos/data/2 - bras_bralets/Б51-100/99_0.jpg
99_1.jpg,https://raw.githubusercontent.com/Richy5959/lastochka_phono/refs/heads/main/catalog_photos/data/2 - bras_bralets/Б51-100/99_1.jpg
Б62_0.jpg,https://raw.githubusercontent.com/Richy5959/lastochka_phono/refs/heads/main/catalog_photos/data/2 - bras_bralets/Б51-100/Б62_0.jpg
Б62_1.jpg,https://raw.githubusercontent.com/Richy5959/lastochka_phono/refs/heads/main/catalog_photos/data/2 - bras_bralets/Б51-100/Б62_1.jpg
Б77.jpg,https://raw.githubusercontent.com/Richy5959/lastochka_phono/refs/heads/main/catalog_photos/data/2 - bras_bralets/Б51-100/Б77.jpg
Б77_1.jpg,https://raw.githubusercontent.com/Richy5959/lastochka_phono/refs/heads/main/catalog_photos/data/2 - bras_bralets/Б51-100/Б77_1.jpg
Б77_2.jpg,https://raw.githubusercontent.com/Richy5959/lastochka_phono/refs/heads/main/catalog_photos/data/2 - bras_bralets/Б51-100/Б77_2.jpg
Б78.jpg,https://raw.githubusercontent.com/Richy5959/lastochka_phono/refs/heads/main/catalog_photos/data/2 - bras_bralets/Б51-100/Б78.jpg
Б79.jpg,https://raw.githubusercontent.com/Richy5959/lastochka_phono/refs/heads/main/catalog_photos/data/2 - bras_bralets/Б51-100/Б79.jpg
Б80_1.jpg,https://raw.githubusercontent.com/Richy5959/lastochka_phono/refs/heads/main/catalog_photos/data/2 - bras_bralets/Б51-100/Б80_1.jpg
Б80_2.jpg,https://raw.githubusercontent.com/Richy5959/lastochka_phono/refs/heads/main/catalog_photos/data/2 - bras_bralets/Б51-100/Б80_2.jpg
Б81_1.jpg,https://raw.githubusercontent.com/Richy5959/lastochka_phono/refs/heads/main/catalog_photos/data/2 - bras_bralets/Б51-100/Б81_1.jpg
Б81_2.jpg,https://raw.githubusercontent.com/Richy5959/lastochka_phono/refs/heads/main/catalog_photos/data/2 - bras_bralets/Б51-100/Б81_2.jpg
Б82_1.jpg,https://raw.githubusercontent.com/Richy5959/lastochka_phono/refs/heads/main/catalog_photos/data/2 - bras_bralets/Б51-100/Б82_1.jpg
Б82_2.jpg,https://raw.githubusercontent.com/Richy5959/lastochka_phono/refs/heads/main/catalog_photos/data/2 - bras_bralets/Б51-100/Б82_2.jpg
Б82_3.jpg,https://raw.githubusercontent.com/Richy5959/lastochka_phono/refs/heads/main/catalog_photos/data/2 - bras_bralets/Б51-100/Б82_3.jpg
Б83_1.jpg,https://raw.githubusercontent.com/Richy5959/lastochka_phono/refs/heads/main/catalog_photos/data/2 - bras_bralets/Б51-100/Б83_1.jpg
Б83_2.jpg,https://raw.githubusercontent.com/Richy5959/lastochka_phono/refs/heads/main/catalog_photos/data/2 - bras_bralets/Б51-100/Б83_2.jpg
Б83_3.jpg,https://raw.githubusercontent.com/Richy5959/lastochka_phono/refs/heads/main/catalog_photos/data/2 - bras_bralets/Б51-100/Б83_3.jpg
Б85.jpg,https://raw.githubusercontent.com/Richy5959/lastochka_phono/refs/heads/main/catalog_photos/data/2 - bras_bralets/Б51-100/Б85.jpg
Б86.jpg,https://raw.githubusercontent.com/Richy5959/lastochka_phono/refs/heads/main/catalog_photos/data/2 - bras_bralets/Б51-100/Б86.jpg
Б89_1.jpg,https://raw.githubusercontent.com/Richy5959/lastochka_phono/refs/heads/main/catalog_photos/data/2 - bras_bralets/Б51-100/Б89_1.jpg
Б89_2.jpg,https://raw.githubusercontent.com/Richy5959/lastochka_phono/refs/heads/main/catalog_photos/data/2 - bras_bralets/Б51-100/Б89_2.jpg
Б90_1.jpg,https://raw.githubusercontent.com/Richy5959/lastochka_phono/refs/heads/main/catalog_photos/data/2 - bras_bralets/Б51-100/Б90_1.jpg
Б90_2.jpg,https://raw.githubusercontent.com/Richy5959/lastochka_phono/refs/heads/main/catalog_photos/data/2 - bras_bralets/Б51-100/Б90_2.jpg
Б92_1.jpg,https://raw.githubusercontent.com/Richy5959/lastochka_phono/refs/heads/main/catalog_photos/data/2 - bras_bralets/Б51-100/Б92_1.jpg
Б92_2.jpg,https://raw.githubusercontent.com/Richy5959/lastochka_phono/refs/heads/main/catalog_photos/data/2 - bras_bralets/Б51-100/Б92_2.jpg
Б92_3.jpg,https://raw.githubusercontent.com/Richy5959/lastochka_phono/refs/heads/main/catalog_photos/data/2 - bras_bralets/Б51-100/Б92_3.jpg
Б93_1.jpg,https://raw.githubusercontent.com/Richy5959/lastochka_phono/refs/heads/main/catalog_photos/data/2 - bras_bralets/Б51-100/Б93_1.jpg
Б93_2.jpg,https://raw.githubusercontent.com/Richy5959/lastochka_phono/refs/heads/main/catalog_photos/data/2 - bras_bralets/Б51-100/Б93_2.jpg
Б93_3.jpg,https://raw.githubusercontent.com/Richy5959/lastochka_phono/refs/heads/main/catalog_photos/data/2 - bras_bralets/Б51-100/Б93_3.jpg
Б94_1.jpg,https://raw.githubusercontent.com/Richy5959/lastochka_phono/refs/heads/main/catalog_photos/data/2 - bras_bralets/Б51-100/Б94_1.jpg
Б94_2.jpg,https://raw.githubusercontent.com/Richy5959/lastochka_phono/refs/heads/main/catalog_photos/data/2 - bras_bralets/Б51-100/Б94_2.jpg
Б95_1.jpg,https://raw.githubusercontent.com/Richy5959/lastochka_phono/refs/heads/main/catalog_photos/data/2 - bras_bralets/Б51-100/Б95_1.jpg
Б95_2.jpg,https://raw.githubusercontent.com/Richy5959/lastochka_phono/refs/heads/main/catalog_photos/data/2 - bras_bralets/Б51-100/Б95_2.jpg
Б95_3.jpg,https://raw.githubusercontent.com/Richy5959/lastochka_phono/refs/heads/main/catalog_photos/data/2 - bras_bralets/Б51-100/Б95_3.jpg
Б96_1.jpg,https://raw.githubusercontent.com/Richy5959/lastochka_phono/refs/heads/main/catalog_photos/data/2 - bras_bralets/Б51-100/Б96_1.jpg
Б96_2.jpg,https://raw.githubusercontent.com/Richy5959/lastochka_phono/refs/heads/main/catalog_photos/data/2 - bras_bralets/Б51-100/Б96_2.jpg
Б97_1.jpg,https://raw.githubusercontent.com/Richy5959/lastochka_phono/refs/heads/main/catalog_photos/data/2 - bras_bralets/Б51-100/Б97_1.jpg
Б97_2.jpg,https://raw.githubusercontent.com/Richy5959/lastochka_phono/refs/heads/main/catalog_photos/data/2 - bras_bralets/Б51-100/Б97_2.jpg
Б97_3.jpg,https://raw.githubusercontent.com/Richy5959/lastochka_phono/refs/heads/main/catalog_photos/data/2 - bras_bralets/Б51-100/Б97_3.jpg
10_0.jpg,https://raw.githubusercontent.com/Richy5959/lastochka_phono/refs/heads/main/catalog_photos/data/3 - panties/Т1-50/10_0.jpg
10_1.jpg,https://raw.githubusercontent.com/Richy5959/lastochka_phono/refs/heads/main/catalog_photos/data/3 - panties/Т1-50/10_1.jpg
10_4.jpg,https://raw.githubusercontent.com/Richy5959/lastochka_phono/refs/heads/main/catalog_photos/data/3 - panties/Т1-50/10_4.jpg
11_0.jpg,https://raw.githubusercontent.com/Richy5959/lastochka_phono/refs/heads/main/catalog_photos/data/3 - panties/Т1-50/11_0.jpg
11_1.jpg,https://raw.githubusercontent.com/Richy5959/lastochka_phono/refs/heads/main/catalog_photos/data/3 - panties/Т1-50/11_1.jpg
11_8.jpg,https://raw.githubusercontent.com/Richy5959/lastochka_phono/refs/heads/main/catalog_photos/data/3 - panties/Т1-50/11_8.jpg
13_20.jpg,https://raw.githubusercontent.com/Richy5959/lastochka_phono/refs/heads/main/catalog_photos/data/3 - panties/Т1-50/13_20.jpg
13_21.jpg,https://raw.githubusercontent.com/Richy5959/lastochka_phono/refs/heads/main/catalog_photos/data/3 - panties/Т1-50/13_21.jpg
13_22.jpg,https://raw.githubusercontent.com/Richy5959/lastochka_phono/refs/heads/main/catalog_photos/data/3 - panties/Т1-50/13_22.jpg
16_20.jpg,https://raw.githubusercontent.com/Richy5959/lastochka_phono/refs/heads/main/catalog_photos/data/3 - panties/Т1-50/16_20.jpg
16_21.jpg,https://raw.githubusercontent.com/Richy5959/lastochka_phono/refs/heads/main/catalog_photos/data/3 - panties/Т1-50/16_21.jpg
18_0.jpg,https://raw.githubusercontent.com/Richy5959/lastochka_phono/refs/heads/main/catalog_photos/data/3 - panties/Т1-50/18_0.jpg
18_1.jpg,https://raw.githubusercontent.com/Richy5959/lastochka_phono/refs/heads/main/catalog_photos/data/3 - panties/Т1-50/18_1.jpg
20_0.jpg,https://raw.githubusercontent.com/Richy5959/lastochka_phono/refs/heads/main/catalog_photos/data/3 - panties/Т1-50/20_0.jpg
20_1.jpg,https://raw.githubusercontent.com/Richy5959/lastochka_phono/refs/heads/main/catalog_photos/data/3 - panties/Т1-50/20_1.jpg
21_0.jpg,https://raw.githubusercontent.com/Richy5959/lastochka_phono/refs/heads/main/catalog_photos/data/3 - panties/Т1-50/21_0.jpg
21_1.jpg,https://raw.githubusercontent.com/Richy5959/lastochka_phono/refs/heads/main/catalog_photos/data/3 - panties/Т1-50/21_1.jpg
21_2.jpg,https://raw.githubusercontent.com/Richy5959/lastochka_phono/refs/heads/main/catalog_photos/data/3 - panties/Т1-50/21_2.jpg
21_21.jpg,https://raw.githubusercontent.com/Richy5959/lastochka_phono/refs/heads/main/catalog_photos/data/3 - panties/Т1-50/21_21.jpg
21_22.jpg,https://raw.githubusercontent.com/Richy5959/lastochka_phono/refs/heads/main/catalog_photos/data/3 - panties/Т1-50/21_22.jpg
21_23.jpg,https://raw.githubusercontent.com/Richy5959/lastochka_phono/refs/heads/main/catalog_photos/data/3 - panties/Т1-50/21_23.jpg
21_24.jpg,https://raw.githubusercontent.com/Richy5959/lastochka_phono/refs/heads/main/catalog_photos/data/3 - panties/Т1-50/21_24.jpg
21_25.jpg,https://raw.githubusercontent.com/Richy5959/lastochka_phono/refs/heads/main/catalog_photos/data/3 - panties/Т1-50/21_25.jpg
21_26.jpg,https://raw.githubusercontent.com/Richy5959/lastochka_phono/refs/heads/main/catalog_photos/data/3 - panties/Т1-50/21_26.jpg
21_3.jpg,https://raw.githubusercontent.com/Richy5959/lastochka_phono/refs/heads/main/catalog_photos/data/3 - panties/Т1-50/21_3.jpg
21_4.jpg,https://raw.githubusercontent.com/Richy5959/lastochka_phono/refs/heads/main/catalog_photos/data/3 - panties/Т1-50/21_4.jpg
22.jpg,https://raw.githubusercontent.com/Richy5959/lastochka_phono/refs/heads/main/catalog_photos/data/3 - panties/Т1-50/22.jpg
23_0.jpg,https://raw.githubusercontent.com/Richy5959/lastochka_phono/refs/heads/main/catalog_photos/data/3 - panties/Т1-50/23_0.jpg
23_1.jpg,https://raw.githubusercontent.com/Richy5959/lastochka_phono/refs/heads/main/catalog_photos/data/3 - panties/Т1-50/23_1.jpg
23_2.jpg,https://raw.githubusercontent.com/Richy5959/lastochka_phono/refs/heads/main/catalog_photos/data/3 - panties/Т1-50/23_2.jpg
24_0.jpg,https://raw.githubusercontent.com/Richy5959/lastochka_phono/refs/heads/main/catalog_photos/data/3 - panties/Т1-50/24_0.jpg
24_1.jpg,https://raw.githubusercontent.com/Richy5959/lastochka_phono/refs/heads/main/catalog_photos/data/3 - panties/Т1-50/24_1.jpg
24_2.jpg,https://raw.githubusercontent.com/Richy5959/lastochka_phono/refs/heads/main/catalog_photos/data/3 - panties/Т1-50/24_2.jpg
25_1.jpg,https://raw.githubusercontent.com/Richy5959/lastochka_phono/refs/heads/main/catalog_photos/data/3 - panties/Т1-50/25_1.jpg
25_2.jpg,https://raw.githubusercontent.com/Richy5959/lastochka_phono/refs/heads/main/catalog_photos/data/3 - panties/Т1-50/25_2.jpg
27_1.jpg,https://raw.githubusercontent.com/Richy5959/lastochka_phono/refs/heads/main/catalog_photos/data/3 - panties/Т1-50/27_1.jpg
27_2.jpg,https://raw.githubusercontent.com/Richy5959/lastochka_phono/refs/heads/main/catalog_photos/data/3 - panties/Т1-50/27_2.jpg
27_3.jpg,https://raw.githubusercontent.com/Richy5959/lastochka_phono/refs/heads/main/catalog_photos/data/3 - panties/Т1-50/27_3.jpg
28_1.jpg,https://raw.githubusercontent.com/Richy5959/lastochka_phono/refs/heads/main/catalog_photos/data/3 - panties/Т1-50/28_1.jpg
28_2.jpg,https://raw.githubusercontent.com/Richy5959/lastochka_phono/refs/heads/main/catalog_photos/data/3 - panties/Т1-50/28_2.jpg
28_3.jpg,https://raw.githubusercontent.com/Richy5959/lastochka_phono/refs/heads/main/catalog_photos/data/3 - panties/Т1-50/28_3.jpg
28_4.jpg,https://raw.githubusercontent.com/Richy5959/lastochka_phono/refs/heads/main/catalog_photos/data/3 - panties/Т1-50/28_4.jpg
2_0.jpg,https://raw.githubusercontent.com/Richy5959/lastochka_phono/refs/heads/main/catalog_photos/data/3 - panties/Т1-50/2_0.jpg
2_1.jpg,https://raw.githubusercontent.com/Richy5959/lastochka_phono/refs/heads/main/catalog_photos/data/3 - panties/Т1-50/2_1.jpg
2_2.jpg,https://raw.githubusercontent.com/Richy5959/lastochka_phono/refs/heads/main/catalog_photos/data/3 - panties/Т1-50/2_2.jpg
2_3.jpg,https://raw.githubusercontent.com/Richy5959/lastochka_phono/refs/heads/main/catalog_photos/data/3 - panties/Т1-50/2_3.jpg
30_5.jpg,https://raw.githubusercontent.com/Richy5959/lastochka_phono/refs/heads/main/catalog_photos/data/3 - panties/Т1-50/30_5.jpg
30_6.jpg,https://raw.githubusercontent.com/Richy5959/lastochka_phono/refs/heads/main/catalog_photos/data/3 - panties/Т1-50/30_6.jpg
30_7.jpg,https://raw.githubusercontent.com/Richy5959/lastochka_phono/refs/heads/main/catalog_photos/data/3 - panties/Т1-50/30_7.jpg
30_8.jpg,https://raw.githubusercontent.com/Richy5959/lastochka_phono/refs/heads/main/catalog_photos/data/3 - panties/Т1-50/30_8.jpg
31_10.jpg,https://raw.githubusercontent.com/Richy5959/lastochka_phono/refs/heads/main/catalog_photos/data/3 - panties/Т1-50/31_10.jpg
31_11.jpg,https://raw.githubusercontent.com/Richy5959/lastochka_phono/refs/heads/main/catalog_photos/data/3 - panties/Т1-50/31_11.jpg
32_10.jpg,https://raw.githubusercontent.com/Richy5959/lastochka_phono/refs/heads/main/catalog_photos/data/3 - panties/Т1-50/32_10.jpg
32_11.jpg,https://raw.githubusercontent.com/Richy5959/lastochka_phono/refs/heads/main/catalog_photos/data/3 - panties/Т1-50/32_11.jpg
32_6.jpg,https://raw.githubusercontent.com/Richy5959/lastochka_phono/refs/heads/main/catalog_photos/data/3 - panties/Т1-50/32_6.jpg
32_7.jpg,https://raw.githubusercontent.com/Richy5959/lastochka_phono/refs/heads/main/catalog_photos/data/3 - panties/Т1-50/32_7.jpg
32_8.jpg,https://raw.githubusercontent.com/Richy5959/lastochka_phono/refs/heads/main/catalog_photos/data/3 - panties/Т1-50/32_8.jpg
32_9.jpg,https://raw.githubusercontent.com/Richy5959/lastochka_phono/refs/heads/main/catalog_photos/data/3 - panties/Т1-50/32_9.jpg
33_0.jpg,https://raw.githubusercontent.com/Richy5959/lastochka_phono/refs/heads/main/catalog_photos/data/3 - panties/Т1-50/33_0.jpg
33_1.jpg,https://raw.githubusercontent.com/Richy5959/lastochka_phono/refs/heads/main/catalog_photos/data/3 - panties/Т1-50/33_1.jpg
33_2.jpg,https://raw.githubusercontent.com/Richy5959/lastochka_phono/refs/heads/main/catalog_photos/data/3 - panties/Т1-50/33_2.jpg
34_0.jpg,https://raw.githubusercontent.com/Richy5959/lastochka_phono/refs/heads/main/catalog_photos/data/3 - panties/Т1-50/34_0.jpg
34_1.jpg,https://raw.githubusercontent.com/Richy5959/lastochka_phono/refs/heads/main/catalog_photos/data/3 - panties/Т1-50/34_1.jpg
34_2.jpg,https://raw.githubusercontent.com/Richy5959/lastochka_phono/refs/heads/main/catalog_photos/data/3 - panties/Т1-50/34_2.jpg
35_10.jpg,https://raw.githubusercontent.com/Richy5959/lastochka_phono/refs/heads/main/catalog_photos/data/3 - panties/Т1-50/35_10.jpg
35_12.jpg,https://raw.githubusercontent.com/Richy5959/lastochka_phono/refs/heads/main/catalog_photos/data/3 - panties/Т1-50/35_12.jpg
35_14.jpg,https://raw.githubusercontent.com/Richy5959/lastochka_phono/refs/heads/main/catalog_photos/data/3 - panties/Т1-50/35_14.jpg
35_15.jpg,https://raw.githubusercontent.com/Richy5959/lastochka_phono/refs/heads/main/catalog_photos/data/3 - panties/Т1-50/35_15.jpg
35_16.jpg,https://raw.githubusercontent.com/Richy5959/lastochka_phono/refs/heads/main/catalog_photos/data/3 - panties/Т1-50/35_16.jpg
37_0.jpg,https://raw.githubusercontent.com/Richy5959/lastochka_phono/refs/heads/main/catalog_photos/data/3 - panties/Т1-50/37_0.jpg
38_0.jpg,https://raw.githubusercontent.com/Richy5959/lastochka_phono/refs/heads/main/catalog_photos/data/3 - panties/Т1-50/38_0.jpg
38_1.jpg,https://raw.githubusercontent.com/Richy5959/lastochka_phono/refs/heads/main/catalog_photos/data/3 - panties/Т1-50/38_1.jpg
39_2.jpg,https://raw.githubusercontent.com/Richy5959/lastochka_phono/refs/heads/main/catalog_photos/data/3 - panties/Т1-50/39_2.jpg
3_20.jpg,https://raw.githubusercontent.com/Richy5959/lastochka_phono/refs/heads/main/catalog_photos/data/3 - panties/Т1-50/3_20.jpg
3_21.jpg,https://raw.githubusercontent.com/Richy5959/lastochka_phono/refs/heads/main/catalog_photos/data/3 - panties/Т1-50/3_21.jpg
3_22.jpg,https://raw.githubusercontent.com/Richy5959/lastochka_phono/refs/heads/main/catalog_photos/data/3 - panties/Т1-50/3_22.jpg
3_23.jpg,https://raw.githubusercontent.com/Richy5959/lastochka_phono/refs/heads/main/catalog_photos/data/3 - panties/Т1-50/3_23.jpg
42_0.jpg,https://raw.githubusercontent.com/Richy5959/lastochka_phono/refs/heads/main/catalog_photos/data/3 - panties/Т1-50/42_0.jpg
42_1.jpg,https://raw.githubusercontent.com/Richy5959/lastochka_phono/refs/heads/main/catalog_photos/data/3 - panties/Т1-50/42_1.jpg
42_2.jpg,https://raw.githubusercontent.com/Richy5959/lastochka_phono/refs/heads/main/catalog_photos/data/3 - panties/Т1-50/42_2.jpg
42_3.jpg,https://raw.githubusercontent.com/Richy5959/lastochka_phono/refs/heads/main/catalog_photos/data/3 - panties/Т1-50/42_3.jpg
47_0.jpg,https://raw.githubusercontent.com/Richy5959/lastochka_phono/refs/heads/main/catalog_photos/data/3 - panties/Т1-50/47_0.jpg
47_1.jpg,https://raw.githubusercontent.com/Richy5959/lastochka_phono/refs/heads/main/catalog_photos/data/3 - panties/Т1-50/47_1.jpg
47_2.jpg,https://raw.githubusercontent.com/Richy5959/lastochka_phono/refs/heads/main/catalog_photos/data/3 - panties/Т1-50/47_2.jpg
47_5.jpg,https://raw.githubusercontent.com/Richy5959/lastochka_phono/refs/heads/main/catalog_photos/data/3 - panties/Т1-50/47_5.jpg
48_0.jpg,https://raw.githubusercontent.com/Richy5959/lastochka_phono/refs/heads/main/catalog_photos/data/3 - panties/Т1-50/48_0.jpg
48_1.jpg,https://raw.githubusercontent.com/Richy5959/lastochka_phono/refs/heads/main/catalog_photos/data/3 - panties/Т1-50/48_1.jpg
48_2.jpg,https://raw.githubusercontent.com/Richy5959/lastochka_phono/refs/heads/main/catalog_photos/data/3 - panties/Т1-50/48_2.jpg
49.jpg,https://raw.githubusercontent.com/Richy5959/lastochka_phono/refs/heads/main/catalog_photos/data/3 - panties/Т1-50/49.jpg
50_0.jpg,https://raw.githubusercontent.com/Richy5959/lastochka_phono/refs/heads/main/catalog_photos/data/3 - panties/Т1-50/50_0.jpg
50_1.jpg,https://raw.githubusercontent.com/Richy5959/lastochka_phono/refs/heads/main/catalog_photos/data/3 - panties/Т1-50/50_1.jpg
50_2.jpg,https://raw.githubusercontent.com/Richy5959/lastochka_phono/refs/heads/main/catalog_photos/data/3 - panties/Т1-50/50_2.jpg
50_3.jpg,https://raw.githubusercontent.com/Richy5959/lastochka_phono/refs/heads/main/catalog_photos/data/3 - panties/Т1-50/50_3.jpg
8_2.jpg,https://raw.githubusercontent.com/Richy5959/lastochka_phono/refs/heads/main/catalog_photos/data/3 - panties/Т1-50/8_2.jpg
8_3.jpg,https://raw.githubusercontent.com/Richy5959/lastochka_phono/refs/heads/main/catalog_photos/data/3 - panties/Т1-50/8_3.jpg
9_0.jpg,https://raw.githubusercontent.com/Richy5959/lastochka_phono/refs/heads/main/catalog_photos/data/3 - panties/Т1-50/9_0.jpg
9_1.jpg,https://raw.githubusercontent.com/Richy5959/lastochka_phono/refs/heads/main/catalog_photos/data/3 - panties/Т1-50/9_1.jpg
9_2.jpg,https://raw.githubusercontent.com/Richy5959/lastochka_phono/refs/heads/main/catalog_photos/data/3 - panties/Т1-50/9_2.jpg
Т40.jpg,https://raw.githubusercontent.com/Richy5959/lastochka_phono/refs/heads/main/catalog_photos/data/3 - panties/Т1-50/Т40.jpg
Т43.jpg,https://raw.githubusercontent.com/Richy5959/lastochka_phono/refs/heads/main/catalog_photos/data/3 - panties/Т1-50/Т43.jpg
Т44_0.jpg,https://raw.githubusercontent.com/Richy5959/lastochka_phono/refs/heads/main/catalog_photos/data/3 - panties/Т1-50/Т44_0.jpg
Т44_1.jpg,https://raw.githubusercontent.com/Richy5959/lastochka_phono/refs/heads/main/catalog_photos/data/3 - panties/Т1-50/Т44_1.jpg
Т8.jpg,https://raw.githubusercontent.com/Richy5959/lastochka_phono/refs/heads/main/catalog_photos/data/3 - panties/Т1-50/Т8.jpg
104_1.jpg,https://raw.githubusercontent.com/Richy5959/lastochka_phono/refs/heads/main/catalog_photos/data/3 - panties/Т101-150/104_1.jpg
104_2.jpg,https://raw.githubusercontent.com/Richy5959/lastochka_phono/refs/heads/main/catalog_photos/data/3 - panties/Т101-150/104_2.jpg
104_3.jpg,https://raw.githubusercontent.com/Richy5959/lastochka_phono/refs/heads/main/catalog_photos/data/3 - panties/Т101-150/104_3.jpg
105_1.jpg,https://raw.githubusercontent.com/Richy5959/lastochka_phono/refs/heads/main/catalog_photos/data/3 - panties/Т101-150/105_1.jpg
105_2.jpg,https://raw.githubusercontent.com/Richy5959/lastochka_phono/refs/heads/main/catalog_photos/data/3 - panties/Т101-150/105_2.jpg
105_3.jpg,https://raw.githubusercontent.com/Richy5959/lastochka_phono/refs/heads/main/catalog_photos/data/3 - panties/Т101-150/105_3.jpg
105_4.jpg,https://raw.githubusercontent.com/Richy5959/lastochka_phono/refs/heads/main/catalog_photos/data/3 - panties/Т101-150/105_4.jpg
106_1.jpg,https://raw.githubusercontent.com/Richy5959/lastochka_phono/refs/heads/main/catalog_photos/data/3 - panties/Т101-150/106_1.jpg
106_2.jpg,https://raw.githubusercontent.com/Richy5959/lastochka_phono/refs/heads/main/catalog_photos/data/3 - panties/Т101-150/106_2.jpg
106_3.jpg,https://raw.githubusercontent.com/Richy5959/lastochka_phono/refs/heads/main/catalog_photos/data/3 - panties/Т101-150/106_3.jpg
106_4.jpg,https://raw.githubusercontent.com/Richy5959/lastochka_phono/refs/heads/main/catalog_photos/data/3 - panties/Т101-150/106_4.jpg
107_1.jpg,https://raw.githubusercontent.com/Richy5959/lastochka_phono/refs/heads/main/catalog_photos/data/3 - panties/Т101-150/107_1.jpg
107_2.jpg,https://raw.githubusercontent.com/Richy5959/lastochka_phono/refs/heads/main/catalog_photos/data/3 - panties/Т101-150/107_2.jpg
108_1.jpg,https://raw.githubusercontent.com/Richy5959/lastochka_phono/refs/heads/main/catalog_photos/data/3 - panties/Т101-150/108_1.jpg
108_2.jpg,https://raw.githubusercontent.com/Richy5959/lastochka_phono/refs/heads/main/catalog_photos/data/3 - panties/Т101-150/108_2.jpg
108_3.jpg,https://raw.githubusercontent.com/Richy5959/lastochka_phono/refs/heads/main/catalog_photos/data/3 - panties/Т101-150/108_3.jpg
108_4.jpg,https://raw.githubusercontent.com/Richy5959/lastochka_phono/refs/heads/main/catalog_photos/data/3 - panties/Т101-150/108_4.jpg
108_5.jpg,https://raw.githubusercontent.com/Richy5959/lastochka_phono/refs/heads/main/catalog_photos/data/3 - panties/Т101-150/108_5.jpg
108_6.jpg,https://raw.githubusercontent.com/Richy5959/lastochka_phono/refs/heads/main/catalog_photos/data/3 - panties/Т101-150/108_6.jpg
109_1.jpg,https://raw.githubusercontent.com/Richy5959/lastochka_phono/refs/heads/main/catalog_photos/data/3 - panties/Т101-150/109_1.jpg
109_2.jpg,https://raw.githubusercontent.com/Richy5959/lastochka_phono/refs/heads/main/catalog_photos/data/3 - panties/Т101-150/109_2.jpg
109_3.jpg,https://raw.githubusercontent.com/Richy5959/lastochka_phono/refs/heads/main/catalog_photos/data/3 - panties/Т101-150/109_3.jpg
109_4.jpg,https://raw.githubusercontent.com/Richy5959/lastochka_phono/refs/heads/main/catalog_photos/data/3 - panties/Т101-150/109_4.jpg
110_1.jpg,https://raw.githubusercontent.com/Richy5959/lastochka_phono/refs/heads/main/catalog_photos/data/3 - panties/Т101-150/110_1.jpg
110_2.jpg,https://raw.githubusercontent.com/Richy5959/lastochka_phono/refs/heads/main/catalog_photos/data/3 - panties/Т101-150/110_2.jpg
110_3.jpg,https://raw.githubusercontent.com/Richy5959/lastochka_phono/refs/heads/main/catalog_photos/data/3 - panties/Т101-150/110_3.jpg
112_10.jpg,https://raw.githubusercontent.com/Richy5959/lastochka_phono/refs/heads/main/catalog_photos/data/3 - panties/Т101-150/112_10.jpg
112_11.jpg,https://raw.githubusercontent.com/Richy5959/lastochka_phono/refs/heads/main/catalog_photos/data/3 - panties/Т101-150/112_11.jpg
112_15.jpg,https://raw.githubusercontent.com/Richy5959/lastochka_phono/refs/heads/main/catalog_photos/data/3 - panties/Т101-150/112_15.jpg
112_16.jpg,https://raw.githubusercontent.com/Richy5959/lastochka_phono/refs/heads/main/catalog_photos/data/3 - panties/Т101-150/112_16.jpg
112_17.jpg,https://raw.githubusercontent.com/Richy5959/lastochka_phono/refs/heads/main/catalog_photos/data/3 - panties/Т101-150/112_17.jpg
114_9.jpg,https://raw.githubusercontent.com/Richy5959/lastochka_phono/refs/heads/main/catalog_photos/data/3 - panties/Т101-150/114_9.jpg
116_9.jpg,https://raw.githubusercontent.com/Richy5959/lastochka_phono/refs/heads/main/catalog_photos/data/3 - panties/Т101-150/116_9.jpg
118_10.jpg,https://raw.githubusercontent.com/Richy5959/lastochka_phono/refs/heads/main/catalog_photos/data/3 - panties/Т101-150/118_10.jpg
118_11.jpg,https://raw.githubusercontent.com/Richy5959/lastochka_phono/refs/heads/main/catalog_photos/data/3 - panties/Т101-150/118_11.jpg
118_12.jpg,https://raw.githubusercontent.com/Richy5959/lastochka_phono/refs/heads/main/catalog_photos/data/3 - panties/Т101-150/118_12.jpg
119_10.jpg,https://raw.githubusercontent.com/Richy5959/lastochka_phono/refs/heads/main/catalog_photos/data/3 - panties/Т101-150/119_10.jpg
120_10.jpg,https://raw.githubusercontent.com/Richy5959/lastochka_phono/refs/heads/main/catalog_photos/data/3 - panties/Т101-150/120_10.jpg
120_11.jpg,https://raw.githubusercontent.com/Richy5959/lastochka_phono/refs/heads/main/catalog_photos/data/3 - panties/Т101-150/120_11.jpg
120_12.jpg,https://raw.githubusercontent.com/Richy5959/lastochka_phono/refs/heads/main/catalog_photos/data/3 - panties/Т101-150/120_12.jpg
120_13.jpg,https://raw.githubusercontent.com/Richy5959/lastochka_phono/refs/heads/main/catalog_photos/data/3 - panties/Т101-150/120_13.jpg
120_14.jpg,https://raw.githubusercontent.com/Richy5959/lastochka_phono/refs/heads/main/catalog_photos/data/3 - panties/Т101-150/120_14.jpg
120_15.jpg,https://raw.githubusercontent.com/Richy5959/lastochka_phono/refs/heads/main/catalog_photos/data/3 - panties/Т101-150/120_15.jpg
120_16.jpg,https://raw.githubusercontent.com/Richy5959/lastochka_phono/refs/heads/main/catalog_photos/data/3 - panties/Т101-150/120_16.jpg
120_17.jpg,https://raw.githubusercontent.com/Richy5959/lastochka_phono/refs/heads/main/catalog_photos/data/3 - panties/Т101-150/120_17.jpg
120_30.jpg,https://raw.githubusercontent.com/Richy5959/lastochka_phono/refs/heads/main/catalog_photos/data/3 - panties/Т101-150/120_30.jpg
124_10.jpg,https://raw.githubusercontent.com/Richy5959/lastochka_phono/refs/heads/main/catalog_photos/data/3 - panties/Т101-150/124_10.jpg
124_11.jpg,https://raw.githubusercontent.com/Richy5959/lastochka_phono/refs/heads/main/catalog_photos/data/3 - panties/Т101-150/124_11.jpg
125_10.jpg,https://raw.githubusercontent.com/Richy5959/lastochka_phono/refs/heads/main/catalog_photos/data/3 - panties/Т101-150/125_10.jpg
126_10.jpg,https://raw.githubusercontent.com/Richy5959/lastochka_phono/refs/heads/main/catalog_photos/data/3 - panties/Т101-150/126_10.jpg
126_11.jpg,https://raw.githubusercontent.com/Richy5959/lastochka_phono/refs/heads/main/catalog_photos/data/3 - panties/Т101-150/126_11.jpg
126_12.jpg,https://raw.githubusercontent.com/Richy5959/lastochka_phono/refs/heads/main/catalog_photos/data/3 - panties/Т101-150/126_12.jpg
127_10.jpg,https://raw.githubusercontent.com/Richy5959/lastochka_phono/refs/heads/main/catalog_photos/data/3 - panties/Т101-150/127_10.jpg
127_11.jpg,https://raw.githubusercontent.com/Richy5959/lastochka_phono/refs/heads/main/catalog_photos/data/3 - panties/Т101-150/127_11.jpg
127_12.jpg,https://raw.githubusercontent.com/Richy5959/lastochka_phono/refs/heads/main/catalog_photos/data/3 - panties/Т101-150/127_12.jpg
128_10.jpg,https://raw.githubusercontent.com/Richy5959/lastochka_phono/refs/heads/main/catalog_photos/data/3 - panties/Т101-150/128_10.jpg
129_9.jpg,https://raw.githubusercontent.com/Richy5959/lastochka_phono/refs/heads/main/catalog_photos/data/3 - panties/Т101-150/129_9.jpg
133_0.jpg,https://raw.githubusercontent.com/Richy5959/lastochka_phono/refs/heads/main/catalog_photos/data/3 - panties/Т101-150/133_0.jpg
133_1.jpg,https://raw.githubusercontent.com/Richy5959/lastochka_phono/refs/heads/main/catalog_photos/data/3 - panties/Т101-150/133_1.jpg
133_2.jpg,https://raw.githubusercontent.com/Richy5959/lastochka_phono/refs/heads/main/catalog_photos/data/3 - panties/Т101-150/133_2.jpg
133_3.jpg,https://raw.githubusercontent.com/Richy5959/lastochka_phono/refs/heads/main/catalog_photos/data/3 - panties/Т101-150/133_3.jpg
133_4.jpg,https://raw.githubusercontent.com/Richy5959/lastochka_phono/refs/heads/main/catalog_photos/data/3 - panties/Т101-150/133_4.jpg
133_5.jpg,https://raw.githubusercontent.com/Richy5959/lastochka_phono/refs/heads/main/catalog_photos/data/3 - panties/Т101-150/133_5.jpg
134_0.jpg,https://raw.githubusercontent.com/Richy5959/lastochka_phono/refs/heads/main/catalog_photos/data/3 - panties/Т101-150/134_0.jpg
134_1.jpg,https://raw.githubusercontent.com/Richy5959/lastochka_phono/refs/heads/main/catalog_photos/data/3 - panties/Т101-150/134_1.jpg
134_2.jpg,https://raw.githubusercontent.com/Richy5959/lastochka_phono/refs/heads/main/catalog_photos/data/3 - panties/Т101-150/134_2.jpg
134_3.jpg,https://raw.githubusercontent.com/Richy5959/lastochka_phono/refs/heads/main/catalog_photos/data/3 - panties/Т101-150/134_3.jpg
134_4.jpg,https://raw.githubusercontent.com/Richy5959/lastochka_phono/refs/heads/main/catalog_photos/data/3 - panties/Т101-150/134_4.jpg
134_5.jpg,https://raw.githubusercontent.com/Richy5959/lastochka_phono/refs/heads/main/catalog_photos/data/3 - panties/Т101-150/134_5.jpg
135_0.jpg,https://raw.githubusercontent.com/Richy5959/lastochka_phono/refs/heads/main/catalog_photos/data/3 - panties/Т101-150/135_0.jpg
135_1.jpg,https://raw.githubusercontent.com/Richy5959/lastochka_phono/refs/heads/main/catalog_photos/data/3 - panties/Т101-150/135_1.jpg
136_20.jpg,https://raw.githubusercontent.com/Richy5959/lastochka_phono/refs/heads/main/catalog_photos/data/3 - panties/Т101-150/136_20.jpg
136_21.jpg,https://raw.githubusercontent.com/Richy5959/lastochka_phono/refs/heads/main/catalog_photos/data/3 - panties/Т101-150/136_21.jpg
136_22.jpg,https://raw.githubusercontent.com/Richy5959/lastochka_phono/refs/heads/main/catalog_photos/data/3 - panties/Т101-150/136_22.jpg
138_0.jpg,https://raw.githubusercontent.com/Richy5959/lastochka_phono/refs/heads/main/catalog_photos/data/3 - panties/Т101-150/138_0.jpg
138_1.jpg,https://raw.githubusercontent.com/Richy5959/lastochka_phono/refs/heads/main/catalog_photos/data/3 - panties/Т101-150/138_1.jpg
138_2.jpg,https://raw.githubusercontent.com/Richy5959/lastochka_phono/refs/heads/main/catalog_photos/data/3 - panties/Т101-150/138_2.jpg
138_3.jpg,https://raw.githubusercontent.com/Richy5959/lastochka_phono/refs/heads/main/catalog_photos/data/3 - panties/Т101-150/138_3.jpg
139_0.jpg,https://raw.githubusercontent.com/Richy5959/lastochka_phono/refs/heads/main/catalog_photos/data/3 - panties/Т101-150/139_0.jpg
139_1.jpg,https://raw.githubusercontent.com/Richy5959/lastochka_phono/refs/heads/main/catalog_photos/data/3 - panties/Т101-150/139_1.jpg
139_3.jpg,https://raw.githubusercontent.com/Richy5959/lastochka_phono/refs/heads/main/catalog_photos/data/3 - panties/Т101-150/139_3.jpg
139_4.jpg,https://raw.githubusercontent.com/Richy5959/lastochka_phono/refs/heads/main/catalog_photos/data/3 - panties/Т101-150/139_4.jpg
139_5.jpg,https://raw.githubusercontent.com/Richy5959/lastochka_phono/refs/heads/main/catalog_photos/data/3 - panties/Т101-150/139_5.jpg
139_6.jpg,https://raw.githubusercontent.com/Richy5959/lastochka_phono/refs/heads/main/catalog_photos/data/3 - panties/Т101-150/139_6.jpg
139_7.jpg,https://raw.githubusercontent.com/Richy5959/lastochka_phono/refs/heads/main/catalog_photos/data/3 - panties/Т101-150/139_7.jpg
139_8.jpg,https://raw.githubusercontent.com/Richy5959/lastochka_phono/refs/heads/main/catalog_photos/data/3 - panties/Т101-150/139_8.jpg
139_9.jpg,https://raw.githubusercontent.com/Richy5959/lastochka_phono/refs/heads/main/catalog_photos/data/3 - panties/Т101-150/139_9.jpg
141_4.jpg,https://raw.githubusercontent.com/Richy5959/lastochka_phono/refs/heads/main/catalog_photos/data/3 - panties/Т101-150/141_4.jpg
142_1.jpg,https://raw.githubusercontent.com/Richy5959/lastochka_phono/refs/heads/main/catalog_photos/data/3 - panties/Т101-150/142_1.jpg
142_2.jpg,https://raw.githubusercontent.com/Richy5959/lastochka_phono/refs/heads/main/catalog_photos/data/3 - panties/Т101-150/142_2.jpg
142_20.jpg,https://raw.githubusercontent.com/Richy5959/lastochka_phono/refs/heads/main/catalog_photos/data/3 - panties/Т101-150/142_20.jpg
144_3.jpg,https://raw.githubusercontent.com/Richy5959/lastochka_phono/refs/heads/main/catalog_photos/data/3 - panties/Т101-150/144_3.jpg
149_20.jpg,https://raw.githubusercontent.com/Richy5959/lastochka_phono/refs/heads/main/catalog_photos/data/3 - panties/Т101-150/149_20.jpg
150_20.jpg,https://raw.githubusercontent.com/Richy5959/lastochka_phono/refs/heads/main/catalog_photos/data/3 - panties/Т101-150/150_20.jpg
150_21.jpg,https://raw.githubusercontent.com/Richy5959/lastochka_phono/refs/heads/main/catalog_photos/data/3 - panties/Т101-150/150_21.jpg
150_22.jpg,https://raw.githubusercontent.com/Richy5959/lastochka_phono/refs/heads/main/catalog_photos/data/3 - panties/Т101-150/150_22.jpg
150_23.jpg,https://raw.githubusercontent.com/Richy5959/lastochka_phono/refs/heads/main/catalog_photos/data/3 - panties/Т101-150/150_23.jpg
150_24.jpg,https://raw.githubusercontent.com/Richy5959/lastochka_phono/refs/heads/main/catalog_photos/data/3 - panties/Т101-150/150_24.jpg
Т103.jpg,https://raw.githubusercontent.com/Richy5959/lastochka_phono/refs/heads/main/catalog_photos/data/3 - panties/Т101-150/Т103.jpg
Т141_0.jpg,https://raw.githubusercontent.com/Richy5959/lastochka_phono/refs/heads/main/catalog_photos/data/3 - panties/Т101-150/Т141_0.jpg
Т141_1.jpg,https://raw.githubusercontent.com/Richy5959/lastochka_phono/refs/heads/main/catalog_photos/data/3 - panties/Т101-150/Т141_1.jpg
Т141_2.jpg,https://raw.githubusercontent.com/Richy5959/lastochka_phono/refs/heads/main/catalog_photos/data/3 - panties/Т101-150/Т141_2.jpg
Т141_3.jpg,https://raw.githubusercontent.com/Richy5959/lastochka_phono/refs/heads/main/catalog_photos/data/3 - panties/Т101-150/Т141_3.jpg
Т142_0.jpg,https://raw.githubusercontent.com/Richy5959/lastochka_phono/refs/heads/main/catalog_photos/data/3 - panties/Т101-150/Т142_0.jpg
Т143_0.jpg,https://raw.githubusercontent.com/Richy5959/lastochka_phono/refs/heads/main/catalog_photos/data/3 - panties/Т101-150/Т143_0.jpg
Т143_1.jpg,https://raw.githubusercontent.com/Richy5959/lastochka_phono/refs/heads/main/catalog_photos/data/3 - panties/Т101-150/Т143_1.jpg
Т143_2.jpg,https://raw.githubusercontent.com/Richy5959/lastochka_phono/refs/heads/main/catalog_photos/data/3 - panties/Т101-150/Т143_2.jpg
Т144_0.jpg,https://raw.githubusercontent.com/Richy5959/lastochka_phono/refs/heads/main/catalog_photos/data/3 - panties/Т101-150/Т144_0.jpg
Т144_1.jpg,https://raw.githubusercontent.com/Richy5959/lastochka_phono/refs/heads/main/catalog_photos/data/3 - panties/Т101-150/Т144_1.jpg
Т144_2.jpg,https://raw.githubusercontent.com/Richy5959/lastochka_phono/refs/heads/main/catalog_photos/data/3 - panties/Т101-150/Т144_2.jpg
Т145_0.jpg,https://raw.githubusercontent.com/Richy5959/lastochka_phono/refs/heads/main/catalog_photos/data/3 - panties/Т101-150/Т145_0.jpg
Т145_1.jpg,https://raw.githubusercontent.com/Richy5959/lastochka_phono/refs/heads/main/catalog_photos/data/3 - panties/Т101-150/Т145_1.jpg
Т146.jpg,https://raw.githubusercontent.com/Richy5959/lastochka_phono/refs/heads/main/catalog_photos/data/3 - panties/Т101-150/Т146.jpg
Т147.jpg,https://raw.githubusercontent.com/Richy5959/lastochka_phono/refs/heads/main/catalog_photos/data/3 - panties/Т101-150/Т147.jpg
Т148.jpg,https://raw.githubusercontent.com/Richy5959/lastochka_phono/refs/heads/main/catalog_photos/data/3 - panties/Т101-150/Т148.jpg
152_20.jpg,https://raw.githubusercontent.com/Richy5959/lastochka_phono/refs/heads/main/catalog_photos/data/3 - panties/Т151-200/152_20.jpg
155_20.jpg,https://raw.githubusercontent.com/Richy5959/lastochka_phono/refs/heads/main/catalog_photos/data/3 - panties/Т151-200/155_20.jpg
155_21.jpg,https://raw.githubusercontent.com/Richy5959/lastochka_phono/refs/heads/main/catalog_photos/data/3 - panties/Т151-200/155_21.jpg
155_22.jpg,https://raw.githubusercontent.com/Richy5959/lastochka_phono/refs/heads/main/catalog_photos/data/3 - panties/Т151-200/155_22.jpg
155_23.jpg,https://raw.githubusercontent.com/Richy5959/lastochka_phono/refs/heads/main/catalog_photos/data/3 - panties/Т151-200/155_23.jpg
155_24.jpg,https://raw.githubusercontent.com/Richy5959/lastochka_phono/refs/heads/main/catalog_photos/data/3 - panties/Т151-200/155_24.jpg
156_20.jpg,https://raw.githubusercontent.com/Richy5959/lastochka_phono/refs/heads/main/catalog_photos/data/3 - panties/Т151-200/156_20.jpg
157_10.jpg,https://raw.githubusercontent.com/Richy5959/lastochka_phono/refs/heads/main/catalog_photos/data/3 - panties/Т151-200/157_10.jpg
157_11.jpg,https://raw.githubusercontent.com/Richy5959/lastochka_phono/refs/heads/main/catalog_photos/data/3 - panties/Т151-200/157_11.jpg
157_12.jpg,https://raw.githubusercontent.com/Richy5959/lastochka_phono/refs/heads/main/catalog_photos/data/3 - panties/Т151-200/157_12.jpg
158_10.jpg,https://raw.githubusercontent.com/Richy5959/lastochka_phono/refs/heads/main/catalog_photos/data/3 - panties/Т151-200/158_10.jpg
160_20.jpg,https://raw.githubusercontent.com/Richy5959/lastochka_phono/refs/heads/main/catalog_photos/data/3 - panties/Т151-200/160_20.jpg
160_21.jpg,https://raw.githubusercontent.com/Richy5959/lastochka_phono/refs/heads/main/catalog_photos/data/3 - panties/Т151-200/160_21.jpg
160_22.jpg,https://raw.githubusercontent.com/Richy5959/lastochka_phono/refs/heads/main/catalog_photos/data/3 - panties/Т151-200/160_22.jpg
163_10.jpg,https://raw.githubusercontent.com/Richy5959/lastochka_phono/refs/heads/main/catalog_photos/data/3 - panties/Т151-200/163_10.jpg
163_11.jpg,https://raw.githubusercontent.com/Richy5959/lastochka_phono/refs/heads/main/catalog_photos/data/3 - panties/Т151-200/163_11.jpg
163_12.jpg,https://raw.githubusercontent.com/Richy5959/lastochka_phono/refs/heads/main/catalog_photos/data/3 - panties/Т151-200/163_12.jpg
164_26.jpg,https://raw.githubusercontent.com/Richy5959/lastochka_phono/refs/heads/main/catalog_photos/data/3 - panties/Т151-200/164_26.jpg
179_20.jpg,https://raw.githubusercontent.com/Richy5959/lastochka_phono/refs/heads/main/catalog_photos/data/3 - panties/Т151-200/179_20.jpg
180_20.jpg,https://raw.githubusercontent.com/Richy5959/lastochka_phono/refs/heads/main/catalog_photos/data/3 - panties/Т151-200/180_20.jpg
Т189_3.jpg,https://raw.githubusercontent.com/Richy5959/lastochka_phono/refs/heads/main/catalog_photos/data/3 - panties/Т151-200/Т189_3.jpg
Т189_4.jpg,https://raw.githubusercontent.com/Richy5959/lastochka_phono/refs/heads/main/catalog_photos/data/3 - panties/Т151-200/Т189_4.jpg
Т192_1.jpg,https://raw.githubusercontent.com/Richy5959/lastochka_phono/refs/heads/main/catalog_photos/data/3 - panties/Т151-200/Т192_1.jpg
Т192_2.jpg,https://raw.githubusercontent.com/Richy5959/lastochka_phono/refs/heads/main/catalog_photos/data/3 - panties/Т151-200/Т192_2.jpg
222_20.jpg,https://raw.githubusercontent.com/Richy5959/lastochka_phono/refs/heads/main/catalog_photos/data/3 - panties/Т201-250/222_20.jpg
222_21.jpg,https://raw.githubusercontent.com/Richy5959/lastochka_phono/refs/heads/main/catalog_photos/data/3 - panties/Т201-250/222_21.jpg
222_22.jpg,https://raw.githubusercontent.com/Richy5959/lastochka_phono/refs/heads/main/catalog_photos/data/3 - panties/Т201-250/222_22.jpg
223_20.jpg,https://raw.githubusercontent.com/Richy5959/lastochka_phono/refs/heads/main/catalog_photos/data/3 - panties/Т201-250/223_20.jpg
223_21.jpg,https://raw.githubusercontent.com/Richy5959/lastochka_phono/refs/heads/main/catalog_photos/data/3 - panties/Т201-250/223_21.jpg
223_22.jpg,https://raw.githubusercontent.com/Richy5959/lastochka_phono/refs/heads/main/catalog_photos/data/3 - panties/Т201-250/223_22.jpg
223_9060.jpg,https://raw.githubusercontent.com/Richy5959/lastochka_phono/refs/heads/main/catalog_photos/data/3 - panties/Т201-250/223_9060.jpg
224_1.jpg,https://raw.githubusercontent.com/Richy5959/lastochka_phono/refs/heads/main/catalog_photos/data/3 - panties/Т201-250/224_1.jpg
224_9.jpg,https://raw.githubusercontent.com/Richy5959/lastochka_phono/refs/heads/main/catalog_photos/data/3 - panties/Т201-250/224_9.jpg
Т204_2.jpg,https://raw.githubusercontent.com/Richy5959/lastochka_phono/refs/heads/main/catalog_photos/data/3 - panties/Т201-250/Т204_2.jpg
Т204_3.jpg,https://raw.githubusercontent.com/Richy5959/lastochka_phono/refs/heads/main/catalog_photos/data/3 - panties/Т201-250/Т204_3.jpg
262_10.jpg,https://raw.githubusercontent.com/Richy5959/lastochka_phono/refs/heads/main/catalog_photos/data/3 - panties/Т251-300/262_10.jpg
262_11.jpg,https://raw.githubusercontent.com/Richy5959/lastochka_phono/refs/heads/main/catalog_photos/data/3 - panties/Т251-300/262_11.jpg
263_10.jpg,https://raw.githubusercontent.com/Richy5959/lastochka_phono/refs/heads/main/catalog_photos/data/3 - panties/Т251-300/263_10.jpg
263_11.jpg,https://raw.githubusercontent.com/Richy5959/lastochka_phono/refs/heads/main/catalog_photos/data/3 - panties/Т251-300/263_11.jpg
263_12.jpg,https://raw.githubusercontent.com/Richy5959/lastochka_phono/refs/heads/main/catalog_photos/data/3 - panties/Т251-300/263_12.jpg
263_13.jpg,https://raw.githubusercontent.com/Richy5959/lastochka_phono/refs/heads/main/catalog_photos/data/3 - panties/Т251-300/263_13.jpg
264_10.jpg,https://raw.githubusercontent.com/Richy5959/lastochka_phono/refs/heads/main/catalog_photos/data/3 - panties/Т251-300/264_10.jpg
264_11.jpg,https://raw.githubusercontent.com/Richy5959/lastochka_phono/refs/heads/main/catalog_photos/data/3 - panties/Т251-300/264_11.jpg
264_12.jpg,https://raw.githubusercontent.com/Richy5959/lastochka_phono/refs/heads/main/catalog_photos/data/3 - panties/Т251-300/264_12.jpg
271_0.jpg,https://raw.githubusercontent.com/Richy5959/lastochka_phono/refs/heads/main/catalog_photos/data/3 - panties/Т251-300/271_0.jpg
271_1.jpg,https://raw.githubusercontent.com/Richy5959/lastochka_phono/refs/heads/main/catalog_photos/data/3 - panties/Т251-300/271_1.jpg
271_2.jpg,https://raw.githubusercontent.com/Richy5959/lastochka_phono/refs/heads/main/catalog_photos/data/3 - panties/Т251-300/271_2.jpg
271_3.jpg,https://raw.githubusercontent.com/Richy5959/lastochka_phono/refs/heads/main/catalog_photos/data/3 - panties/Т251-300/271_3.jpg
272_10.jpg,https://raw.githubusercontent.com/Richy5959/lastochka_phono/refs/heads/main/catalog_photos/data/3 - panties/Т251-300/272_10.jpg
272_11.jpg,https://raw.githubusercontent.com/Richy5959/lastochka_phono/refs/heads/main/catalog_photos/data/3 - panties/Т251-300/272_11.jpg
272_12.jpg,https://raw.githubusercontent.com/Richy5959/lastochka_phono/refs/heads/main/catalog_photos/data/3 - panties/Т251-300/272_12.jpg
273_10.jpg,https://raw.githubusercontent.com/Richy5959/lastochka_phono/refs/heads/main/catalog_photos/data/3 - panties/Т251-300/273_10.jpg
273_11.jpg,https://raw.githubusercontent.com/Richy5959/lastochka_phono/refs/heads/main/catalog_photos/data/3 - panties/Т251-300/273_11.jpg
273_12.jpg,https://raw.githubusercontent.com/Richy5959/lastochka_phono/refs/heads/main/catalog_photos/data/3 - panties/Т251-300/273_12.jpg
273_13.jpg,https://raw.githubusercontent.com/Richy5959/lastochka_phono/refs/heads/main/catalog_photos/data/3 - panties/Т251-300/273_13.jpg
273_14.jpg,https://raw.githubusercontent.com/Richy5959/lastochka_phono/refs/heads/main/catalog_photos/data/3 - panties/Т251-300/273_14.jpg
281_10.jpg,https://raw.githubusercontent.com/Richy5959/lastochka_phono/refs/heads/main/catalog_photos/data/3 - panties/Т251-300/281_10.jpg
282_10.jpg,https://raw.githubusercontent.com/Richy5959/lastochka_phono/refs/heads/main/catalog_photos/data/3 - panties/Т251-300/282_10.jpg
282_11.jpg,https://raw.githubusercontent.com/Richy5959/lastochka_phono/refs/heads/main/catalog_photos/data/3 - panties/Т251-300/282_11.jpg
282_12.jpg,https://raw.githubusercontent.com/Richy5959/lastochka_phono/refs/heads/main/catalog_photos/data/3 - panties/Т251-300/282_12.jpg
290_0.jpg,https://raw.githubusercontent.com/Richy5959/lastochka_phono/refs/heads/main/catalog_photos/data/3 - panties/Т251-300/290_0.jpg
290_1.jpg,https://raw.githubusercontent.com/Richy5959/lastochka_phono/refs/heads/main/catalog_photos/data/3 - panties/Т251-300/290_1.jpg
290_2.jpg,https://raw.githubusercontent.com/Richy5959/lastochka_phono/refs/heads/main/catalog_photos/data/3 - panties/Т251-300/290_2.jpg
291_0.jpg,https://raw.githubusercontent.com/Richy5959/lastochka_phono/refs/heads/main/catalog_photos/data/3 - panties/Т251-300/291_0.jpg
291_1.jpg,https://raw.githubusercontent.com/Richy5959/lastochka_phono/refs/heads/main/catalog_photos/data/3 - panties/Т251-300/291_1.jpg
291_2.jpg,https://raw.githubusercontent.com/Richy5959/lastochka_phono/refs/heads/main/catalog_photos/data/3 - panties/Т251-300/291_2.jpg
292.jpg,https://raw.githubusercontent.com/Richy5959/lastochka_phono/refs/heads/main/catalog_photos/data/3 - panties/Т251-300/292.jpg
293_1.jpg,https://raw.githubusercontent.com/Richy5959/lastochka_phono/refs/heads/main/catalog_photos/data/3 - panties/Т251-300/293_1.jpg
293_2.jpg,https://raw.githubusercontent.com/Richy5959/lastochka_phono/refs/heads/main/catalog_photos/data/3 - panties/Т251-300/293_2.jpg
Т261.jpg,https://raw.githubusercontent.com/Richy5959/lastochka_phono/refs/heads/main/catalog_photos/data/3 - panties/Т251-300/Т261.jpg
Т294_1.jpg,https://raw.githubusercontent.com/Richy5959/lastochka_phono/refs/heads/main/catalog_photos/data/3 - panties/Т251-300/Т294_1.jpg
Т294_2.jpg,https://raw.githubusercontent.com/Richy5959/lastochka_phono/refs/heads/main/catalog_photos/data/3 - panties/Т251-300/Т294_2.jpg
301_1.jpg,https://raw.githubusercontent.com/Richy5959/lastochka_phono/refs/heads/main/catalog_photos/data/3 - panties/Т301-350/301_1.jpg
301_2.jpg,https://raw.githubusercontent.com/Richy5959/lastochka_phono/refs/heads/main/catalog_photos/data/3 - panties/Т301-350/301_2.jpg
305_20.jpg,https://raw.githubusercontent.com/Richy5959/lastochka_phono/refs/heads/main/catalog_photos/data/3 - panties/Т301-350/305_20.jpg
305_21.jpg,https://raw.githubusercontent.com/Richy5959/lastochka_phono/refs/heads/main/catalog_photos/data/3 - panties/Т301-350/305_21.jpg
305_22.jpg,https://raw.githubusercontent.com/Richy5959/lastochka_phono/refs/heads/main/catalog_photos/data/3 - panties/Т301-350/305_22.jpg
305_23.jpg,https://raw.githubusercontent.com/Richy5959/lastochka_phono/refs/heads/main/catalog_photos/data/3 - panties/Т301-350/305_23.jpg
307_1.jpg,https://raw.githubusercontent.com/Richy5959/lastochka_phono/refs/heads/main/catalog_photos/data/3 - panties/Т301-350/307_1.jpg
307_2.jpg,https://raw.githubusercontent.com/Richy5959/lastochka_phono/refs/heads/main/catalog_photos/data/3 - panties/Т301-350/307_2.jpg
310_0.jpg,https://raw.githubusercontent.com/Richy5959/lastochka_phono/refs/heads/main/catalog_photos/data/3 - panties/Т301-350/310_0.jpg
310_1.jpg,https://raw.githubusercontent.com/Richy5959/lastochka_phono/refs/heads/main/catalog_photos/data/3 - panties/Т301-350/310_1.jpg
311_1.jpg,https://raw.githubusercontent.com/Richy5959/lastochka_phono/refs/heads/main/catalog_photos/data/3 - panties/Т301-350/311_1.jpg
311_2.jpg,https://raw.githubusercontent.com/Richy5959/lastochka_phono/refs/heads/main/catalog_photos/data/3 - panties/Т301-350/311_2.jpg
314_1.jpg,https://raw.githubusercontent.com/Richy5959/lastochka_phono/refs/heads/main/catalog_photos/data/3 - panties/Т301-350/314_1.jpg
314_2.jpg,https://raw.githubusercontent.com/Richy5959/lastochka_phono/refs/heads/main/catalog_photos/data/3 - panties/Т301-350/314_2.jpg
315_1.jpg,https://raw.githubusercontent.com/Richy5959/lastochka_phono/refs/heads/main/catalog_photos/data/3 - panties/Т301-350/315_1.jpg
315_2.jpg,https://raw.githubusercontent.com/Richy5959/lastochka_phono/refs/heads/main/catalog_photos/data/3 - panties/Т301-350/315_2.jpg
323_6.jpg,https://raw.githubusercontent.com/Richy5959/lastochka_phono/refs/heads/main/catalog_photos/data/3 - panties/Т301-350/323_6.jpg
323_7.jpg,https://raw.githubusercontent.com/Richy5959/lastochka_phono/refs/heads/main/catalog_photos/data/3 - panties/Т301-350/323_7.jpg
323_8.jpg,https://raw.githubusercontent.com/Richy5959/lastochka_phono/refs/heads/main/catalog_photos/data/3 - panties/Т301-350/323_8.jpg
325_1.jpg,https://raw.githubusercontent.com/Richy5959/lastochka_phono/refs/heads/main/catalog_photos/data/3 - panties/Т301-350/325_1.jpg
325_2.jpg,https://raw.githubusercontent.com/Richy5959/lastochka_phono/refs/heads/main/catalog_photos/data/3 - panties/Т301-350/325_2.jpg
335.jpg,https://raw.githubusercontent.com/Richy5959/lastochka_phono/refs/heads/main/catalog_photos/data/3 - panties/Т301-350/335.jpg
336.jpg,https://raw.githubusercontent.com/Richy5959/lastochka_phono/refs/heads/main/catalog_photos/data/3 - panties/Т301-350/336.jpg
337.jpg,https://raw.githubusercontent.com/Richy5959/lastochka_phono/refs/heads/main/catalog_photos/data/3 - panties/Т301-350/337.jpg
347.jpg,https://raw.githubusercontent.com/Richy5959/lastochka_phono/refs/heads/main/catalog_photos/data/3 - panties/Т301-350/347.jpg
Т304.jpg,https://raw.githubusercontent.com/Richy5959/lastochka_phono/refs/heads/main/catalog_photos/data/3 - panties/Т301-350/Т304.jpg
Т309.jpg,https://raw.githubusercontent.com/Richy5959/lastochka_phono/refs/heads/main/catalog_photos/data/3 - panties/Т301-350/Т309.jpg
Т316_0.jpg,https://raw.githubusercontent.com/Richy5959/lastochka_phono/refs/heads/main/catalog_photos/data/3 - panties/Т301-350/Т316_0.jpg
Т316_1.jpg,https://raw.githubusercontent.com/Richy5959/lastochka_phono/refs/heads/main/catalog_photos/data/3 - panties/Т301-350/Т316_1.jpg
Т316_2.jpg,https://raw.githubusercontent.com/Richy5959/lastochka_phono/refs/heads/main/catalog_photos/data/3 - panties/Т301-350/Т316_2.jpg
Т323.jpg,https://raw.githubusercontent.com/Richy5959/lastochka_phono/refs/heads/main/catalog_photos/data/3 - panties/Т301-350/Т323.jpg
Т323_1.jpg,https://raw.githubusercontent.com/Richy5959/lastochka_phono/refs/heads/main/catalog_photos/data/3 - panties/Т301-350/Т323_1.jpg
Т326_0.jpg,https://raw.githubusercontent.com/Richy5959/lastochka_phono/refs/heads/main/catalog_photos/data/3 - panties/Т301-350/Т326_0.jpg
Т326_1.jpg,https://raw.githubusercontent.com/Richy5959/lastochka_phono/refs/heads/main/catalog_photos/data/3 - panties/Т301-350/Т326_1.jpg
Т326_2.jpg,https://raw.githubusercontent.com/Richy5959/lastochka_phono/refs/heads/main/catalog_photos/data/3 - panties/Т301-350/Т326_2.jpg
Т330_0.jpg,https://raw.githubusercontent.com/Richy5959/lastochka_phono/refs/heads/main/catalog_photos/data/3 - panties/Т301-350/Т330_0.jpg
Т330_1.jpg,https://raw.githubusercontent.com/Richy5959/lastochka_phono/refs/heads/main/catalog_photos/data/3 - panties/Т301-350/Т330_1.jpg
Т333.jpg,https://raw.githubusercontent.com/Richy5959/lastochka_phono/refs/heads/main/catalog_photos/data/3 - panties/Т301-350/Т333.jpg
Т337_3.png,https://raw.githubusercontent.com/Richy5959/lastochka_phono/refs/heads/main/catalog_photos/data/3 - panties/Т301-350/Т337_3.png
Т340.jpg,https://raw.githubusercontent.com/Richy5959/lastochka_phono/refs/heads/main/catalog_photos/data/3 - panties/Т301-350/Т340.jpg
Т342_0.jpg,https://raw.githubusercontent.com/Richy5959/lastochka_phono/refs/heads/main/catalog_photos/data/3 - panties/Т301-350/Т342_0.jpg
Т342_1.jpg,https://raw.githubusercontent.com/Richy5959/lastochka_phono/refs/heads/main/catalog_photos/data/3 - panties/Т301-350/Т342_1.jpg
Т343_0.jpg,https://raw.githubusercontent.com/Richy5959/lastochka_phono/refs/heads/main/catalog_photos/data/3 - panties/Т301-350/Т343_0.jpg
Т343_1.jpg,https://raw.githubusercontent.com/Richy5959/lastochka_phono/refs/heads/main/catalog_photos/data/3 - panties/Т301-350/Т343_1.jpg
353_0.jpg,https://raw.githubusercontent.com/Richy5959/lastochka_phono/refs/heads/main/catalog_photos/data/3 - panties/Т351-400/353_0.jpg
353_1.jpg,https://raw.githubusercontent.com/Richy5959/lastochka_phono/refs/heads/main/catalog_photos/data/3 - panties/Т351-400/353_1.jpg
365_10.jpg,https://raw.githubusercontent.com/Richy5959/lastochka_phono/refs/heads/main/catalog_photos/data/3 - panties/Т351-400/365_10.jpg
365_2.jpg,https://raw.githubusercontent.com/Richy5959/lastochka_phono/refs/heads/main/catalog_photos/data/3 - panties/Т351-400/365_2.jpg
365_3.jpg,https://raw.githubusercontent.com/Richy5959/lastochka_phono/refs/heads/main/catalog_photos/data/3 - panties/Т351-400/365_3.jpg
365_8.jpg,https://raw.githubusercontent.com/Richy5959/lastochka_phono/refs/heads/main/catalog_photos/data/3 - panties/Т351-400/365_8.jpg
365_9.jpg,https://raw.githubusercontent.com/Richy5959/lastochka_phono/refs/heads/main/catalog_photos/data/3 - panties/Т351-400/365_9.jpg
370_1.jpg,https://raw.githubusercontent.com/Richy5959/lastochka_phono/refs/heads/main/catalog_photos/data/3 - panties/Т351-400/370_1.jpg
370_2.jpg,https://raw.githubusercontent.com/Richy5959/lastochka_phono/refs/heads/main/catalog_photos/data/3 - panties/Т351-400/370_2.jpg
370_5.jpg,https://raw.githubusercontent.com/Richy5959/lastochka_phono/refs/heads/main/catalog_photos/data/3 - panties/Т351-400/370_5.jpg
370_6.jpg,https://raw.githubusercontent.com/Richy5959/lastochka_phono/refs/heads/main/catalog_photos/data/3 - panties/Т351-400/370_6.jpg
370_7.jpg,https://raw.githubusercontent.com/Richy5959/lastochka_phono/refs/heads/main/catalog_photos/data/3 - panties/Т351-400/370_7.jpg
370_8.jpg,https://raw.githubusercontent.com/Richy5959/lastochka_phono/refs/heads/main/catalog_photos/data/3 - panties/Т351-400/370_8.jpg
386.jpg,https://raw.githubusercontent.com/Richy5959/lastochka_phono/refs/heads/main/catalog_photos/data/3 - panties/Т351-400/386.jpg
387.jpg,https://raw.githubusercontent.com/Richy5959/lastochka_phono/refs/heads/main/catalog_photos/data/3 - panties/Т351-400/387.jpg
387_2.jpg,https://raw.githubusercontent.com/Richy5959/lastochka_phono/refs/heads/main/catalog_photos/data/3 - panties/Т351-400/387_2.jpg
387_3.jpg,https://raw.githubusercontent.com/Richy5959/lastochka_phono/refs/heads/main/catalog_photos/data/3 - panties/Т351-400/387_3.jpg
388_2.jpg,https://raw.githubusercontent.com/Richy5959/lastochka_phono/refs/heads/main/catalog_photos/data/3 - panties/Т351-400/388_2.jpg
394_6.jpg,https://raw.githubusercontent.com/Richy5959/lastochka_phono/refs/heads/main/catalog_photos/data/3 - panties/Т351-400/394_6.jpg
398_1.jpg,https://raw.githubusercontent.com/Richy5959/lastochka_phono/refs/heads/main/catalog_photos/data/3 - panties/Т351-400/398_1.jpg
398_2.jpg,https://raw.githubusercontent.com/Richy5959/lastochka_phono/refs/heads/main/catalog_photos/data/3 - panties/Т351-400/398_2.jpg
398_3.jpg,https://raw.githubusercontent.com/Richy5959/lastochka_phono/refs/heads/main/catalog_photos/data/3 - panties/Т351-400/398_3.jpg
399.jpg,https://raw.githubusercontent.com/Richy5959/lastochka_phono/refs/heads/main/catalog_photos/data/3 - panties/Т351-400/399.jpg
Т365_0.jpg,https://raw.githubusercontent.com/Richy5959/lastochka_phono/refs/heads/main/catalog_photos/data/3 - panties/Т351-400/Т365_0.jpg
Т365_1.jpg,https://raw.githubusercontent.com/Richy5959/lastochka_phono/refs/heads/main/catalog_photos/data/3 - panties/Т351-400/Т365_1.jpg
Т366.jpg,https://raw.githubusercontent.com/Richy5959/lastochka_phono/refs/heads/main/catalog_photos/data/3 - panties/Т351-400/Т366.jpg
Т368.jpg,https://raw.githubusercontent.com/Richy5959/lastochka_phono/refs/heads/main/catalog_photos/data/3 - panties/Т351-400/Т368.jpg
Т368_0.jpg,https://raw.githubusercontent.com/Richy5959/lastochka_phono/refs/heads/main/catalog_photos/data/3 - panties/Т351-400/Т368_0.jpg
Т368_1.jpg,https://raw.githubusercontent.com/Richy5959/lastochka_phono/refs/heads/main/catalog_photos/data/3 - panties/Т351-400/Т368_1.jpg
Т369.jpg,https://raw.githubusercontent.com/Richy5959/lastochka_phono/refs/heads/main/catalog_photos/data/3 - panties/Т351-400/Т369.jpg
Т369_1.jpg,https://raw.githubusercontent.com/Richy5959/lastochka_phono/refs/heads/main/catalog_photos/data/3 - panties/Т351-400/Т369_1.jpg
Т369_2.jpg,https://raw.githubusercontent.com/Richy5959/lastochka_phono/refs/heads/main/catalog_photos/data/3 - panties/Т351-400/Т369_2.jpg
Т372_0.jpg,https://raw.githubusercontent.com/Richy5959/lastochka_phono/refs/heads/main/catalog_photos/data/3 - panties/Т351-400/Т372_0.jpg
Т372_3.jpg,https://raw.githubusercontent.com/Richy5959/lastochka_phono/refs/heads/main/catalog_photos/data/3 - panties/Т351-400/Т372_3.jpg
Т372_4.jpg,https://raw.githubusercontent.com/Richy5959/lastochka_phono/refs/heads/main/catalog_photos/data/3 - panties/Т351-400/Т372_4.jpg
Т372_5.jpg,https://raw.githubusercontent.com/Richy5959/lastochka_phono/refs/heads/main/catalog_photos/data/3 - panties/Т351-400/Т372_5.jpg
Т376.jpg,https://raw.githubusercontent.com/Richy5959/lastochka_phono/refs/heads/main/catalog_photos/data/3 - panties/Т351-400/Т376.jpg
Т378_0.jpg,https://raw.githubusercontent.com/Richy5959/lastochka_phono/refs/heads/main/catalog_photos/data/3 - panties/Т351-400/Т378_0.jpg
Т378_1.jpg,https://raw.githubusercontent.com/Richy5959/lastochka_phono/refs/heads/main/catalog_photos/data/3 - panties/Т351-400/Т378_1.jpg
Т378_2.jpg,https://raw.githubusercontent.com/Richy5959/lastochka_phono/refs/heads/main/catalog_photos/data/3 - panties/Т351-400/Т378_2.jpg
Т379.jpg,https://raw.githubusercontent.com/Richy5959/lastochka_phono/refs/heads/main/catalog_photos/data/3 - panties/Т351-400/Т379.jpg
Т380.jpg,https://raw.githubusercontent.com/Richy5959/lastochka_phono/refs/heads/main/catalog_photos/data/3 - panties/Т351-400/Т380.jpg
Т385_5.jpg,https://raw.githubusercontent.com/Richy5959/lastochka_phono/refs/heads/main/catalog_photos/data/3 - panties/Т351-400/Т385_5.jpg
Т385_6.jpg,https://raw.githubusercontent.com/Richy5959/lastochka_phono/refs/heads/main/catalog_photos/data/3 - panties/Т351-400/Т385_6.jpg
Т385_9.jpg,https://raw.githubusercontent.com/Richy5959/lastochka_phono/refs/heads/main/catalog_photos/data/3 - panties/Т351-400/Т385_9.jpg
Т388.jpg,https://raw.githubusercontent.com/Richy5959/lastochka_phono/refs/heads/main/catalog_photos/data/3 - panties/Т351-400/Т388.jpg
Т389.jpg,https://raw.githubusercontent.com/Richy5959/lastochka_phono/refs/heads/main/catalog_photos/data/3 - panties/Т351-400/Т389.jpg
Т389_4.jpg,https://raw.githubusercontent.com/Richy5959/lastochka_phono/refs/heads/main/catalog_photos/data/3 - panties/Т351-400/Т389_4.jpg
Т390.jpg,https://raw.githubusercontent.com/Richy5959/lastochka_phono/refs/heads/main/catalog_photos/data/3 - panties/Т351-400/Т390.jpg
Т391.jpg,https://raw.githubusercontent.com/Richy5959/lastochka_phono/refs/heads/main/catalog_photos/data/3 - panties/Т351-400/Т391.jpg
Т392.jpg,https://raw.githubusercontent.com/Richy5959/lastochka_phono/refs/heads/main/catalog_photos/data/3 - panties/Т351-400/Т392.jpg
Т393_0.jpg,https://raw.githubusercontent.com/Richy5959/lastochka_phono/refs/heads/main/catalog_photos/data/3 - panties/Т351-400/Т393_0.jpg
Т393_1.jpg,https://raw.githubusercontent.com/Richy5959/lastochka_phono/refs/heads/main/catalog_photos/data/3 - panties/Т351-400/Т393_1.jpg
Т393_2.jpg,https://raw.githubusercontent.com/Richy5959/lastochka_phono/refs/heads/main/catalog_photos/data/3 - panties/Т351-400/Т393_2.jpg
Т393_3.jpg,https://raw.githubusercontent.com/Richy5959/lastochka_phono/refs/heads/main/catalog_photos/data/3 - panties/Т351-400/Т393_3.jpg
Т394_0.jpg,https://raw.githubusercontent.com/Richy5959/lastochka_phono/refs/heads/main/catalog_photos/data/3 - panties/Т351-400/Т394_0.jpg
Т394_1.jpg,https://raw.githubusercontent.com/Richy5959/lastochka_phono/refs/heads/main/catalog_photos/data/3 - panties/Т351-400/Т394_1.jpg
Т394_2.jpg,https://raw.githubusercontent.com/Richy5959/lastochka_phono/refs/heads/main/catalog_photos/data/3 - panties/Т351-400/Т394_2.jpg
Т395.jpg,https://raw.githubusercontent.com/Richy5959/lastochka_phono/refs/heads/main/catalog_photos/data/3 - panties/Т351-400/Т395.jpg
Т395_1.jpg,https://raw.githubusercontent.com/Richy5959/lastochka_phono/refs/heads/main/catalog_photos/data/3 - panties/Т351-400/Т395_1.jpg
Т396.jpg,https://raw.githubusercontent.com/Richy5959/lastochka_phono/refs/heads/main/catalog_photos/data/3 - panties/Т351-400/Т396.jpg
Т397.jpg,https://raw.githubusercontent.com/Richy5959/lastochka_phono/refs/heads/main/catalog_photos/data/3 - panties/Т351-400/Т397.jpg
52_0.jpg,https://raw.githubusercontent.com/Richy5959/lastochka_phono/refs/heads/main/catalog_photos/data/3 - panties/Т51-100/52_0.jpg
52_1.jpg,https://raw.githubusercontent.com/Richy5959/lastochka_phono/refs/heads/main/catalog_photos/data/3 - panties/Т51-100/52_1.jpg
52_2.jpg,https://raw.githubusercontent.com/Richy5959/lastochka_phono/refs/heads/main/catalog_photos/data/3 - panties/Т51-100/52_2.jpg
53_0.jpg,https://raw.githubusercontent.com/Richy5959/lastochka_phono/refs/heads/main/catalog_photos/data/3 - panties/Т51-100/53_0.jpg
53_1.jpg,https://raw.githubusercontent.com/Richy5959/lastochka_phono/refs/heads/main/catalog_photos/data/3 - panties/Т51-100/53_1.jpg
54_0.jpg,https://raw.githubusercontent.com/Richy5959/lastochka_phono/refs/heads/main/catalog_photos/data/3 - panties/Т51-100/54_0.jpg
54_1.jpg,https://raw.githubusercontent.com/Richy5959/lastochka_phono/refs/heads/main/catalog_photos/data/3 - panties/Т51-100/54_1.jpg
54_2.jpg,https://raw.githubusercontent.com/Richy5959/lastochka_phono/refs/heads/main/catalog_photos/data/3 - panties/Т51-100/54_2.jpg
55_0.jpg,https://raw.githubusercontent.com/Richy5959/lastochka_phono/refs/heads/main/catalog_photos/data/3 - panties/Т51-100/55_0.jpg
55_1.jpg,https://raw.githubusercontent.com/Richy5959/lastochka_phono/refs/heads/main/catalog_photos/data/3 - panties/Т51-100/55_1.jpg
55_2.jpg,https://raw.githubusercontent.com/Richy5959/lastochka_phono/refs/heads/main/catalog_photos/data/3 - panties/Т51-100/55_2.jpg
58_0.jpg,https://raw.githubusercontent.com/Richy5959/lastochka_phono/refs/heads/main/catalog_photos/data/3 - panties/Т51-100/58_0.jpg
58_1.jpg,https://raw.githubusercontent.com/Richy5959/lastochka_phono/refs/heads/main/catalog_photos/data/3 - panties/Т51-100/58_1.jpg
58_2.jpg,https://raw.githubusercontent.com/Richy5959/lastochka_phono/refs/heads/main/catalog_photos/data/3 - panties/Т51-100/58_2.jpg
60_1.jpg,https://raw.githubusercontent.com/Richy5959/lastochka_phono/refs/heads/main/catalog_photos/data/3 - panties/Т51-100/60_1.jpg
60_2.jpg,https://raw.githubusercontent.com/Richy5959/lastochka_phono/refs/heads/main/catalog_photos/data/3 - panties/Т51-100/60_2.jpg
60_3.jpg,https://raw.githubusercontent.com/Richy5959/lastochka_phono/refs/heads/main/catalog_photos/data/3 - panties/Т51-100/60_3.jpg
61_1.jpg,https://raw.githubusercontent.com/Richy5959/lastochka_phono/refs/heads/main/catalog_photos/data/3 - panties/Т51-100/61_1.jpg
61_2.jpg,https://raw.githubusercontent.com/Richy5959/lastochka_phono/refs/heads/main/catalog_photos/data/3 - panties/Т51-100/61_2.jpg
61_3.jpg,https://raw.githubusercontent.com/Richy5959/lastochka_phono/refs/heads/main/catalog_photos/data/3 - panties/Т51-100/61_3.jpg
61_4.jpg,https://raw.githubusercontent.com/Richy5959/lastochka_phono/refs/heads/main/catalog_photos/data/3 - panties/Т51-100/61_4.jpg
61_5.jpg,https://raw.githubusercontent.com/Richy5959/lastochka_phono/refs/heads/main/catalog_photos/data/3 - panties/Т51-100/61_5.jpg
62_0.jpg,https://raw.githubusercontent.com/Richy5959/lastochka_phono/refs/heads/main/catalog_photos/data/3 - panties/Т51-100/62_0.jpg
62_1.jpg,https://raw.githubusercontent.com/Richy5959/lastochka_phono/refs/heads/main/catalog_photos/data/3 - panties/Т51-100/62_1.jpg
62_2.jpg,https://raw.githubusercontent.com/Richy5959/lastochka_phono/refs/heads/main/catalog_photos/data/3 - panties/Т51-100/62_2.jpg
62_3.jpg,https://raw.githubusercontent.com/Richy5959/lastochka_phono/refs/heads/main/catalog_photos/data/3 - panties/Т51-100/62_3.jpg
63_0.jpg,https://raw.githubusercontent.com/Richy5959/lastochka_phono/refs/heads/main/catalog_photos/data/3 - panties/Т51-100/63_0.jpg
63_1.jpg,https://raw.githubusercontent.com/Richy5959/lastochka_phono/refs/heads/main/catalog_photos/data/3 - panties/Т51-100/63_1.jpg
63_2.jpg,https://raw.githubusercontent.com/Richy5959/lastochka_phono/refs/heads/main/catalog_photos/data/3 - panties/Т51-100/63_2.jpg
64_0.jpg,https://raw.githubusercontent.com/Richy5959/lastochka_phono/refs/heads/main/catalog_photos/data/3 - panties/Т51-100/64_0.jpg
65_0.jpg,https://raw.githubusercontent.com/Richy5959/lastochka_phono/refs/heads/main/catalog_photos/data/3 - panties/Т51-100/65_0.jpg
65_1.jpg,https://raw.githubusercontent.com/Richy5959/lastochka_phono/refs/heads/main/catalog_photos/data/3 - panties/Т51-100/65_1.jpg
65_2.jpg,https://raw.githubusercontent.com/Richy5959/lastochka_phono/refs/heads/main/catalog_photos/data/3 - panties/Т51-100/65_2.jpg
65_3.jpg,https://raw.githubusercontent.com/Richy5959/lastochka_phono/refs/heads/main/catalog_photos/data/3 - panties/Т51-100/65_3.jpg
65_4.jpg,https://raw.githubusercontent.com/Richy5959/lastochka_phono/refs/heads/main/catalog_photos/data/3 - panties/Т51-100/65_4.jpg
66_20.jpg,https://raw.githubusercontent.com/Richy5959/lastochka_phono/refs/heads/main/catalog_photos/data/3 - panties/Т51-100/66_20.jpg
66_21.jpg,https://raw.githubusercontent.com/Richy5959/lastochka_phono/refs/heads/main/catalog_photos/data/3 - panties/Т51-100/66_21.jpg
66_22.jpg,https://raw.githubusercontent.com/Richy5959/lastochka_phono/refs/heads/main/catalog_photos/data/3 - panties/Т51-100/66_22.jpg
68_3.jpg,https://raw.githubusercontent.com/Richy5959/lastochka_phono/refs/heads/main/catalog_photos/data/3 - panties/Т51-100/68_3.jpg
69_0.jpg,https://raw.githubusercontent.com/Richy5959/lastochka_phono/refs/heads/main/catalog_photos/data/3 - panties/Т51-100/69_0.jpg
69_1.jpg,https://raw.githubusercontent.com/Richy5959/lastochka_phono/refs/heads/main/catalog_photos/data/3 - panties/Т51-100/69_1.jpg
69_2.jpg,https://raw.githubusercontent.com/Richy5959/lastochka_phono/refs/heads/main/catalog_photos/data/3 - panties/Т51-100/69_2.jpg
71_2.jpg,https://raw.githubusercontent.com/Richy5959/lastochka_phono/refs/heads/main/catalog_photos/data/3 - panties/Т51-100/71_2.jpg
73_10.jpg,https://raw.githubusercontent.com/Richy5959/lastochka_phono/refs/heads/main/catalog_photos/data/3 - panties/Т51-100/73_10.jpg
73_11.jpg,https://raw.githubusercontent.com/Richy5959/lastochka_phono/refs/heads/main/catalog_photos/data/3 - panties/Т51-100/73_11.jpg
75.jpg,https://raw.githubusercontent.com/Richy5959/lastochka_phono/refs/heads/main/catalog_photos/data/3 - panties/Т51-100/75.jpg
75_1.jpg,https://raw.githubusercontent.com/Richy5959/lastochka_phono/refs/heads/main/catalog_photos/data/3 - panties/Т51-100/75_1.jpg
76_20.jpg,https://raw.githubusercontent.com/Richy5959/lastochka_phono/refs/heads/main/catalog_photos/data/3 - panties/Т51-100/76_20.jpg
76_21.jpg,https://raw.githubusercontent.com/Richy5959/lastochka_phono/refs/heads/main/catalog_photos/data/3 - panties/Т51-100/76_21.jpg
77_11.jpg,https://raw.githubusercontent.com/Richy5959/lastochka_phono/refs/heads/main/catalog_photos/data/3 - panties/Т51-100/77_11.jpg
77_12.jpg,https://raw.githubusercontent.com/Richy5959/lastochka_phono/refs/heads/main/catalog_photos/data/3 - panties/Т51-100/77_12.jpg
77_13.jpg,https://raw.githubusercontent.com/Richy5959/lastochka_phono/refs/heads/main/catalog_photos/data/3 - panties/Т51-100/77_13.jpg
77_14.jpg,https://raw.githubusercontent.com/Richy5959/lastochka_phono/refs/heads/main/catalog_photos/data/3 - panties/Т51-100/77_14.jpg
77_15.jpg,https://raw.githubusercontent.com/Richy5959/lastochka_phono/refs/heads/main/catalog_photos/data/3 - panties/Т51-100/77_15.jpg
79_0.jpg,https://raw.githubusercontent.com/Richy5959/lastochka_phono/refs/heads/main/catalog_photos/data/3 - panties/Т51-100/79_0.jpg
79_1.jpg,https://raw.githubusercontent.com/Richy5959/lastochka_phono/refs/heads/main/catalog_photos/data/3 - panties/Т51-100/79_1.jpg
80_2.jpg,https://raw.githubusercontent.com/Richy5959/lastochka_phono/refs/heads/main/catalog_photos/data/3 - panties/Т51-100/80_2.jpg
82_10.jpg,https://raw.githubusercontent.com/Richy5959/lastochka_phono/refs/heads/main/catalog_photos/data/3 - panties/Т51-100/82_10.jpg
82_11.jpg,https://raw.githubusercontent.com/Richy5959/lastochka_phono/refs/heads/main/catalog_photos/data/3 - panties/Т51-100/82_11.jpg
82_12.jpg,https://raw.githubusercontent.com/Richy5959/lastochka_phono/refs/heads/main/catalog_photos/data/3 - panties/Т51-100/82_12.jpg
83_10.jpg,https://raw.githubusercontent.com/Richy5959/lastochka_phono/refs/heads/main/catalog_photos/data/3 - panties/Т51-100/83_10.jpg
83_11.jpg,https://raw.githubusercontent.com/Richy5959/lastochka_phono/refs/heads/main/catalog_photos/data/3 - panties/Т51-100/83_11.jpg
83_12.jpg,https://raw.githubusercontent.com/Richy5959/lastochka_phono/refs/heads/main/catalog_photos/data/3 - panties/Т51-100/83_12.jpg
83_15.jpg,https://raw.githubusercontent.com/Richy5959/lastochka_phono/refs/heads/main/catalog_photos/data/3 - panties/Т51-100/83_15.jpg
84_20.jpg,https://raw.githubusercontent.com/Richy5959/lastochka_phono/refs/heads/main/catalog_photos/data/3 - panties/Т51-100/84_20.jpg
84_21.jpg,https://raw.githubusercontent.com/Richy5959/lastochka_phono/refs/heads/main/catalog_photos/data/3 - panties/Т51-100/84_21.jpg
85_20.jpg,https://raw.githubusercontent.com/Richy5959/lastochka_phono/refs/heads/main/catalog_photos/data/3 - panties/Т51-100/85_20.jpg
88_10.jpg,https://raw.githubusercontent.com/Richy5959/lastochka_phono/refs/heads/main/catalog_photos/data/3 - panties/Т51-100/88_10.jpg
88_11.jpg,https://raw.githubusercontent.com/Richy5959/lastochka_phono/refs/heads/main/catalog_photos/data/3 - panties/Т51-100/88_11.jpg
88_12.jpg,https://raw.githubusercontent.com/Richy5959/lastochka_phono/refs/heads/main/catalog_photos/data/3 - panties/Т51-100/88_12.jpg
89_10.jpg,https://raw.githubusercontent.com/Richy5959/lastochka_phono/refs/heads/main/catalog_photos/data/3 - panties/Т51-100/89_10.jpg
Д13_1роз.jpg,https://raw.githubusercontent.com/Richy5959/lastochka_phono/refs/heads/main/catalog_photos/data/4 - pajamas/Д1-50/Д13_1роз.jpg
Д13_1свсин.jpg,https://raw.githubusercontent.com/Richy5959/lastochka_phono/refs/heads/main/catalog_photos/data/4 - pajamas/Д1-50/Д13_1свсин.jpg
Д23_0.jpg,https://raw.githubusercontent.com/Richy5959/lastochka_phono/refs/heads/main/catalog_photos/data/4 - pajamas/Д1-50/Д23_0.jpg
Д23_1.jpg,https://raw.githubusercontent.com/Richy5959/lastochka_phono/refs/heads/main/catalog_photos/data/4 - pajamas/Д1-50/Д23_1.jpg
Д23_3.jpg,https://raw.githubusercontent.com/Richy5959/lastochka_phono/refs/heads/main/catalog_photos/data/4 - pajamas/Д1-50/Д23_3.jpg
Д23_4.jpg,https://raw.githubusercontent.com/Richy5959/lastochka_phono/refs/heads/main/catalog_photos/data/4 - pajamas/Д1-50/Д23_4.jpg
Д28_черный.jpg,https://raw.githubusercontent.com/Richy5959/lastochka_phono/refs/heads/main/catalog_photos/data/4 - pajamas/Д1-50/Д28_черный.jpg
Д29_персик_611.jpg,https://raw.githubusercontent.com/Richy5959/lastochka_phono/refs/heads/main/catalog_photos/data/4 - pajamas/Д1-50/Д29_персик_611.jpg
Д29_терракот_611.jpg,https://raw.githubusercontent.com/Richy5959/lastochka_phono/refs/heads/main/catalog_photos/data/4 - pajamas/Д1-50/Д29_терракот_611.jpg
Д29_фиолет_611.jpg,https://raw.githubusercontent.com/Richy5959/lastochka_phono/refs/heads/main/catalog_photos/data/4 - pajamas/Д1-50/Д29_фиолет_611.jpg
Д2_пинк6.jpg,https://raw.githubusercontent.com/Richy5959/lastochka_phono/refs/heads/main/catalog_photos/data/4 - pajamas/Д1-50/Д2_пинк6.jpg
Д32_персик_634.jpg,https://raw.githubusercontent.com/Richy5959/lastochka_phono/refs/heads/main/catalog_photos/data/4 - pajamas/Д1-50/Д32_персик_634.jpg
Д32_пинк2_634.jpg,https://raw.githubusercontent.com/Richy5959/lastochka_phono/refs/heads/main/catalog_photos/data/4 - pajamas/Д1-50/Д32_пинк2_634.jpg
Д6_пинк_604.jpg,https://raw.githubusercontent.com/Richy5959/lastochka_phono/refs/heads/main/catalog_photos/data/4 - pajamas/Д1-50/Д6_пинк_604.jpg
Д8_0.jpg,https://raw.githubusercontent.com/Richy5959/lastochka_phono/refs/heads/main/catalog_photos/data/4 - pajamas/Д1-50/Д8_0.jpg
Д8_1.jpg,https://raw.githubusercontent.com/Richy5959/lastochka_phono/refs/heads/main/catalog_photos/data/4 - pajamas/Д1-50/Д8_1.jpg
КУ23_1.jpg,https://raw.githubusercontent.com/Richy5959/lastochka_phono/refs/heads/main/catalog_photos/data/5 - swim/КУ1-50/КУ23_1.jpg
КУ23_2.jpg,https://raw.githubusercontent.com/Richy5959/lastochka_phono/refs/heads/main/catalog_photos/data/5 - swim/КУ1-50/КУ23_2.jpg
КУ24_1.jpg,https://raw.githubusercontent.com/Richy5959/lastochka_phono/refs/heads/main/catalog_photos/data/5 - swim/КУ1-50/КУ24_1.jpg
КУ24_2.jpg,https://raw.githubusercontent.com/Richy5959/lastochka_phono/refs/heads/main/catalog_photos/data/5 - swim/КУ1-50/КУ24_2.jpg
КУ25_1.jpg,https://raw.githubusercontent.com/Richy5959/lastochka_phono/refs/heads/main/catalog_photos/data/5 - swim/КУ1-50/КУ25_1.jpg
КУ25_2.jpg,https://raw.githubusercontent.com/Richy5959/lastochka_phono/refs/heads/main/catalog_photos/data/5 - swim/КУ1-50/КУ25_2.jpg
КУ28_1.jpg,https://raw.githubusercontent.com/Richy5959/lastochka_phono/refs/heads/main/catalog_photos/data/5 - swim/КУ1-50/КУ28_1.jpg
КУ28_2.jpg,https://raw.githubusercontent.com/Richy5959/lastochka_phono/refs/heads/main/catalog_photos/data/5 - swim/КУ1-50/КУ28_2.jpg
КУ29_1.jpg,https://raw.githubusercontent.com/Richy5959/lastochka_phono/refs/heads/main/catalog_photos/data/5 - swim/КУ1-50/КУ29_1.jpg
КУ29_2.jpg,https://raw.githubusercontent.com/Richy5959/lastochka_phono/refs/heads/main/catalog_photos/data/5 - swim/КУ1-50/КУ29_2.jpg
A69_0.jpg,https://raw.githubusercontent.com/Richy5959/lastochka_phono/refs/heads/main/catalog_photos/data/6 - erotic/51-100/A69_0.jpg
A69_1.jpg,https://raw.githubusercontent.com/Richy5959/lastochka_phono/refs/heads/main/catalog_photos/data/6 - erotic/51-100/A69_1.jpg
YT17_4.jpg,https://raw.githubusercontent.com/Richy5959/lastochka_phono/refs/heads/main/catalog_photos/data/YourTouch/YT17_4.jpg
YT1_1.jpg,https://raw.githubusercontent.com/Richy5959/lastochka_phono/refs/heads/main/catalog_photos/data/YourTouch/YT1_1.jpg
YT1_2.jpg,https://raw.githubusercontent.com/Richy5959/lastochka_phono/refs/heads/main/catalog_photos/data/YourTouch/YT1_2.jpg
YT2_1.jpg,https://raw.githubusercontent.com/Richy5959/lastochka_phono/refs/heads/main/catalog_photos/data/YourTouch/YT2_1.jpg
YT2_2.jpg,https://raw.githubusercontent.com/Richy5959/lastochka_phono/refs/heads/main/catalog_photos/data/YourTouch/YT2_2.jpg
YT30.jpg,https://raw.githubusercontent.com/Richy5959/lastochka_phono/refs/heads/main/catalog_photos/data/YourTouch/YT30.jpg
YT37.jpg,https://raw.githubusercontent.com/Richy5959/lastochka_phono/refs/heads/main/catalog_photos/data/YourTouch/YT37.jpg
A95_1.jpg,https://raw.githubusercontent.com/Richy5959/lastochka_phono/refs/heads/main/catalog_photos/data/a/A95_1.jpg
A95_2.jpg,https://raw.githubusercontent.com/Richy5959/lastochka_phono/refs/heads/main/catalog_photos/data/a/A95_2.jpg
A95_3.jpg,https://raw.githubusercontent.com/Richy5959/lastochka_phono/refs/heads/main/catalog_photos/data/a/A95_3.jpg
A95_4.jpg,https://raw.githubusercontent.com/Richy5959/lastochka_phono/refs/heads/main/catalog_photos/data/a/A95_4.jpg
A95_5.jpg,https://raw.githubusercontent.com/Richy5959/lastochka_phono/refs/heads/main/catalog_photos/data/a/A95_5.jpg
prokat-700x467.jpg,https://raw.githubusercontent.com/Richy5959/lastochka_phono/refs/heads/main/catalog_photos/data/blog/prokat-700x467.jpg
Б76_1.jpg,https://raw.githubusercontent.com/Richy5959/lastochka_phono/refs/heads/main/catalog_photos/data/bras/Б76_1.jpg
Б76_2.jpg,https://raw.githubusercontent.com/Richy5959/lastochka_phono/refs/heads/main/catalog_photos/data/bras/Б76_2.jpg
Б76_3.jpg,https://raw.githubusercontent.com/Richy5959/lastochka_phono/refs/heads/main/catalog_photos/data/bras/Б76_3.jpg
b12092022.jpg,https://raw.githubusercontent.com/Richy5959/lastochka_phono/refs/heads/main/catalog_photos/data/demo/banner/b12092022.jpg
b17022019.jpg,https://raw.githubusercontent.com/Richy5959/lastochka_phono/refs/heads/main/catalog_photos/data/demo/banner/b17022019.jpg
b18022019.jpg,https://raw.githubusercontent.com/Richy5959/lastochka_phono/refs/heads/main/catalog_photos/data/demo/banner/b18022019.jpg
b222.png,https://raw.githubusercontent.com/Richy5959/lastochka_phono/refs/heads/main/catalog_photos/data/demo/banner/b222.png
b223.jpg,https://raw.githubusercontent.com/Richy5959/lastochka_phono/refs/heads/main/catalog_photos/data/demo/banner/b223.jpg
b28092021-1230x349.jpg,https://raw.githubusercontent.com/Richy5959/lastochka_phono/refs/heads/main/catalog_photos/data/demo/banner/b28092021-1230x349.jpg
b77_1230_349.png,https://raw.githubusercontent.com/Richy5959/lastochka_phono/refs/heads/main/catalog_photos/data/demo/banner/b77_1230_349.png
ipod_touch_4.jpg,https://raw.githubusercontent.com/Richy5959/lastochka_phono/refs/heads/main/catalog_photos/data/demo/ipod_touch_4.jpg
samsung_tab_4.jpg,https://raw.githubusercontent.com/Richy5959/lastochka_phono/refs/heads/main/catalog_photos/data/demo/samsung_tab_4.jpg
K118.jpg,https://raw.githubusercontent.com/Richy5959/lastochka_phono/refs/heads/main/catalog_photos/data/jeggings/K118.jpg
K119_0.jpg,https://raw.githubusercontent.com/Richy5959/lastochka_phono/refs/heads/main/catalog_photos/data/jeggings/K119_0.jpg
K119_1.jpg,https://raw.githubusercontent.com/Richy5959/lastochka_phono/refs/heads/main/catalog_photos/data/jeggings/K119_1.jpg
K119_2.jpg,https://raw.githubusercontent.com/Richy5959/lastochka_phono/refs/heads/main/catalog_photos/data/jeggings/K119_2.jpg
K120.jpg,https://raw.githubusercontent.com/Richy5959/lastochka_phono/refs/heads/main/catalog_photos/data/jeggings/K120.jpg
K122.jpg,https://raw.githubusercontent.com/Richy5959/lastochka_phono/refs/heads/main/catalog_photos/data/jeggings/K122.jpg
K69.jpg,https://raw.githubusercontent.com/Richy5959/lastochka_phono/refs/heads/main/catalog_photos/data/jeggings/K69.jpg
K69_1.jpg,https://raw.githubusercontent.com/Richy5959/lastochka_phono/refs/heads/main/catalog_photos/data/jeggings/K69_1.jpg
K69_2.jpg,https://raw.githubusercontent.com/Richy5959/lastochka_phono/refs/heads/main/catalog_photos/data/jeggings/K69_2.jpg
K69_3.jpg,https://raw.githubusercontent.com/Richy5959/lastochka_phono/refs/heads/main/catalog_photos/data/jeggings/K69_3.jpg
K69_4.jpg,https://raw.githubusercontent.com/Richy5959/lastochka_phono/refs/heads/main/catalog_photos/data/jeggings/K69_4.jpg
K69_5.jpg,https://raw.githubusercontent.com/Richy5959/lastochka_phono/refs/heads/main/catalog_photos/data/jeggings/K69_5.jpg
K69_6.jpg,https://raw.githubusercontent.com/Richy5959/lastochka_phono/refs/heads/main/catalog_photos/data/jeggings/K69_6.jpg
K75.jpg,https://raw.githubusercontent.com/Richy5959/lastochka_phono/refs/heads/main/catalog_photos/data/jeggings/K75.jpg
K75_2.jpg,https://raw.githubusercontent.com/Richy5959/lastochka_phono/refs/heads/main/catalog_photos/data/jeggings/K75_2.jpg
K75_3.jpg,https://raw.githubusercontent.com/Richy5959/lastochka_phono/refs/heads/main/catalog_photos/data/jeggings/K75_3.jpg
K76.jpg,https://raw.githubusercontent.com/Richy5959/lastochka_phono/refs/heads/main/catalog_photos/data/jeggings/K76.jpg
K77.jpg,https://raw.githubusercontent.com/Richy5959/lastochka_phono/refs/heads/main/catalog_photos/data/jeggings/K77.jpg
K77_2.jpg,https://raw.githubusercontent.com/Richy5959/lastochka_phono/refs/heads/main/catalog_photos/data/jeggings/K77_2.jpg
K78.jpg,https://raw.githubusercontent.com/Richy5959/lastochka_phono/refs/heads/main/catalog_photos/data/jeggings/K78.jpg
K78_2.jpg,https://raw.githubusercontent.com/Richy5959/lastochka_phono/refs/heads/main/catalog_photos/data/jeggings/K78_2.jpg
K79.jpg,https://raw.githubusercontent.com/Richy5959/lastochka_phono/refs/heads/main/catalog_photos/data/jeggings/K79.jpg
K79_2.jpg,https://raw.githubusercontent.com/Richy5959/lastochka_phono/refs/heads/main/catalog_photos/data/jeggings/K79_2.jpg
K80.jpg,https://raw.githubusercontent.com/Richy5959/lastochka_phono/refs/heads/main/catalog_photos/data/jeggings/K80.jpg
K80_2.jpg,https://raw.githubusercontent.com/Richy5959/lastochka_phono/refs/heads/main/catalog_photos/data/jeggings/K80_2.jpg
K80_3.jpg,https://raw.githubusercontent.com/Richy5959/lastochka_phono/refs/heads/main/catalog_photos/data/jeggings/K80_3.jpg
K80_4.jpg,https://raw.githubusercontent.com/Richy5959/lastochka_phono/refs/heads/main/catalog_photos/data/jeggings/K80_4.jpg
K80_5.jpg,https://raw.githubusercontent.com/Richy5959/lastochka_phono/refs/heads/main/catalog_photos/data/jeggings/K80_5.jpg
K80_6.jpg,https://raw.githubusercontent.com/Richy5959/lastochka_phono/refs/heads/main/catalog_photos/data/jeggings/K80_6.jpg
K80_7.jpg,https://raw.githubusercontent.com/Richy5959/lastochka_phono/refs/heads/main/catalog_photos/data/jeggings/K80_7.jpg
K81.jpg,https://raw.githubusercontent.com/Richy5959/lastochka_phono/refs/heads/main/catalog_photos/data/jeggings/K81.jpg
K81_2.jpg,https://raw.githubusercontent.com/Richy5959/lastochka_phono/refs/heads/main/catalog_photos/data/jeggings/K81_2.jpg
K81_3.jpg,https://raw.githubusercontent.com/Richy5959/lastochka_phono/refs/heads/main/catalog_photos/data/jeggings/K81_3.jpg
K81_4.jpg,https://raw.githubusercontent.com/Richy5959/lastochka_phono/refs/heads/main/catalog_photos/data/jeggings/K81_4.jpg
K81_5.jpg,https://raw.githubusercontent.com/Richy5959/lastochka_phono/refs/heads/main/catalog_photos/data/jeggings/K81_5.jpg
K82.jpg,https://raw.githubusercontent.com/Richy5959/lastochka_phono/refs/heads/main/catalog_photos/data/jeggings/K82.jpg
K82_2.jpg,https://raw.githubusercontent.com/Richy5959/lastochka_phono/refs/heads/main/catalog_photos/data/jeggings/K82_2.jpg
K82_3.jpg,https://raw.githubusercontent.com/Richy5959/lastochka_phono/refs/heads/main/catalog_photos/data/jeggings/K82_3.jpg
K83.jpg,https://raw.githubusercontent.com/Richy5959/lastochka_phono/refs/heads/main/catalog_photos/data/jeggings/K83.jpg
K83_2.jpg,https://raw.githubusercontent.com/Richy5959/lastochka_phono/refs/heads/main/catalog_photos/data/jeggings/K83_2.jpg
K83_3.jpg,https://raw.githubusercontent.com/Richy5959/lastochka_phono/refs/heads/main/catalog_photos/data/jeggings/K83_3.jpg
K84.jpg,https://raw.githubusercontent.com/Richy5959/lastochka_phono/refs/heads/main/catalog_photos/data/jeggings/K84.jpg
K84_2.jpg,https://raw.githubusercontent.com/Richy5959/lastochka_phono/refs/heads/main/catalog_photos/data/jeggings/K84_2.jpg
К61.jpg,https://raw.githubusercontent.com/Richy5959/lastochka_phono/refs/heads/main/catalog_photos/data/jeggings/К61.jpg
К61_1.jpg,https://raw.githubusercontent.com/Richy5959/lastochka_phono/refs/heads/main/catalog_photos/data/jeggings/К61_1.jpg
К61_2.jpg,https://raw.githubusercontent.com/Richy5959/lastochka_phono/refs/heads/main/catalog_photos/data/jeggings/К61_2.jpg
К61_3.jpg,https://raw.githubusercontent.com/Richy5959/lastochka_phono/refs/heads/main/catalog_photos/data/jeggings/К61_3.jpg
К61_4.jpg,https://raw.githubusercontent.com/Richy5959/lastochka_phono/refs/heads/main/catalog_photos/data/jeggings/К61_4.jpg
К61_5.jpg,https://raw.githubusercontent.com/Richy5959/lastochka_phono/refs/heads/main/catalog_photos/data/jeggings/К61_5.jpg
К61_6.jpg,https://raw.githubusercontent.com/Richy5959/lastochka_phono/refs/heads/main/catalog_photos/data/jeggings/К61_6.jpg
К62.jpg,https://raw.githubusercontent.com/Richy5959/lastochka_phono/refs/heads/main/catalog_photos/data/jeggings/К62.jpg
К62_1.jpg,https://raw.githubusercontent.com/Richy5959/lastochka_phono/refs/heads/main/catalog_photos/data/jeggings/К62_1.jpg
К62_2.jpg,https://raw.githubusercontent.com/Richy5959/lastochka_phono/refs/heads/main/catalog_photos/data/jeggings/К62_2.jpg
К62_3.jpg,https://raw.githubusercontent.com/Richy5959/lastochka_phono/refs/heads/main/catalog_photos/data/jeggings/К62_3.jpg
К62_4.jpg,https://raw.githubusercontent.com/Richy5959/lastochka_phono/refs/heads/main/catalog_photos/data/jeggings/К62_4.jpg
К62_5.jpg,https://raw.githubusercontent.com/Richy5959/lastochka_phono/refs/heads/main/catalog_photos/data/jeggings/К62_5.jpg
К63.jpg,https://raw.githubusercontent.com/Richy5959/lastochka_phono/refs/heads/main/catalog_photos/data/jeggings/К63.jpg
К63_1.jpg,https://raw.githubusercontent.com/Richy5959/lastochka_phono/refs/heads/main/catalog_photos/data/jeggings/К63_1.jpg
К63_2.jpg,https://raw.githubusercontent.com/Richy5959/lastochka_phono/refs/heads/main/catalog_photos/data/jeggings/К63_2.jpg
К63_3.jpg,https://raw.githubusercontent.com/Richy5959/lastochka_phono/refs/heads/main/catalog_photos/data/jeggings/К63_3.jpg
К63_4.jpg,https://raw.githubusercontent.com/Richy5959/lastochka_phono/refs/heads/main/catalog_photos/data/jeggings/К63_4.jpg
К63_5.jpg,https://raw.githubusercontent.com/Richy5959/lastochka_phono/refs/heads/main/catalog_photos/data/jeggings/К63_5.jpg
К63_6.jpg,https://raw.githubusercontent.com/Richy5959/lastochka_phono/refs/heads/main/catalog_photos/data/jeggings/К63_6.jpg
К64.jpg,https://raw.githubusercontent.com/Richy5959/lastochka_phono/refs/heads/main/catalog_photos/data/jeggings/К64.jpg
К64_1.png,https://raw.githubusercontent.com/Richy5959/lastochka_phono/refs/heads/main/catalog_photos/data/jeggings/К64_1.png
К64_2.jpg,https://raw.githubusercontent.com/Richy5959/lastochka_phono/refs/heads/main/catalog_photos/data/jeggings/К64_2.jpg
К64_3.jpg,https://raw.githubusercontent.com/Richy5959/lastochka_phono/refs/heads/main/catalog_photos/data/jeggings/К64_3.jpg
К64_4.jpg,https://raw.githubusercontent.com/Richy5959/lastochka_phono/refs/heads/main/catalog_photos/data/jeggings/К64_4.jpg
К64_5.jpg,https://raw.githubusercontent.com/Richy5959/lastochka_phono/refs/heads/main/catalog_photos/data/jeggings/К64_5.jpg
К65.jpg,https://raw.githubusercontent.com/Richy5959/lastochka_phono/refs/heads/main/catalog_photos/data/jeggings/К65.jpg
К65_1.jpg,https://raw.githubusercontent.com/Richy5959/lastochka_phono/refs/heads/main/catalog_photos/data/jeggings/К65_1.jpg
К65_2.jpg,https://raw.githubusercontent.com/Richy5959/lastochka_phono/refs/heads/main/catalog_photos/data/jeggings/К65_2.jpg
К65_3.jpg,https://raw.githubusercontent.com/Richy5959/lastochka_phono/refs/heads/main/catalog_photos/data/jeggings/К65_3.jpg
К66_0.jpg,https://raw.githubusercontent.com/Richy5959/lastochka_phono/refs/heads/main/catalog_photos/data/jeggings/К66_0.jpg
К66_1.jpg,https://raw.githubusercontent.com/Richy5959/lastochka_phono/refs/heads/main/catalog_photos/data/jeggings/К66_1.jpg
К66_2.jpg,https://raw.githubusercontent.com/Richy5959/lastochka_phono/refs/heads/main/catalog_photos/data/jeggings/К66_2.jpg
К66_3.jpg,https://raw.githubusercontent.com/Richy5959/lastochka_phono/refs/heads/main/catalog_photos/data/jeggings/К66_3.jpg
К66_4.jpg,https://raw.githubusercontent.com/Richy5959/lastochka_phono/refs/heads/main/catalog_photos/data/jeggings/К66_4.jpg
К66_5.jpg,https://raw.githubusercontent.com/Richy5959/lastochka_phono/refs/heads/main/catalog_photos/data/jeggings/К66_5.jpg
К66_6.jpg,https://raw.githubusercontent.com/Richy5959/lastochka_phono/refs/heads/main/catalog_photos/data/jeggings/К66_6.jpg
К67.jpg,https://raw.githubusercontent.com/Richy5959/lastochka_phono/refs/heads/main/catalog_photos/data/jeggings/К67.jpg
К67_1.jpg,https://raw.githubusercontent.com/Richy5959/lastochka_phono/refs/heads/main/catalog_photos/data/jeggings/К67_1.jpg
К67_2.jpg,https://raw.githubusercontent.com/Richy5959/lastochka_phono/refs/heads/main/catalog_photos/data/jeggings/К67_2.jpg
К67_3.jpg,https://raw.githubusercontent.com/Richy5959/lastochka_phono/refs/heads/main/catalog_photos/data/jeggings/К67_3.jpg
К67_4.jpg,https://raw.githubusercontent.com/Richy5959/lastochka_phono/refs/heads/main/catalog_photos/data/jeggings/К67_4.jpg
К67_5.jpg,https://raw.githubusercontent.com/Richy5959/lastochka_phono/refs/heads/main/catalog_photos/data/jeggings/К67_5.jpg
К68.jpg,https://raw.githubusercontent.com/Richy5959/lastochka_phono/refs/heads/main/catalog_photos/data/jeggings/К68.jpg
К68_1.jpg,https://raw.githubusercontent.com/Richy5959/lastochka_phono/refs/heads/main/catalog_photos/data/jeggings/К68_1.jpg
К68_2.jpg,https://raw.githubusercontent.com/Richy5959/lastochka_phono/refs/heads/main/catalog_photos/data/jeggings/К68_2.jpg
К70.jpg,https://raw.githubusercontent.com/Richy5959/lastochka_phono/refs/heads/main/catalog_photos/data/jeggings/К70.jpg
К70_1.jpg,https://raw.githubusercontent.com/Richy5959/lastochka_phono/refs/heads/main/catalog_photos/data/jeggings/К70_1.jpg
С242.jpg,https://raw.githubusercontent.com/Richy5959/lastochka_phono/refs/heads/main/catalog_photos/data/komplekty/С242.jpg
С242_2.jpg,https://raw.githubusercontent.com/Richy5959/lastochka_phono/refs/heads/main/catalog_photos/data/komplekty/С242_2.jpg
С242_3.jpeg,https://raw.githubusercontent.com/Richy5959/lastochka_phono/refs/heads/main/catalog_photos/data/komplekty/С242_3.jpeg
С242_4.jpg,https://raw.githubusercontent.com/Richy5959/lastochka_phono/refs/heads/main/catalog_photos/data/komplekty/С242_4.jpg
С242_8.jpg,https://raw.githubusercontent.com/Richy5959/lastochka_phono/refs/heads/main/catalog_photos/data/komplekty/С242_8.jpg
С246_23.jpg,https://raw.githubusercontent.com/Richy5959/lastochka_phono/refs/heads/main/catalog_photos/data/komplekty/С246_23.jpg
T90.png,https://raw.githubusercontent.com/Richy5959/lastochka_phono/refs/heads/main/catalog_photos/data/panties/T90.png
T91_1.png,https://raw.githubusercontent.com/Richy5959/lastochka_phono/refs/heads/main/catalog_photos/data/panties/T91_1.png
T91_2.jpg,https://raw.githubusercontent.com/Richy5959/lastochka_phono/refs/heads/main/catalog_photos/data/panties/T91_2.jpg
T92.png,https://raw.githubusercontent.com/Richy5959/lastochka_phono/refs/heads/main/catalog_photos/data/panties/T92.png
T96.png,https://raw.githubusercontent.com/Richy5959/lastochka_phono/refs/heads/main/catalog_photos/data/panties/T96.png
T97_1.png,https://raw.githubusercontent.com/Richy5959/lastochka_phono/refs/heads/main/catalog_photos/data/panties/T97_1.png
T97_2.png,https://raw.githubusercontent.com/Richy5959/lastochka_phono/refs/heads/main/catalog_photos/data/panties/T97_2.png
T97_3.png,https://raw.githubusercontent.com/Richy5959/lastochka_phono/refs/heads/main/catalog_photos/data/panties/T97_3.png
T97_4.png,https://raw.githubusercontent.com/Richy5959/lastochka_phono/refs/heads/main/catalog_photos/data/panties/T97_4.png
T97_5.png,https://raw.githubusercontent.com/Richy5959/lastochka_phono/refs/heads/main/catalog_photos/data/panties/T97_5.png
T97_6.png,https://raw.githubusercontent.com/Richy5959/lastochka_phono/refs/heads/main/catalog_photos/data/panties/T97_6.png
T97_7.png,https://raw.githubusercontent.com/Richy5959/lastochka_phono/refs/heads/main/catalog_photos/data/panties/T97_7.png
Т-18.png,https://raw.githubusercontent.com/Richy5959/lastochka_phono/refs/heads/main/catalog_photos/data/panties/Т-18.png
Т100.png,https://raw.githubusercontent.com/Richy5959/lastochka_phono/refs/heads/main/catalog_photos/data/panties/Т100.png
Т100_1.png,https://raw.githubusercontent.com/Richy5959/lastochka_phono/refs/heads/main/catalog_photos/data/panties/Т100_1.png
Т100_2.png,https://raw.githubusercontent.com/Richy5959/lastochka_phono/refs/heads/main/catalog_photos/data/panties/Т100_2.png
Т101.png,https://raw.githubusercontent.com/Richy5959/lastochka_phono/refs/heads/main/catalog_photos/data/panties/Т101.png
Т102.jpg,https://raw.githubusercontent.com/Richy5959/lastochka_phono/refs/heads/main/catalog_photos/data/panties/Т102.jpg
Т102_2.jpg,https://raw.githubusercontent.com/Richy5959/lastochka_phono/refs/heads/main/catalog_photos/data/panties/Т102_2.jpg
Т103.png,https://raw.githubusercontent.com/Richy5959/lastochka_phono/refs/heads/main/catalog_photos/data/panties/Т103.png
Т12-15.png,https://raw.githubusercontent.com/Richy5959/lastochka_phono/refs/heads/main/catalog_photos/data/panties/Т12-15.png
Т121.png,https://raw.githubusercontent.com/Richy5959/lastochka_phono/refs/heads/main/catalog_photos/data/panties/Т121.png
Т122.png,https://raw.githubusercontent.com/Richy5959/lastochka_phono/refs/heads/main/catalog_photos/data/panties/Т122.png
Т124.png,https://raw.githubusercontent.com/Richy5959/lastochka_phono/refs/heads/main/catalog_photos/data/panties/Т124.png
Т12_0.png,https://raw.githubusercontent.com/Richy5959/lastochka_phono/refs/heads/main/catalog_photos/data/panties/Т12_0.png
Т14  Т16.png,https://raw.githubusercontent.com/Richy5959/lastochka_phono/refs/heads/main/catalog_photos/data/panties/Т14  Т16.png
Т14_1.jpg,https://raw.githubusercontent.com/Richy5959/lastochka_phono/refs/heads/main/catalog_photos/data/panties/Т14_1.jpg
Т15.png,https://raw.githubusercontent.com/Richy5959/lastochka_phono/refs/heads/main/catalog_photos/data/panties/Т15.png
Т15_1.png,https://raw.githubusercontent.com/Richy5959/lastochka_phono/refs/heads/main/catalog_photos/data/panties/Т15_1.png
Т161_1.jpg,https://raw.githubusercontent.com/Richy5959/lastochka_phono/refs/heads/main/catalog_photos/data/panties/Т161_1.jpg
Т161_2.jpg,https://raw.githubusercontent.com/Richy5959/lastochka_phono/refs/heads/main/catalog_photos/data/panties/Т161_2.jpg
Т161_3.jpg,https://raw.githubusercontent.com/Richy5959/lastochka_phono/refs/heads/main/catalog_photos/data/panties/Т161_3.jpg
Т162_1.jpg,https://raw.githubusercontent.com/Richy5959/lastochka_phono/refs/heads/main/catalog_photos/data/panties/Т162_1.jpg
Т162_2.jpg,https://raw.githubusercontent.com/Richy5959/lastochka_phono/refs/heads/main/catalog_photos/data/panties/Т162_2.jpg
Т168_1.jpg,https://raw.githubusercontent.com/Richy5959/lastochka_phono/refs/heads/main/catalog_photos/data/panties/Т168_1.jpg
Т168_2.jpg,https://raw.githubusercontent.com/Richy5959/lastochka_phono/refs/heads/main/catalog_photos/data/panties/Т168_2.jpg
Т168_3.jpg,https://raw.githubusercontent.com/Richy5959/lastochka_phono/refs/heads/main/catalog_photos/data/panties/Т168_3.jpg
Т168_4.jpg,https://raw.githubusercontent.com/Richy5959/lastochka_phono/refs/heads/main/catalog_photos/data/panties/Т168_4.jpg
Т17-1.png,https://raw.githubusercontent.com/Richy5959/lastochka_phono/refs/heads/main/catalog_photos/data/panties/Т17-1.png
Т17-2.png,https://raw.githubusercontent.com/Richy5959/lastochka_phono/refs/heads/main/catalog_photos/data/panties/Т17-2.png
Т17-3.png,https://raw.githubusercontent.com/Richy5959/lastochka_phono/refs/heads/main/catalog_photos/data/panties/Т17-3.png
Т17-4.png,https://raw.githubusercontent.com/Richy5959/lastochka_phono/refs/heads/main/catalog_photos/data/panties/Т17-4.png
Т17-5.png,https://raw.githubusercontent.com/Richy5959/lastochka_phono/refs/heads/main/catalog_photos/data/panties/Т17-5.png
Т17-6.png,https://raw.githubusercontent.com/Richy5959/lastochka_phono/refs/heads/main/catalog_photos/data/panties/Т17-6.png
Т17-7.png,https://raw.githubusercontent.com/Richy5959/lastochka_phono/refs/heads/main/catalog_photos/data/panties/Т17-7.png
Т17_1.jpg,https://raw.githubusercontent.com/Richy5959/lastochka_phono/refs/heads/main/catalog_photos/data/panties/Т17_1.jpg
Т29.png,https://raw.githubusercontent.com/Richy5959/lastochka_phono/refs/heads/main/catalog_photos/data/panties/Т29.png
Т29_1.jpg,https://raw.githubusercontent.com/Richy5959/lastochka_phono/refs/heads/main/catalog_photos/data/panties/Т29_1.jpg
Т29_2.jpg,https://raw.githubusercontent.com/Richy5959/lastochka_phono/refs/heads/main/catalog_photos/data/panties/Т29_2.jpg
Т3-1.png,https://raw.githubusercontent.com/Richy5959/lastochka_phono/refs/heads/main/catalog_photos/data/panties/Т3-1.png
Т3-2.png,https://raw.githubusercontent.com/Richy5959/lastochka_phono/refs/heads/main/catalog_photos/data/panties/Т3-2.png
Т3-3.png,https://raw.githubusercontent.com/Richy5959/lastochka_phono/refs/heads/main/catalog_photos/data/panties/Т3-3.png
Т3.png,https://raw.githubusercontent.com/Richy5959/lastochka_phono/refs/heads/main/catalog_photos/data/panties/Т3.png
Т33_1.jpg,https://raw.githubusercontent.com/Richy5959/lastochka_phono/refs/heads/main/catalog_photos/data/panties/Т33_1.jpg
Т36_1.jpg,https://raw.githubusercontent.com/Richy5959/lastochka_phono/refs/heads/main/catalog_photos/data/panties/Т36_1.jpg
Т36_2.jpg,https://raw.githubusercontent.com/Richy5959/lastochka_phono/refs/heads/main/catalog_photos/data/panties/Т36_2.jpg
Т36_3.jpg,https://raw.githubusercontent.com/Richy5959/lastochka_phono/refs/heads/main/catalog_photos/data/panties/Т36_3.jpg
Т3_1.jpg,https://raw.githubusercontent.com/Richy5959/lastochka_phono/refs/heads/main/catalog_photos/data/panties/Т3_1.jpg
Т4-3.png,https://raw.githubusercontent.com/Richy5959/lastochka_phono/refs/heads/main/catalog_photos/data/panties/Т4-3.png
Т46.jpg,https://raw.githubusercontent.com/Richy5959/lastochka_phono/refs/heads/main/catalog_photos/data/panties/Т46.jpg
Т5-1.png,https://raw.githubusercontent.com/Richy5959/lastochka_phono/refs/heads/main/catalog_photos/data/panties/Т5-1.png
Т5-3.png,https://raw.githubusercontent.com/Richy5959/lastochka_phono/refs/heads/main/catalog_photos/data/panties/Т5-3.png
Т51-1.png,https://raw.githubusercontent.com/Richy5959/lastochka_phono/refs/heads/main/catalog_photos/data/panties/Т51-1.png
Т51-2.png,https://raw.githubusercontent.com/Richy5959/lastochka_phono/refs/heads/main/catalog_photos/data/panties/Т51-2.png
Т51-2_1.png,https://raw.githubusercontent.com/Richy5959/lastochka_phono/refs/heads/main/catalog_photos/data/panties/Т51-2_1.png
Т51-3.png,https://raw.githubusercontent.com/Richy5959/lastochka_phono/refs/heads/main/catalog_photos/data/panties/Т51-3.png
Т51-4.png,https://raw.githubusercontent.com/Richy5959/lastochka_phono/refs/heads/main/catalog_photos/data/panties/Т51-4.png
Т51.png,https://raw.githubusercontent.com/Richy5959/lastochka_phono/refs/heads/main/catalog_photos/data/panties/Т51.png
Т57.png,https://raw.githubusercontent.com/Richy5959/lastochka_phono/refs/heads/main/catalog_photos/data/panties/Т57.png
Т57_1.jpg,https://raw.githubusercontent.com/Richy5959/lastochka_phono/refs/heads/main/catalog_photos/data/panties/Т57_1.jpg
Т5_1.jpg,https://raw.githubusercontent.com/Richy5959/lastochka_phono/refs/heads/main/catalog_photos/data/panties/Т5_1.jpg
Т6-1.png,https://raw.githubusercontent.com/Richy5959/lastochka_phono/refs/heads/main/catalog_photos/data/panties/Т6-1.png
Т6-2.png,https://raw.githubusercontent.com/Richy5959/lastochka_phono/refs/heads/main/catalog_photos/data/panties/Т6-2.png
Т6-3.png,https://raw.githubusercontent.com/Richy5959/lastochka_phono/refs/heads/main/catalog_photos/data/panties/Т6-3.png
Т60_1.jpg,https://raw.githubusercontent.com/Richy5959/lastochka_phono/refs/heads/main/catalog_photos/data/panties/Т60_1.jpg
Т60_2.jpg,https://raw.githubusercontent.com/Richy5959/lastochka_phono/refs/heads/main/catalog_photos/data/panties/Т60_2.jpg
Т6_1.jpg,https://raw.githubusercontent.com/Richy5959/lastochka_phono/refs/heads/main/catalog_photos/data/panties/Т6_1.jpg
Т7-1.png,https://raw.githubusercontent.com/Richy5959/lastochka_phono/refs/heads/main/catalog_photos/data/panties/Т7-1.png
Т7-2.png,https://raw.githubusercontent.com/Richy5959/lastochka_phono/refs/heads/main/catalog_photos/data/panties/Т7-2.png
Т7-3.png,https://raw.githubusercontent.com/Richy5959/lastochka_phono/refs/heads/main/catalog_photos/data/panties/Т7-3.png
Т70-1.jpg,https://raw.githubusercontent.com/Richy5959/lastochka_phono/refs/heads/main/catalog_photos/data/panties/Т70-1.jpg
Т70-2.jpg,https://raw.githubusercontent.com/Richy5959/lastochka_phono/refs/heads/main/catalog_photos/data/panties/Т70-2.jpg
Т70-3.jpg,https://raw.githubusercontent.com/Richy5959/lastochka_phono/refs/heads/main/catalog_photos/data/panties/Т70-3.jpg
Т70-4.jpg,https://raw.githubusercontent.com/Richy5959/lastochka_phono/refs/heads/main/catalog_photos/data/panties/Т70-4.jpg
Т71-2-5.png,https://raw.githubusercontent.com/Richy5959/lastochka_phono/refs/heads/main/catalog_photos/data/panties/Т71-2-5.png
Т74.jpg,https://raw.githubusercontent.com/Richy5959/lastochka_phono/refs/heads/main/catalog_photos/data/panties/Т74.jpg
Т78_1.png,https://raw.githubusercontent.com/Richy5959/lastochka_phono/refs/heads/main/catalog_photos/data/panties/Т78_1.png
Т78_2_2.png,https://raw.githubusercontent.com/Richy5959/lastochka_phono/refs/heads/main/catalog_photos/data/panties/Т78_2_2.png
Т78_3_3.png,https://raw.githubusercontent.com/Richy5959/lastochka_phono/refs/heads/main/catalog_photos/data/panties/Т78_3_3.png
Т7_1.jpg,https://raw.githubusercontent.com/Richy5959/lastochka_phono/refs/heads/main/catalog_photos/data/panties/Т7_1.jpg
Т81_1.png,https://raw.githubusercontent.com/Richy5959/lastochka_phono/refs/heads/main/catalog_photos/data/panties/Т81_1.png
Т81_2_2.png,https://raw.githubusercontent.com/Richy5959/lastochka_phono/refs/heads/main/catalog_photos/data/panties/Т81_2_2.png
Т81_3_3.png,https://raw.githubusercontent.com/Richy5959/lastochka_phono/refs/heads/main/catalog_photos/data/panties/Т81_3_3.png
Т86_0.jpg,https://raw.githubusercontent.com/Richy5959/lastochka_phono/refs/heads/main/catalog_photos/data/panties/Т86_0.jpg
Т86_1.png,https://raw.githubusercontent.com/Richy5959/lastochka_phono/refs/heads/main/catalog_photos/data/panties/Т86_1.png
Т87.png,https://raw.githubusercontent.com/Richy5959/lastochka_phono/refs/heads/main/catalog_photos/data/panties/Т87.png
Т88.png,https://raw.githubusercontent.com/Richy5959/lastochka_phono/refs/heads/main/catalog_photos/data/panties/Т88.png
Т99.png,https://raw.githubusercontent.com/Richy5959/lastochka_phono/refs/heads/main/catalog_photos/data/panties/Т99.png
Т99_1.png,https://raw.githubusercontent.com/Richy5959/lastochka_phono/refs/heads/main/catalog_photos/data/panties/Т99_1.png
present3.png,https://raw.githubusercontent.com/Richy5959/lastochka_phono/refs/heads/main/catalog_photos/data/present/present3.png
prokat_10.JPG,https://raw.githubusercontent.com/Richy5959/lastochka_phono/refs/heads/main/catalog_photos/data/prokat/prokat_10.JPG
prokat_10_1.jpg,https://raw.githubusercontent.com/Richy5959/lastochka_phono/refs/heads/main/catalog_photos/data/prokat/prokat_10_1.jpg
prokat_10_2.jpg,https://raw.githubusercontent.com/Richy5959/lastochka_phono/refs/heads/main/catalog_photos/data/prokat/prokat_10_2.jpg
prokat_11.JPG,https://raw.githubusercontent.com/Richy5959/lastochka_phono/refs/heads/main/catalog_photos/data/prokat/prokat_11.JPG
prokat_11_1.jpg,https://raw.githubusercontent.com/Richy5959/lastochka_phono/refs/heads/main/catalog_photos/data/prokat/prokat_11_1.jpg
prokat_11_2.jpg,https://raw.githubusercontent.com/Richy5959/lastochka_phono/refs/heads/main/catalog_photos/data/prokat/prokat_11_2.jpg
prokat_12.JPG,https://raw.githubusercontent.com/Richy5959/lastochka_phono/refs/heads/main/catalog_photos/data/prokat/prokat_12.JPG
prokat_12_1.jpg,https://raw.githubusercontent.com/Richy5959/lastochka_phono/refs/heads/main/catalog_photos/data/prokat/prokat_12_1.jpg
prokat_12_2.jpg,https://raw.githubusercontent.com/Richy5959/lastochka_phono/refs/heads/main/catalog_photos/data/prokat/prokat_12_2.jpg
prokat_13_1.jpg,https://raw.githubusercontent.com/Richy5959/lastochka_phono/refs/heads/main/catalog_photos/data/prokat/prokat_13_1.jpg
prokat_13_2.jpg,https://raw.githubusercontent.com/Richy5959/lastochka_phono/refs/heads/main/catalog_photos/data/prokat/prokat_13_2.jpg
prokat_14_1.jpg,https://raw.githubusercontent.com/Richy5959/lastochka_phono/refs/heads/main/catalog_photos/data/prokat/prokat_14_1.jpg
prokat_14_2.jpg,https://raw.githubusercontent.com/Richy5959/lastochka_phono/refs/heads/main/catalog_photos/data/prokat/prokat_14_2.jpg
prokat_14_3.jpg,https://raw.githubusercontent.com/Richy5959/lastochka_phono/refs/heads/main/catalog_photos/data/prokat/prokat_14_3.jpg
prokat_15_1.jpg,https://raw.githubusercontent.com/Richy5959/lastochka_phono/refs/heads/main/catalog_photos/data/prokat/prokat_15_1.jpg
prokat_15_2.jpg,https://raw.githubusercontent.com/Richy5959/lastochka_phono/refs/heads/main/catalog_photos/data/prokat/prokat_15_2.jpg
prokat_16_1.jpg,https://raw.githubusercontent.com/Richy5959/lastochka_phono/refs/heads/main/catalog_photos/data/prokat/prokat_16_1.jpg
prokat_16_2.jpg,https://raw.githubusercontent.com/Richy5959/lastochka_phono/refs/heads/main/catalog_photos/data/prokat/prokat_16_2.jpg
prokat_16_3.jpg,https://raw.githubusercontent.com/Richy5959/lastochka_phono/refs/heads/main/catalog_photos/data/prokat/prokat_16_3.jpg
prokat_17_1.jpg,https://raw.githubusercontent.com/Richy5959/lastochka_phono/refs/heads/main/catalog_photos/data/prokat/prokat_17_1.jpg
prokat_17_2.jpg,https://raw.githubusercontent.com/Richy5959/lastochka_phono/refs/heads/main/catalog_photos/data/prokat/prokat_17_2.jpg
prokat_17_3.jpg,https://raw.githubusercontent.com/Richy5959/lastochka_phono/refs/heads/main/catalog_photos/data/prokat/prokat_17_3.jpg
prokat_18_1.jpg,https://raw.githubusercontent.com/Richy5959/lastochka_phono/refs/heads/main/catalog_photos/data/prokat/prokat_18_1.jpg
prokat_18_2.jpg,https://raw.githubusercontent.com/Richy5959/lastochka_phono/refs/heads/main/catalog_photos/data/prokat/prokat_18_2.jpg
prokat_18_3.jpg,https://raw.githubusercontent.com/Richy5959/lastochka_phono/refs/heads/main/catalog_photos/data/prokat/prokat_18_3.jpg
prokat_19_1.jpg,https://raw.githubusercontent.com/Richy5959/lastochka_phono/refs/heads/main/catalog_photos/data/prokat/prokat_19_1.jpg
prokat_19_2.jpg,https://raw.githubusercontent.com/Richy5959/lastochka_phono/refs/heads/main/catalog_photos/data/prokat/prokat_19_2.jpg
prokat_1_1.JPG,https://raw.githubusercontent.com/Richy5959/lastochka_phono/refs/heads/main/catalog_photos/data/prokat/prokat_1_1.JPG
prokat_1_2.jpg,https://raw.githubusercontent.com/Richy5959/lastochka_phono/refs/heads/main/catalog_photos/data/prokat/prokat_1_2.jpg
prokat_20_1.jpg,https://raw.githubusercontent.com/Richy5959/lastochka_phono/refs/heads/main/catalog_photos/data/prokat/prokat_20_1.jpg
prokat_20_2.jpg,https://raw.githubusercontent.com/Richy5959/lastochka_phono/refs/heads/main/catalog_photos/data/prokat/prokat_20_2.jpg
prokat_20_3.jpg,https://raw.githubusercontent.com/Richy5959/lastochka_phono/refs/heads/main/catalog_photos/data/prokat/prokat_20_3.jpg
prokat_21_1.jpg,https://raw.githubusercontent.com/Richy5959/lastochka_phono/refs/heads/main/catalog_photos/data/prokat/prokat_21_1.jpg
prokat_21_2.jpg,https://raw.githubusercontent.com/Richy5959/lastochka_phono/refs/heads/main/catalog_photos/data/prokat/prokat_21_2.jpg
prokat_22_1.jpg,https://raw.githubusercontent.com/Richy5959/lastochka_phono/refs/heads/main/catalog_photos/data/prokat/prokat_22_1.jpg
prokat_22_2.jpg,https://raw.githubusercontent.com/Richy5959/lastochka_phono/refs/heads/main/catalog_photos/data/prokat/prokat_22_2.jpg
prokat_23_1.jpg,https://raw.githubusercontent.com/Richy5959/lastochka_phono/refs/heads/main/catalog_photos/data/prokat/prokat_23_1.jpg
prokat_2_1.JPG,https://raw.githubusercontent.com/Richy5959/lastochka_phono/refs/heads/main/catalog_photos/data/prokat/prokat_2_1.JPG
prokat_2_2.JPG,https://raw.githubusercontent.com/Richy5959/lastochka_phono/refs/heads/main/catalog_photos/data/prokat/prokat_2_2.JPG
prokat_3_1.jpg,https://raw.githubusercontent.com/Richy5959/lastochka_phono/refs/heads/main/catalog_photos/data/prokat/prokat_3_1.jpg
prokat_3_2.jpg,https://raw.githubusercontent.com/Richy5959/lastochka_phono/refs/heads/main/catalog_photos/data/prokat/prokat_3_2.jpg
prokat_5_1.jpg,https://raw.githubusercontent.com/Richy5959/lastochka_phono/refs/heads/main/catalog_photos/data/prokat/prokat_5_1.jpg
prokat_6_1.jpg,https://raw.githubusercontent.com/Richy5959/lastochka_phono/refs/heads/main/catalog_photos/data/prokat/prokat_6_1.jpg
prokat_6_2.jpg,https://raw.githubusercontent.com/Richy5959/lastochka_phono/refs/heads/main/catalog_photos/data/prokat/prokat_6_2.jpg
prokat_7_1.JPG,https://raw.githubusercontent.com/Richy5959/lastochka_phono/refs/heads/main/catalog_photos/data/prokat/prokat_7_1.JPG
prokat_7_2.jpg,https://raw.githubusercontent.com/Richy5959/lastochka_phono/refs/heads/main/catalog_photos/data/prokat/prokat_7_2.jpg
prokat_8.JPG,https://raw.githubusercontent.com/Richy5959/lastochka_phono/refs/heads/main/catalog_photos/data/prokat/prokat_8.JPG
prokat_8_1.jpg,https://raw.githubusercontent.com/Richy5959/lastochka_phono/refs/heads/main/catalog_photos/data/prokat/prokat_8_1.jpg
prokat_8_2.jpg,https://raw.githubusercontent.com/Richy5959/lastochka_phono/refs/heads/main/catalog_photos/data/prokat/prokat_8_2.jpg
prokat_9_1.JPG,https://raw.githubusercontent.com/Richy5959/lastochka_phono/refs/heads/main/catalog_photos/data/prokat/prokat_9_1.JPG
prokat_9_2.jpg,https://raw.githubusercontent.com/Richy5959/lastochka_phono/refs/heads/main/catalog_photos/data/prokat/prokat_9_2.jpg
С176_1.jpg,https://raw.githubusercontent.com/Richy5959/lastochka_phono/refs/heads/main/catalog_photos/data/sets_of_underwear/С176_1.jpg
С176_2.jpg,https://raw.githubusercontent.com/Richy5959/lastochka_phono/refs/heads/main/catalog_photos/data/sets_of_underwear/С176_2.jpg
С50_2.png,https://raw.githubusercontent.com/Richy5959/lastochka_phono/refs/heads/main/catalog_photos/data/sets_of_underwear/С50_2.png
С87_8.jpg,https://raw.githubusercontent.com/Richy5959/lastochka_phono/refs/heads/main/catalog_photos/data/sets_of_underwear/С87_8.jpg
С87_9.jpg,https://raw.githubusercontent.com/Richy5959/lastochka_phono/refs/heads/main/catalog_photos/data/sets_of_underwear/С87_9.jpg
K11.png,https://raw.githubusercontent.com/Richy5959/lastochka_phono/refs/heads/main/catalog_photos/data/tights_socks/K11.png
K17.png,https://raw.githubusercontent.com/Richy5959/lastochka_phono/refs/heads/main/catalog_photos/data/tights_socks/K17.png
"K52,54,56.png","https://raw.githubusercontent.com/Richy5959/lastochka_phono/refs/heads/main/catalog_photos/data/tights_socks/K52,54,56.png"
"K53,55,57.png","https://raw.githubusercontent.com/Richy5959/lastochka_phono/refs/heads/main/catalog_photos/data/tights_socks/K53,55,57.png"
K54.jpg,https://raw.githubusercontent.com/Richy5959/lastochka_phono/refs/heads/main/catalog_photos/data/tights_socks/K54.jpg
K55.jpg,https://raw.githubusercontent.com/Richy5959/lastochka_phono/refs/heads/main/catalog_photos/data/tights_socks/K55.jpg
K56.jpg,https://raw.githubusercontent.com/Richy5959/lastochka_phono/refs/heads/main/catalog_photos/data/tights_socks/K56.jpg
K56_2.jpg,https://raw.githubusercontent.com/Richy5959/lastochka_phono/refs/heads/main/catalog_photos/data/tights_socks/K56_2.jpg
K57.jpg,https://raw.githubusercontent.com/Richy5959/lastochka_phono/refs/heads/main/catalog_photos/data/tights_socks/K57.jpg
K58.png,https://raw.githubusercontent.com/Richy5959/lastochka_phono/refs/heads/main/catalog_photos/data/tights_socks/K58.png
K60.jpg,https://raw.githubusercontent.com/Richy5959/lastochka_phono/refs/heads/main/catalog_photos/data/tights_socks/K60.jpg
K71.jpg,https://raw.githubusercontent.com/Richy5959/lastochka_phono/refs/heads/main/catalog_photos/data/tights_socks/K71.jpg
K72.jpg,https://raw.githubusercontent.com/Richy5959/lastochka_phono/refs/heads/main/catalog_photos/data/tights_socks/K72.jpg
K73.jpg,https://raw.githubusercontent.com/Richy5959/lastochka_phono/refs/heads/main/catalog_photos/data/tights_socks/K73.jpg
K74.jpg,https://raw.githubusercontent.com/Richy5959/lastochka_phono/refs/heads/main/catalog_photos/data/tights_socks/K74.jpg
K8.png,https://raw.githubusercontent.com/Richy5959/lastochka_phono/refs/heads/main/catalog_photos/data/tights_socks/K8.png
K85.jpg,https://raw.githubusercontent.com/Richy5959/lastochka_phono/refs/heads/main/catalog_photos/data/tights_socks/K85.jpg
K86.jpg,https://raw.githubusercontent.com/Richy5959/lastochka_phono/refs/heads/main/catalog_photos/data/tights_socks/K86.jpg
K87.jpg,https://raw.githubusercontent.com/Richy5959/lastochka_phono/refs/heads/main/catalog_photos/data/tights_socks/K87.jpg
K88.jpg,https://raw.githubusercontent.com/Richy5959/lastochka_phono/refs/heads/main/catalog_photos/data/tights_socks/K88.jpg
K89.jpg,https://raw.githubusercontent.com/Richy5959/lastochka_phono/refs/heads/main/catalog_photos/data/tights_socks/K89.jpg
K92.jpg,https://raw.githubusercontent.com/Richy5959/lastochka_phono/refs/heads/main/catalog_photos/data/tights_socks/K92.jpg
К18.jpg,https://raw.githubusercontent.com/Richy5959/lastochka_phono/refs/heads/main/catalog_photos/data/tights_socks/К18.jpg
К19.jpg,https://raw.githubusercontent.com/Richy5959/lastochka_phono/refs/heads/main/catalog_photos/data/tights_socks/К19.jpg
К24_gabriella_julia.jpg,https://raw.githubusercontent.com/Richy5959/lastochka_phono/refs/heads/main/catalog_photos/data/tights_socks/К24_gabriella_julia.jpg
К26_gabriella-reni.jpg,https://raw.githubusercontent.com/Richy5959/lastochka_phono/refs/heads/main/catalog_photos/data/tights_socks/К26_gabriella-reni.jpg
К27_gabriella-puntina-tre.jpg,https://raw.githubusercontent.com/Richy5959/lastochka_phono/refs/heads/main/catalog_photos/data/tights_socks/К27_gabriella-puntina-tre.jpg
К29_miss.png,https://raw.githubusercontent.com/Richy5959/lastochka_phono/refs/heads/main/catalog_photos/data/tights_socks/К29_miss.png
К31_gatta-gabby.jpg,https://raw.githubusercontent.com/Richy5959/lastochka_phono/refs/heads/main/catalog_photos/data/tights_socks/К31_gatta-gabby.jpg
К35_gabriella-bacara.jpg,https://raw.githubusercontent.com/Richy5959/lastochka_phono/refs/heads/main/catalog_photos/data/tights_socks/К35_gabriella-bacara.jpg
К36_gatta_nadette.jpg,https://raw.githubusercontent.com/Richy5959/lastochka_phono/refs/heads/main/catalog_photos/data/tights_socks/К36_gatta_nadette.jpg
К39_Verticale.jpg,https://raw.githubusercontent.com/Richy5959/lastochka_phono/refs/heads/main/catalog_photos/data/tights_socks/К39_Verticale.jpg
К41_gatta_alice.jpg,https://raw.githubusercontent.com/Richy5959/lastochka_phono/refs/heads/main/catalog_photos/data/tights_socks/К41_gatta_alice.jpg
К42_Nikola_leggins.png,https://raw.githubusercontent.com/Richy5959/lastochka_phono/refs/heads/main/catalog_photos/data/tights_socks/К42_Nikola_leggins.png
К44_gabriella_melange.jpg,https://raw.githubusercontent.com/Richy5959/lastochka_phono/refs/heads/main/catalog_photos/data/tights_socks/К44_gabriella_melange.jpg
К47_gatta_гольфы.png,https://raw.githubusercontent.com/Richy5959/lastochka_phono/refs/heads/main/catalog_photos/data/tights_socks/К47_gatta_гольфы.png
К50_leggins_viva.jpg,https://raw.githubusercontent.com/Richy5959/lastochka_phono/refs/heads/main/catalog_photos/data/tights_socks/К50_leggins_viva.jpg
К51_1_Gatta_Leggins_det.png,https://raw.githubusercontent.com/Richy5959/lastochka_phono/refs/heads/main/catalog_photos/data/tights_socks/К51_1_Gatta_Leggins_det.png
К51_Gatta_Leggins_det.jpg,https://raw.githubusercontent.com/Richy5959/lastochka_phono/refs/heads/main/catalog_photos/data/tights_socks/К51_Gatta_Leggins_det.jpg
К6_conte_kids.png,https://raw.githubusercontent.com/Richy5959/lastochka_phono/refs/heads/main/catalog_photos/data/tights_socks/К6_conte_kids.png
К7_gatta_happySсhool.png,https://raw.githubusercontent.com/Richy5959/lastochka_phono/refs/heads/main/catalog_photos/data/tights_socks/К7_gatta_happySсhool.png
К96.jpg,https://raw.githubusercontent.com/Richy5959/lastochka_phono/refs/heads/main/catalog_photos/data/tights_socks/К96.jpg
К99_1.jpg,https://raw.githubusercontent.com/Richy5959/lastochka_phono/refs/heads/main/catalog_photos/data/tights_socks/К99_1.jpg
К99_2.jpg,https://raw.githubusercontent.com/Richy5959/lastochka_phono/refs/heads/main/catalog_photos/data/tights_socks/К99_2.jpg
К99_3.jpg,https://raw.githubusercontent.com/Richy5959/lastochka_phono/refs/heads/main/catalog_photos/data/tights_socks/К99_3.jpg
Н10.jpg,https://raw.githubusercontent.com/Richy5959/lastochka_phono/refs/heads/main/catalog_photos/data/tights_socks/Н10.jpg
Н11.jpg,https://raw.githubusercontent.com/Richy5959/lastochka_phono/refs/heads/main/catalog_photos/data/tights_socks/Н11.jpg
Н12.jpg,https://raw.githubusercontent.com/Richy5959/lastochka_phono/refs/heads/main/catalog_photos/data/tights_socks/Н12.jpg
Н15.jpg,https://raw.githubusercontent.com/Richy5959/lastochka_phono/refs/heads/main/catalog_photos/data/tights_socks/Н15.jpg
Н16.jpg,https://raw.githubusercontent.com/Richy5959/lastochka_phono/refs/heads/main/catalog_photos/data/tights_socks/Н16.jpg
Н17.jpg,https://raw.githubusercontent.com/Richy5959/lastochka_phono/refs/heads/main/catalog_photos/data/tights_socks/Н17.jpg
Н18.png,https://raw.githubusercontent.com/Richy5959/lastochka_phono/refs/heads/main/catalog_photos/data/tights_socks/Н18.png
Н20.png,https://raw.githubusercontent.com/Richy5959/lastochka_phono/refs/heads/main/catalog_photos/data/tights_socks/Н20.png
Н21.jpg,https://raw.githubusercontent.com/Richy5959/lastochka_phono/refs/heads/main/catalog_photos/data/tights_socks/Н21.jpg
Н22.jpg,https://raw.githubusercontent.com/Richy5959/lastochka_phono/refs/heads/main/catalog_photos/data/tights_socks/Н22.jpg
Н26.jpg,https://raw.githubusercontent.com/Richy5959/lastochka_phono/refs/heads/main/catalog_photos/data/tights_socks/Н26.jpg
Н27.jpg,https://raw.githubusercontent.com/Richy5959/lastochka_phono/refs/heads/main/catalog_photos/data/tights_socks/Н27.jpg
Н28.jpg,https://raw.githubusercontent.com/Richy5959/lastochka_phono/refs/heads/main/catalog_photos/data/tights_socks/Н28.jpg
Н29.jpg,https://raw.githubusercontent.com/Richy5959/lastochka_phono/refs/heads/main/catalog_photos/data/tights_socks/Н29.jpg
Н30_1.jpg,https://raw.githubusercontent.com/Richy5959/lastochka_phono/refs/heads/main/catalog_photos/data/tights_socks/Н30_1.jpg
Н30_2.jpg,https://raw.githubusercontent.com/Richy5959/lastochka_phono/refs/heads/main/catalog_photos/data/tights_socks/Н30_2.jpg
Н31.jpg,https://raw.githubusercontent.com/Richy5959/lastochka_phono/refs/heads/main/catalog_photos/data/tights_socks/Н31.jpg
Н32.jpg,https://raw.githubusercontent.com/Richy5959/lastochka_phono/refs/heads/main/catalog_photos/data/tights_socks/Н32.jpg
Н4.png,https://raw.githubusercontent.com/Richy5959/lastochka_phono/refs/heads/main/catalog_photos/data/tights_socks/Н4.png
Н42.jpg,https://raw.githubusercontent.com/Richy5959/lastochka_phono/refs/heads/main/catalog_photos/data/tights_socks/Н42.jpg
Н43.jpg,https://raw.githubusercontent.com/Richy5959/lastochka_phono/refs/heads/main/catalog_photos/data/tights_socks/Н43.jpg
Н44.jpg,https://raw.githubusercontent.com/Richy5959/lastochka_phono/refs/heads/main/catalog_photos/data/tights_socks/Н44.jpg
Н44_2.jpg,https://raw.githubusercontent.com/Richy5959/lastochka_phono/refs/heads/main/catalog_photos/data/tights_socks/Н44_2.jpg
Н45.jpg,https://raw.githubusercontent.com/Richy5959/lastochka_phono/refs/heads/main/catalog_photos/data/tights_socks/Н45.jpg
Н45_2.jpg,https://raw.githubusercontent.com/Richy5959/lastochka_phono/refs/heads/main/catalog_photos/data/tights_socks/Н45_2.jpg
Н46.jpg,https://raw.githubusercontent.com/Richy5959/lastochka_phono/refs/heads/main/catalog_photos/data/tights_socks/Н46.jpg
Н47.jpg,https://raw.githubusercontent.com/Richy5959/lastochka_phono/refs/heads/main/catalog_photos/data/tights_socks/Н47.jpg
Н48_1.jpg,https://raw.githubusercontent.com/Richy5959/lastochka_phono/refs/heads/main/catalog_photos/data/tights_socks/Н48_1.jpg
Н48_2.jpg,https://raw.githubusercontent.com/Richy5959/lastochka_phono/refs/heads/main/catalog_photos/data/tights_socks/Н48_2.jpg
Н49.jpg,https://raw.githubusercontent.com/Richy5959/lastochka_phono/refs/heads/main/catalog_photos/data/tights_socks/Н49.jpg
Н50_1.jpg,https://raw.githubusercontent.com/Richy5959/lastochka_phono/refs/heads/main/catalog_photos/data/tights_socks/Н50_1.jpg
Н50_2.jpg,https://raw.githubusercontent.com/Richy5959/lastochka_phono/refs/heads/main/catalog_photos/data/tights_socks/Н50_2.jpg
Н51_1.jpg,https://raw.githubusercontent.com/Richy5959/lastochka_phono/refs/heads/main/catalog_photos/data/tights_socks/Н51_1.jpg
Н51_2.jpg,https://raw.githubusercontent.com/Richy5959/lastochka_phono/refs/heads/main/catalog_photos/data/tights_socks/Н51_2.jpg
Н52_1.jpg,https://raw.githubusercontent.com/Richy5959/lastochka_phono/refs/heads/main/catalog_photos/data/tights_socks/Н52_1.jpg
Н52_2.jpg,https://raw.githubusercontent.com/Richy5959/lastochka_phono/refs/heads/main/catalog_photos/data/tights_socks/Н52_2.jpg
Н53.jpg,https://raw.githubusercontent.com/Richy5959/lastochka_phono/refs/heads/main/catalog_photos/data/tights_socks/Н53.jpg
Н54_1.jpg,https://raw.githubusercontent.com/Richy5959/lastochka_phono/refs/heads/main/catalog_photos/data/tights_socks/Н54_1.jpg
Н54_2.jpg,https://raw.githubusercontent.com/Richy5959/lastochka_phono/refs/heads/main/catalog_photos/data/tights_socks/Н54_2.jpg
Т115_1.jpg,https://raw.githubusercontent.com/Richy5959/lastochka_phono/refs/heads/main/catalog_photos/data/trusiki/Т115_1.jpg
Т115_2.jpg,https://raw.githubusercontent.com/Richy5959/lastochka_phono/refs/heads/main/catalog_photos/data/trusiki/Т115_2.jpg
Т115_3.jpg,https://raw.githubusercontent.com/Richy5959/lastochka_phono/refs/heads/main/catalog_photos/data/trusiki/Т115_3.jpg
Т115_4.jpg,https://raw.githubusercontent.com/Richy5959/lastochka_phono/refs/heads/main/catalog_photos/data/trusiki/Т115_4.jpg
Т117_1.jpg,https://raw.githubusercontent.com/Richy5959/lastochka_phono/refs/heads/main/catalog_photos/data/trusiki/Т117_1.jpg
Т117_2.jpg,https://raw.githubusercontent.com/Richy5959/lastochka_phono/refs/heads/main/catalog_photos/data/trusiki/Т117_2.jpg
Т117_3.jpg,https://raw.githubusercontent.com/Richy5959/lastochka_phono/refs/heads/main/catalog_photos/data/trusiki/Т117_3.jpg
Т117_4.jpg,https://raw.githubusercontent.com/Richy5959/lastochka_phono/refs/heads/main/catalog_photos/data/trusiki/Т117_4.jpg
Т121_1.jpg,https://raw.githubusercontent.com/Richy5959/lastochka_phono/refs/heads/main/catalog_photos/data/trusiki/Т121_1.jpg
Т121_2.jpg,https://raw.githubusercontent.com/Richy5959/lastochka_phono/refs/heads/main/catalog_photos/data/trusiki/Т121_2.jpg
Т121_3.jpg,https://raw.githubusercontent.com/Richy5959/lastochka_phono/refs/heads/main/catalog_photos/data/trusiki/Т121_3.jpg
Т121_4.jpg,https://raw.githubusercontent.com/Richy5959/lastochka_phono/refs/heads/main/catalog_photos/data/trusiki/Т121_4.jpg
Т121_5.jpg,https://raw.githubusercontent.com/Richy5959/lastochka_phono/refs/heads/main/catalog_photos/data/trusiki/Т121_5.jpg
Т121_6.jpg,https://raw.githubusercontent.com/Richy5959/lastochka_phono/refs/heads/main/catalog_photos/data/trusiki/Т121_6.jpg
Т122_1.jpg,https://raw.githubusercontent.com/Richy5959/lastochka_phono/refs/heads/main/catalog_photos/data/trusiki/Т122_1.jpg
Т122_2.jpg,https://raw.githubusercontent.com/Richy5959/lastochka_phono/refs/heads/main/catalog_photos/data/trusiki/Т122_2.jpg
Т122_3.jpg,https://raw.githubusercontent.com/Richy5959/lastochka_phono/refs/heads/main/catalog_photos/data/trusiki/Т122_3.jpg
Т122_4.jpg,https://raw.githubusercontent.com/Richy5959/lastochka_phono/refs/heads/main/catalog_photos/data/trusiki/Т122_4.jpg
Т123_1.jpg,https://raw.githubusercontent.com/Richy5959/lastochka_phono/refs/heads/main/catalog_photos/data/trusiki/Т123_1.jpg
Т123_2.jpg,https://raw.githubusercontent.com/Richy5959/lastochka_phono/refs/heads/main/catalog_photos/data/trusiki/Т123_2.jpg
Т123_3.jpg,https://raw.githubusercontent.com/Richy5959/lastochka_phono/refs/heads/main/catalog_photos/data/trusiki/Т123_3.jpg
Т130_1.jpg,https://raw.githubusercontent.com/Richy5959/lastochka_phono/refs/heads/main/catalog_photos/data/trusiki/Т130_1.jpg
Т130_2.jpg,https://raw.githubusercontent.com/Richy5959/lastochka_phono/refs/heads/main/catalog_photos/data/trusiki/Т130_2.jpg
Т130_3.jpg,https://raw.githubusercontent.com/Richy5959/lastochka_phono/refs/heads/main/catalog_photos/data/trusiki/Т130_3.jpg
Т132_1.jpg,https://raw.githubusercontent.com/Richy5959/lastochka_phono/refs/heads/main/catalog_photos/data/trusiki/Т132_1.jpg
Т132_2.jpg,https://raw.githubusercontent.com/Richy5959/lastochka_phono/refs/heads/main/catalog_photos/data/trusiki/Т132_2.jpg
Т132_3.jpg,https://raw.githubusercontent.com/Richy5959/lastochka_phono/refs/heads/main/catalog_photos/data/trusiki/Т132_3.jpg
Т137_1.jpg,https://raw.githubusercontent.com/Richy5959/lastochka_phono/refs/heads/main/catalog_photos/data/trusiki/Т137_1.jpg
Т137_2.jpg,https://raw.githubusercontent.com/Richy5959/lastochka_phono/refs/heads/main/catalog_photos/data/trusiki/Т137_2.jpg
Т137_3.jpg,https://raw.githubusercontent.com/Richy5959/lastochka_phono/refs/heads/main/catalog_photos/data/trusiki/Т137_3.jpg
Т137_4.jpg,https://raw.githubusercontent.com/Richy5959/lastochka_phono/refs/heads/main/catalog_photos/data/trusiki/Т137_4.jpg
Т140_1.jpg,https://raw.githubusercontent.com/Richy5959/lastochka_phono/refs/heads/main/catalog_photos/data/trusiki/Т140_1.jpg
Т140_2.jpg,https://raw.githubusercontent.com/Richy5959/lastochka_phono/refs/heads/main/catalog_photos/data/trusiki/Т140_2.jpg
Т140_3.jpg,https://raw.githubusercontent.com/Richy5959/lastochka_phono/refs/heads/main/catalog_photos/data/trusiki/Т140_3.jpg
Т140_4.jpg,https://raw.githubusercontent.com/Richy5959/lastochka_phono/refs/heads/main/catalog_photos/data/trusiki/Т140_4.jpg
Т151_1.jpg,https://raw.githubusercontent.com/Richy5959/lastochka_phono/refs/heads/main/catalog_photos/data/trusiki/Т151_1.jpg
Т151_2.jpg,https://raw.githubusercontent.com/Richy5959/lastochka_phono/refs/heads/main/catalog_photos/data/trusiki/Т151_2.jpg
Т151_3.jpg,https://raw.githubusercontent.com/Richy5959/lastochka_phono/refs/heads/main/catalog_photos/data/trusiki/Т151_3.jpg
Т151_4.jpg,https://raw.githubusercontent.com/Richy5959/lastochka_phono/refs/heads/main/catalog_photos/data/trusiki/Т151_4.jpg
Т154_1.jpg,https://raw.githubusercontent.com/Richy5959/lastochka_phono/refs/heads/main/catalog_photos/data/trusiki/Т154_1.jpg
Т154_2.jpg,https://raw.githubusercontent.com/Richy5959/lastochka_phono/refs/heads/main/catalog_photos/data/trusiki/Т154_2.jpg
Т159_1.jpg,https://raw.githubusercontent.com/Richy5959/lastochka_phono/refs/heads/main/catalog_photos/data/trusiki/Т159_1.jpg
Т159_2.jpg,https://raw.githubusercontent.com/Richy5959/lastochka_phono/refs/heads/main/catalog_photos/data/trusiki/Т159_2.jpg
Т170.jpg,https://raw.githubusercontent.com/Richy5959/lastochka_phono/refs/heads/main/catalog_photos/data/trusiki/Т170.jpg
Т170_2.jpg,https://raw.githubusercontent.com/Richy5959/lastochka_phono/refs/heads/main/catalog_photos/data/trusiki/Т170_2.jpg
Т170_3.jpg,https://raw.githubusercontent.com/Richy5959/lastochka_phono/refs/heads/main/catalog_photos/data/trusiki/Т170_3.jpg
Т170_4.jpg,https://raw.githubusercontent.com/Richy5959/lastochka_phono/refs/heads/main/catalog_photos/data/trusiki/Т170_4.jpg
Т171_1.jpg,https://raw.githubusercontent.com/Richy5959/lastochka_phono/refs/heads/main/catalog_photos/data/trusiki/Т171_1.jpg
Т171_2.jpg,https://raw.githubusercontent.com/Richy5959/lastochka_phono/refs/heads/main/catalog_photos/data/trusiki/Т171_2.jpg
Т171_3.jpg,https://raw.githubusercontent.com/Richy5959/lastochka_phono/refs/heads/main/catalog_photos/data/trusiki/Т171_3.jpg
Т171_4.jpg,https://raw.githubusercontent.com/Richy5959/lastochka_phono/refs/heads/main/catalog_photos/data/trusiki/Т171_4.jpg
Т172_1.jpg,https://raw.githubusercontent.com/Richy5959/lastochka_phono/refs/heads/main/catalog_photos/data/trusiki/Т172_1.jpg
Т172_2.jpg,https://raw.githubusercontent.com/Richy5959/lastochka_phono/refs/heads/main/catalog_photos/data/trusiki/Т172_2.jpg
Т172_3.jpg,https://raw.githubusercontent.com/Richy5959/lastochka_phono/refs/heads/main/catalog_photos/data/trusiki/Т172_3.jpg
Т172_4.jpg,https://raw.githubusercontent.com/Richy5959/lastochka_phono/refs/heads/main/catalog_photos/data/trusiki/Т172_4.jpg
Т173_1.jpg,https://raw.githubusercontent.com/Richy5959/lastochka_phono/refs/heads/main/catalog_photos/data/trusiki/Т173_1.jpg
Т173_2.jpg,https://raw.githubusercontent.com/Richy5959/lastochka_phono/refs/heads/main/catalog_photos/data/trusiki/Т173_2.jpg
Т173_3.jpg,https://raw.githubusercontent.com/Richy5959/lastochka_phono/refs/heads/main/catalog_photos/data/trusiki/Т173_3.jpg
Т173_4.jpg,https://raw.githubusercontent.com/Richy5959/lastochka_phono/refs/heads/main/catalog_photos/data/trusiki/Т173_4.jpg
Т175_4.jpg,https://raw.githubusercontent.com/Richy5959/lastochka_phono/refs/heads/main/catalog_photos/data/trusiki/Т175_4.jpg
Т175_5.jpg,https://raw.githubusercontent.com/Richy5959/lastochka_phono/refs/heads/main/catalog_photos/data/trusiki/Т175_5.jpg
Т181_1.jpg,https://raw.githubusercontent.com/Richy5959/lastochka_phono/refs/heads/main/catalog_photos/data/trusiki/Т181_1.jpg
Т186_1.jpg,https://raw.githubusercontent.com/Richy5959/lastochka_phono/refs/heads/main/catalog_photos/data/trusiki/Т186_1.jpg
Т186_2.jpg,https://raw.githubusercontent.com/Richy5959/lastochka_phono/refs/heads/main/catalog_photos/data/trusiki/Т186_2.jpg
Т187_1.jpg,https://raw.githubusercontent.com/Richy5959/lastochka_phono/refs/heads/main/catalog_photos/data/trusiki/Т187_1.jpg
Т187_2.jpg,https://raw.githubusercontent.com/Richy5959/lastochka_phono/refs/heads/main/catalog_photos/data/trusiki/Т187_2.jpg
Т188_1.jpg,https://raw.githubusercontent.com/Richy5959/lastochka_phono/refs/heads/main/catalog_photos/data/trusiki/Т188_1.jpg
Т188_2.jpg,https://raw.githubusercontent.com/Richy5959/lastochka_phono/refs/heads/main/catalog_photos/data/trusiki/Т188_2.jpg
Т190_1.jpg,https://raw.githubusercontent.com/Richy5959/lastochka_phono/refs/heads/main/catalog_photos/data/trusiki/Т190_1.jpg
Т190_2.jpg,https://raw.githubusercontent.com/Richy5959/lastochka_phono/refs/heads/main/catalog_photos/data/trusiki/Т190_2.jpg
Т191_1.jpg,https://raw.githubusercontent.com/Richy5959/lastochka_phono/refs/heads/main/catalog_photos/data/trusiki/Т191_1.jpg
Т191_2.jpg,https://raw.githubusercontent.com/Richy5959/lastochka_phono/refs/heads/main/catalog_photos/data/trusiki/Т191_2.jpg
Т193_1.jpg,https://raw.githubusercontent.com/Richy5959/lastochka_phono/refs/heads/main/catalog_photos/data/trusiki/Т193_1.jpg
Т193_2.jpg,https://raw.githubusercontent.com/Richy5959/lastochka_phono/refs/heads/main/catalog_photos/data/trusiki/Т193_2.jpg
Т194_1.jpg,https://raw.githubusercontent.com/Richy5959/lastochka_phono/refs/heads/main/catalog_photos/data/trusiki/Т194_1.jpg
Т194_2.jpg,https://raw.githubusercontent.com/Richy5959/lastochka_phono/refs/heads/main/catalog_photos/data/trusiki/Т194_2.jpg
Т195_1.jpg,https://raw.githubusercontent.com/Richy5959/lastochka_phono/refs/heads/main/catalog_photos/data/trusiki/Т195_1.jpg
Т195_2.jpg,https://raw.githubusercontent.com/Richy5959/lastochka_phono/refs/heads/main/catalog_photos/data/trusiki/Т195_2.jpg
Т196_1.jpg,https://raw.githubusercontent.com/Richy5959/lastochka_phono/refs/heads/main/catalog_photos/data/trusiki/Т196_1.jpg
Т196_2.jpg,https://raw.githubusercontent.com/Richy5959/lastochka_phono/refs/heads/main/catalog_photos/data/trusiki/Т196_2.jpg
Т197_1.jpg,https://raw.githubusercontent.com/Richy5959/lastochka_phono/refs/heads/main/catalog_photos/data/trusiki/Т197_1.jpg
Т197_2.jpg,https://raw.githubusercontent.com/Richy5959/lastochka_phono/refs/heads/main/catalog_photos/data/trusiki/Т197_2.jpg
Т198_1.jpg,https://raw.githubusercontent.com/Richy5959/lastochka_phono/refs/heads/main/catalog_photos/data/trusiki/Т198_1.jpg
Т198_2.jpg,https://raw.githubusercontent.com/Richy5959/lastochka_phono/refs/heads/main/catalog_photos/data/trusiki/Т198_2.jpg
Т19_5.jpg,https://raw.githubusercontent.com/Richy5959/lastochka_phono/refs/heads/main/catalog_photos/data/trusiki/Т19_5.jpg
Т19_6.jpg,https://raw.githubusercontent.com/Richy5959/lastochka_phono/refs/heads/main/catalog_photos/data/trusiki/Т19_6.jpg
Т19_7.jpg,https://raw.githubusercontent.com/Richy5959/lastochka_phono/refs/heads/main/catalog_photos/data/trusiki/Т19_7.jpg
Т232.jpg,https://raw.githubusercontent.com/Richy5959/lastochka_phono/refs/heads/main/catalog_photos/data/trusiki/Т232.jpg
Т233.jpg,https://raw.githubusercontent.com/Richy5959/lastochka_phono/refs/heads/main/catalog_photos/data/trusiki/Т233.jpg
Т237_1.jpg,https://raw.githubusercontent.com/Richy5959/lastochka_phono/refs/heads/main/catalog_photos/data/trusiki/Т237_1.jpg
Т237_2.jpg,https://raw.githubusercontent.com/Richy5959/lastochka_phono/refs/heads/main/catalog_photos/data/trusiki/Т237_2.jpg
Т237_3.jpg,https://raw.githubusercontent.com/Richy5959/lastochka_phono/refs/heads/main/catalog_photos/data/trusiki/Т237_3.jpg
Т238_1.jpg,https://raw.githubusercontent.com/Richy5959/lastochka_phono/refs/heads/main/catalog_photos/data/trusiki/Т238_1.jpg
Т238_2.jpg,https://raw.githubusercontent.com/Richy5959/lastochka_phono/refs/heads/main/catalog_photos/data/trusiki/Т238_2.jpg
Т238_3.jpg,https://raw.githubusercontent.com/Richy5959/lastochka_phono/refs/heads/main/catalog_photos/data/trusiki/Т238_3.jpg
Т238_4.jpg,https://raw.githubusercontent.com/Richy5959/lastochka_phono/refs/heads/main/catalog_photos/data/trusiki/Т238_4.jpg
Т238_5.jpg,https://raw.githubusercontent.com/Richy5959/lastochka_phono/refs/heads/main/catalog_photos/data/trusiki/Т238_5.jpg
Т247_1.jpg,https://raw.githubusercontent.com/Richy5959/lastochka_phono/refs/heads/main/catalog_photos/data/trusiki/Т247_1.jpg
Т247_2.jpg,https://raw.githubusercontent.com/Richy5959/lastochka_phono/refs/heads/main/catalog_photos/data/trusiki/Т247_2.jpg
Т247_3.jpg,https://raw.githubusercontent.com/Richy5959/lastochka_phono/refs/heads/main/catalog_photos/data/trusiki/Т247_3.jpg
Т249_1.jpg,https://raw.githubusercontent.com/Richy5959/lastochka_phono/refs/heads/main/catalog_photos/data/trusiki/Т249_1.jpg
Т249_2.jpg,https://raw.githubusercontent.com/Richy5959/lastochka_phono/refs/heads/main/catalog_photos/data/trusiki/Т249_2.jpg
Т250_1.jpg,https://raw.githubusercontent.com/Richy5959/lastochka_phono/refs/heads/main/catalog_photos/data/trusiki/Т250_1.jpg
Т250_2.jpg,https://raw.githubusercontent.com/Richy5959/lastochka_phono/refs/heads/main/catalog_photos/data/trusiki/Т250_2.jpg
Т251_1.jpg,https://raw.githubusercontent.com/Richy5959/lastochka_phono/refs/heads/main/catalog_photos/data/trusiki/Т251_1.jpg
Т251_2.jpg,https://raw.githubusercontent.com/Richy5959/lastochka_phono/refs/heads/main/catalog_photos/data/trusiki/Т251_2.jpg
Т251_3.jpg,https://raw.githubusercontent.com/Richy5959/lastochka_phono/refs/heads/main/catalog_photos/data/trusiki/Т251_3.jpg
Т251_4.jpg,https://raw.githubusercontent.com/Richy5959/lastochka_phono/refs/heads/main/catalog_photos/data/trusiki/Т251_4.jpg
Т252_1.jpg,https://raw.githubusercontent.com/Richy5959/lastochka_phono/refs/heads/main/catalog_photos/data/trusiki/Т252_1.jpg
Т252_2.jpg,https://raw.githubusercontent.com/Richy5959/lastochka_phono/refs/heads/main/catalog_photos/data/trusiki/Т252_2.jpg
Т253.jpg,https://raw.githubusercontent.com/Richy5959/lastochka_phono/refs/heads/main/catalog_photos/data/trusiki/Т253.jpg
Т254.jpg,https://raw.githubusercontent.com/Richy5959/lastochka_phono/refs/heads/main/catalog_photos/data/trusiki/Т254.jpg
Т254_3.jpg,https://raw.githubusercontent.com/Richy5959/lastochka_phono/refs/heads/main/catalog_photos/data/trusiki/Т254_3.jpg
Т256.jpg,https://raw.githubusercontent.com/Richy5959/lastochka_phono/refs/heads/main/catalog_photos/data/trusiki/Т256.jpg
Т257.jpg,https://raw.githubusercontent.com/Richy5959/lastochka_phono/refs/heads/main/catalog_photos/data/trusiki/Т257.jpg
Т258.jpg,https://raw.githubusercontent.com/Richy5959/lastochka_phono/refs/heads/main/catalog_photos/data/trusiki/Т258.jpg
Т259_0.jpg,https://raw.githubusercontent.com/Richy5959/lastochka_phono/refs/heads/main/catalog_photos/data/trusiki/Т259_0.jpg
Т259_1.jpg,https://raw.githubusercontent.com/Richy5959/lastochka_phono/refs/heads/main/catalog_photos/data/trusiki/Т259_1.jpg
Т260_1.jpg,https://raw.githubusercontent.com/Richy5959/lastochka_phono/refs/heads/main/catalog_photos/data/trusiki/Т260_1.jpg
Т260_2.jpg,https://raw.githubusercontent.com/Richy5959/lastochka_phono/refs/heads/main/catalog_photos/data/trusiki/Т260_2.jpg
Т267.jpg,https://raw.githubusercontent.com/Richy5959/lastochka_phono/refs/heads/main/catalog_photos/data/trusiki/Т267.jpg
Т26_5.jpg,https://raw.githubusercontent.com/Richy5959/lastochka_phono/refs/heads/main/catalog_photos/data/trusiki/Т26_5.jpg
Т270.jpg,https://raw.githubusercontent.com/Richy5959/lastochka_phono/refs/heads/main/catalog_photos/data/trusiki/Т270.jpg
Т277.jpg,https://raw.githubusercontent.com/Richy5959/lastochka_phono/refs/heads/main/catalog_photos/data/trusiki/Т277.jpg
Т277_2.jpg,https://raw.githubusercontent.com/Richy5959/lastochka_phono/refs/heads/main/catalog_photos/data/trusiki/Т277_2.jpg
Т278.jpg,https://raw.githubusercontent.com/Richy5959/lastochka_phono/refs/heads/main/catalog_photos/data/trusiki/Т278.jpg
Т279_3.jpg,https://raw.githubusercontent.com/Richy5959/lastochka_phono/refs/heads/main/catalog_photos/data/trusiki/Т279_3.jpg
Т280.jpg,https://raw.githubusercontent.com/Richy5959/lastochka_phono/refs/heads/main/catalog_photos/data/trusiki/Т280.jpg
Т280_0.jpeg,https://raw.githubusercontent.com/Richy5959/lastochka_phono/refs/heads/main/catalog_photos/data/trusiki/Т280_0.jpeg
Т280_1.jpg,https://raw.githubusercontent.com/Richy5959/lastochka_phono/refs/heads/main/catalog_photos/data/trusiki/Т280_1.jpg
Т280_3.jpg,https://raw.githubusercontent.com/Richy5959/lastochka_phono/refs/heads/main/catalog_photos/data/trusiki/Т280_3.jpg
Т283.jpg,https://raw.githubusercontent.com/Richy5959/lastochka_phono/refs/heads/main/catalog_photos/data/trusiki/Т283.jpg
Т285.jpg,https://raw.githubusercontent.com/Richy5959/lastochka_phono/refs/heads/main/catalog_photos/data/trusiki/Т285.jpg
Т286_1.jpg,https://raw.githubusercontent.com/Richy5959/lastochka_phono/refs/heads/main/catalog_photos/data/trusiki/Т286_1.jpg
Т286_2.jpg,https://raw.githubusercontent.com/Richy5959/lastochka_phono/refs/heads/main/catalog_photos/data/trusiki/Т286_2.jpg
Т288_1.jpg,https://raw.githubusercontent.com/Richy5959/lastochka_phono/refs/heads/main/catalog_photos/data/trusiki/Т288_1.jpg
Т288_2.jpg,https://raw.githubusercontent.com/Richy5959/lastochka_phono/refs/heads/main/catalog_photos/data/trusiki/Т288_2.jpg
Т288_3.jpg,https://raw.githubusercontent.com/Richy5959/lastochka_phono/refs/heads/main/catalog_photos/data/trusiki/Т288_3.jpg
Т295_1.jpg,https://raw.githubusercontent.com/Richy5959/lastochka_phono/refs/heads/main/catalog_photos/data/trusiki/Т295_1.jpg
Т295_2.jpg,https://raw.githubusercontent.com/Richy5959/lastochka_phono/refs/heads/main/catalog_photos/data/trusiki/Т295_2.jpg
Т296_1.jpg,https://raw.githubusercontent.com/Richy5959/lastochka_phono/refs/heads/main/catalog_photos/data/trusiki/Т296_1.jpg
Т296_2.jpg,https://raw.githubusercontent.com/Richy5959/lastochka_phono/refs/heads/main/catalog_photos/data/trusiki/Т296_2.jpg
Т297_1.jpg,https://raw.githubusercontent.com/Richy5959/lastochka_phono/refs/heads/main/catalog_photos/data/trusiki/Т297_1.jpg
Т297_2.jpg,https://raw.githubusercontent.com/Richy5959/lastochka_phono/refs/heads/main/catalog_photos/data/trusiki/Т297_2.jpg
Т298_1.jpg,https://raw.githubusercontent.com/Richy5959/lastochka_phono/refs/heads/main/catalog_photos/data/trusiki/Т298_1.jpg
Т298_2.jpg,https://raw.githubusercontent.com/Richy5959/lastochka_phono/refs/heads/main/catalog_photos/data/trusiki/Т298_2.jpg
Т299_1.jpg,https://raw.githubusercontent.com/Richy5959/lastochka_phono/refs/heads/main/catalog_photos/data/trusiki/Т299_1.jpg
Т299_2.jpg,https://raw.githubusercontent.com/Richy5959/lastochka_phono/refs/heads/main/catalog_photos/data/trusiki/Т299_2.jpg
Т300_1.jpg,https://raw.githubusercontent.com/Richy5959/lastochka_phono/refs/heads/main/catalog_photos/data/trusiki/Т300_1.jpg
Т300_2.jpg,https://raw.githubusercontent.com/Richy5959/lastochka_phono/refs/heads/main/catalog_photos/data/trusiki/Т300_2.jpg
Т302_1.jpg,https://raw.githubusercontent.com/Richy5959/lastochka_phono/refs/heads/main/catalog_photos/data/trusiki/Т302_1.jpg
Т302_2.jpg,https://raw.githubusercontent.com/Richy5959/lastochka_phono/refs/heads/main/catalog_photos/data/trusiki/Т302_2.jpg
Т303_1.jpg,https://raw.githubusercontent.com/Richy5959/lastochka_phono/refs/heads/main/catalog_photos/data/trusiki/Т303_1.jpg
Т303_2.jpg,https://raw.githubusercontent.com/Richy5959/lastochka_phono/refs/heads/main/catalog_photos/data/trusiki/Т303_2.jpg
Т308_1.jpg,https://raw.githubusercontent.com/Richy5959/lastochka_phono/refs/heads/main/catalog_photos/data/trusiki/Т308_1.jpg
Т312_1.jpg,https://raw.githubusercontent.com/Richy5959/lastochka_phono/refs/heads/main/catalog_photos/data/trusiki/Т312_1.jpg
Т312_2.jpg,https://raw.githubusercontent.com/Richy5959/lastochka_phono/refs/heads/main/catalog_photos/data/trusiki/Т312_2.jpg
Т313_1.jpg,https://raw.githubusercontent.com/Richy5959/lastochka_phono/refs/heads/main/catalog_photos/data/trusiki/Т313_1.jpg
Т313_2.jpg,https://raw.githubusercontent.com/Richy5959/lastochka_phono/refs/heads/main/catalog_photos/data/trusiki/Т313_2.jpg
Т318.jpg,https://raw.githubusercontent.com/Richy5959/lastochka_phono/refs/heads/main/catalog_photos/data/trusiki/Т318.jpg
Т319.jpg,https://raw.githubusercontent.com/Richy5959/lastochka_phono/refs/heads/main/catalog_photos/data/trusiki/Т319.jpg
Т320_1.jpg,https://raw.githubusercontent.com/Richy5959/lastochka_phono/refs/heads/main/catalog_photos/data/trusiki/Т320_1.jpg
Т320_2.jpg,https://raw.githubusercontent.com/Richy5959/lastochka_phono/refs/heads/main/catalog_photos/data/trusiki/Т320_2.jpg
Т321.jpg,https://raw.githubusercontent.com/Richy5959/lastochka_phono/refs/heads/main/catalog_photos/data/trusiki/Т321.jpg
Т322.jpg,https://raw.githubusercontent.com/Richy5959/lastochka_phono/refs/heads/main/catalog_photos/data/trusiki/Т322.jpg
Т324_1.jpg,https://raw.githubusercontent.com/Richy5959/lastochka_phono/refs/heads/main/catalog_photos/data/trusiki/Т324_1.jpg
Т324_2.jpg,https://raw.githubusercontent.com/Richy5959/lastochka_phono/refs/heads/main/catalog_photos/data/trusiki/Т324_2.jpg
Т327_1.jpg,https://raw.githubusercontent.com/Richy5959/lastochka_phono/refs/heads/main/catalog_photos/data/trusiki/Т327_1.jpg
Т327_2.jpg,https://raw.githubusercontent.com/Richy5959/lastochka_phono/refs/heads/main/catalog_photos/data/trusiki/Т327_2.jpg
Т331.jpg,https://raw.githubusercontent.com/Richy5959/lastochka_phono/refs/heads/main/catalog_photos/data/trusiki/Т331.jpg
Т332.jpg,https://raw.githubusercontent.com/Richy5959/lastochka_phono/refs/heads/main/catalog_photos/data/trusiki/Т332.jpg
Т350_0.jpg,https://raw.githubusercontent.com/Richy5959/lastochka_phono/refs/heads/main/catalog_photos/data/trusiki/Т350_0.jpg
Т350_1.jpg,https://raw.githubusercontent.com/Richy5959/lastochka_phono/refs/heads/main/catalog_photos/data/trusiki/Т350_1.jpg
Т351_0.jpg,https://raw.githubusercontent.com/Richy5959/lastochka_phono/refs/heads/main/catalog_photos/data/trusiki/Т351_0.jpg
Т351_1.jpg,https://raw.githubusercontent.com/Richy5959/lastochka_phono/refs/heads/main/catalog_photos/data/trusiki/Т351_1.jpg
Т352_0.jpg,https://raw.githubusercontent.com/Richy5959/lastochka_phono/refs/heads/main/catalog_photos/data/trusiki/Т352_0.jpg
Т352_1.jpg,https://raw.githubusercontent.com/Richy5959/lastochka_phono/refs/heads/main/catalog_photos/data/trusiki/Т352_1.jpg
Т355.jpg,https://raw.githubusercontent.com/Richy5959/lastochka_phono/refs/heads/main/catalog_photos/data/trusiki/Т355.jpg
Т356_1.jpg,https://raw.githubusercontent.com/Richy5959/lastochka_phono/refs/heads/main/catalog_photos/data/trusiki/Т356_1.jpg
Т356_2.jpg,https://raw.githubusercontent.com/Richy5959/lastochka_phono/refs/heads/main/catalog_photos/data/trusiki/Т356_2.jpg
Т357_1.jpg,https://raw.githubusercontent.com/Richy5959/lastochka_phono/refs/heads/main/catalog_photos/data/trusiki/Т357_1.jpg
Т357_2.jpg,https://raw.githubusercontent.com/Richy5959/lastochka_phono/refs/heads/main/catalog_photos/data/trusiki/Т357_2.jpg
Т358.jpg,https://raw.githubusercontent.com/Richy5959/lastochka_phono/refs/heads/main/catalog_photos/data/trusiki/Т358.jpg
Т359.jpg,https://raw.githubusercontent.com/Richy5959/lastochka_phono/refs/heads/main/catalog_photos/data/trusiki/Т359.jpg
Т360.jpg,https://raw.githubusercontent.com/Richy5959/lastochka_phono/refs/heads/main/catalog_photos/data/trusiki/Т360.jpg
Т361_1.jpg,https://raw.githubusercontent.com/Richy5959/lastochka_phono/refs/heads/main/catalog_photos/data/trusiki/Т361_1.jpg
Т361_2.jpg,https://raw.githubusercontent.com/Richy5959/lastochka_phono/refs/heads/main/catalog_photos/data/trusiki/Т361_2.jpg
Т375.jpg,https://raw.githubusercontent.com/Richy5959/lastochka_phono/refs/heads/main/catalog_photos/data/trusiki/Т375.jpg
Т377.jpg,https://raw.githubusercontent.com/Richy5959/lastochka_phono/refs/heads/main/catalog_photos/data/trusiki/Т377.jpg
Т385_1.jpg,https://raw.githubusercontent.com/Richy5959/lastochka_phono/refs/heads/main/catalog_photos/data/trusiki/Т385_1.jpg
Т385_2.jpg,https://raw.githubusercontent.com/Richy5959/lastochka_phono/refs/heads/main/catalog_photos/data/trusiki/Т385_2.jpg
Т93_1.jpg,https://raw.githubusercontent.com/Richy5959/lastochka_phono/refs/heads/main/catalog_photos/data/trusiki/Т93_1.jpg
Т93_2.jpg,https://raw.githubusercontent.com/Richy5959/lastochka_phono/refs/heads/main/catalog_photos/data/trusiki/Т93_2.jpg
Т1_3.jpg,https://raw.githubusercontent.com/Richy5959/lastochka_phono/refs/heads/main/catalog_photos/data/trusy/Т1_3.jpg
Т1_4.jpg,https://raw.githubusercontent.com/Richy5959/lastochka_phono/refs/heads/main/catalog_photos/data/trusy/Т1_4.jpg
Т1_5.jpg,https://raw.githubusercontent.com/Richy5959/lastochka_phono/refs/heads/main/catalog_photos/data/trusy/Т1_5.jpg
Т253_6.jpg,https://raw.githubusercontent.com/Richy5959/lastochka_phono/refs/heads/main/catalog_photos/data/trusy/Т253_6.jpg
Т289_0.jpg,https://raw.githubusercontent.com/Richy5959/lastochka_phono/refs/heads/main/catalog_photos/data/trusy/Т289_0.jpg
Т289_1.jpg,https://raw.githubusercontent.com/Richy5959/lastochka_phono/refs/heads/main/catalog_photos/data/trusy/Т289_1.jpg
Т289_2.jpg,https://raw.githubusercontent.com/Richy5959/lastochka_phono/refs/heads/main/catalog_photos/data/trusy/Т289_2.jpg
Т306.jpg,https://raw.githubusercontent.com/Richy5959/lastochka_phono/refs/heads/main/catalog_photos/data/trusy/Т306.jpg
Т329.jpg,https://raw.githubusercontent.com/Richy5959/lastochka_phono/refs/heads/main/catalog_photos/data/trusy/Т329.jpg
Т362.jpg,https://raw.githubusercontent.com/Richy5959/lastochka_phono/refs/heads/main/catalog_photos/data/trusy/Т362.jpg
Т363_1.jpg,https://raw.githubusercontent.com/Richy5959/lastochka_phono/refs/heads/main/catalog_photos/data/trusy/Т363_1.jpg
Т363_2.jpg,https://raw.githubusercontent.com/Richy5959/lastochka_phono/refs/heads/main/catalog_photos/data/trusy/Т363_2.jpg
Т367_1.jpg,https://raw.githubusercontent.com/Richy5959/lastochka_phono/refs/heads/main/catalog_photos/data/trusy/Т367_1.jpg
Т367_2.jpg,https://raw.githubusercontent.com/Richy5959/lastochka_phono/refs/heads/main/catalog_photos/data/trusy/Т367_2.jpg
Т371.jpg,https://raw.githubusercontent.com/Richy5959/lastochka_phono/refs/heads/main/catalog_photos/data/trusy/Т371.jpg
Т373_1.jpg,https://raw.githubusercontent.com/Richy5959/lastochka_phono/refs/heads/main/catalog_photos/data/trusy/Т373_1.jpg
Т373_2.jpg,https://raw.githubusercontent.com/Richy5959/lastochka_phono/refs/heads/main/catalog_photos/data/trusy/Т373_2.jpg
Т374_1.jpg,https://raw.githubusercontent.com/Richy5959/lastochka_phono/refs/heads/main/catalog_photos/data/trusy/Т374_1.jpg
Т374_2.jpg,https://raw.githubusercontent.com/Richy5959/lastochka_phono/refs/heads/main/catalog_photos/data/trusy/Т374_2.jpg
Т381_1.jpg,https://raw.githubusercontent.com/Richy5959/lastochka_phono/refs/heads/main/catalog_photos/data/trusy/Т381_1.jpg
Т381_2.jpg,https://raw.githubusercontent.com/Richy5959/lastochka_phono/refs/heads/main/catalog_photos/data/trusy/Т381_2.jpg
Т382.jpg,https://raw.githubusercontent.com/Richy5959/lastochka_phono/refs/heads/main/catalog_photos/data/trusy/Т382.jpg
Т383.jpg,https://raw.githubusercontent.com/Richy5959/lastochka_phono/refs/heads/main/catalog_photos/data/trusy/Т383.jpg
Т384.jpg,https://raw.githubusercontent.com/Richy5959/lastochka_phono/refs/heads/main/catalog_photos/data/trusy/Т384.jpg
